😀	Smileys & Emotion	grinning face	cheerful | cheery | face | grin | grinning | happy | laugh | nice | smile | smiling | teeth
😃	Smileys & Emotion	grinning face with big eyes	awesome | big | eyes | face | grin | grinning | happy | mouth | open | smile | smiling | teeth | yay
😄	Smileys & Emotion	grinning face with smiling eyes	eye | eyes | face | grin | grinning | happy | laugh | lol | mouth | open | smile | smiling
😁	Smileys & Emotion	beaming face with smiling eyes	beaming | eye | eyes | face | grin | grinning | happy | nice | smile | smiling | teeth
😆	Smileys & Emotion	grinning squinting face	closed | eyes | face | grinning | haha | hahaha | happy | laugh | lol | mouth | open | rofl | smile | smiling | squinting
😅	Smileys & Emotion	grinning face with sweat	cold | dejected | excited | face | grinning | mouth | nervous | open | smile | smiling | stress | stressed | sweat
🤣	Smileys & Emotion	rolling on the floor laughing	crying | face | floor | funny | haha | happy | hehe | hilarious | joy | laugh | lmao | lol | rofl | roflmao | rolling | tear
😂	Smileys & Emotion	face with tears of joy	crying | face | feels | funny | haha | happy | hehe | hilarious | joy | laugh | lmao | lol | rofl | roflmao | tear
🙂	Smileys & Emotion	slightly smiling face	face | happy | slightly | smile | smiling
🙃	Smileys & Emotion	upside-down face	face | hehe | smile | upside-down | upside down | upside-down face
🫠	Smileys & Emotion	melting face	disappear | dissolve | embarrassed | face | haha | heat | hot | liquid | lol | melt | melting | sarcasm | sarcastic
😉	Smileys & Emotion	winking face	face | flirt | heartbreaker | sexy | slide | tease | wink | winking | winks
😊	Smileys & Emotion	smiling face with smiling eyes	blush | eye | eyes | face | glad | satisfied | smile | smiling
😇	Smileys & Emotion	smiling face with halo	angel | angelic | angels | blessed | face | fairy | fairytale | fantasy | halo | happy | innocent | peaceful | smile | smiling | spirit | tale
🥰	Smileys & Emotion	smiling face with hearts	3 | adore | crush | face | heart | hearts | ily | love | romance | smile | smiling | you
😍	Smileys & Emotion	smiling face with heart-eyes	143 | bae | eye | face | feels | heart-eyes | hearts | ily | kisses | love | romance | romantic | smile | xoxo | smiling face with heart eyes | smiling face with heart-eyes
🤩	Smileys & Emotion	star-struck	excited | eyes | face | grinning | smile | star | star-struck | starry-eyed | wow
😘	Smileys & Emotion	face blowing a kiss	adorbs | bae | blowing | face | flirt | heart | ily | kiss | love | lover | miss | muah | romantic | smooch | xoxo | you | mwah
😗	Smileys & Emotion	kissing face	143 | date | dating | face | flirt | ily | kiss | love | smooch | smooches | xoxo | you
☺️	Smileys & Emotion	smiling face	
☺	Smileys & Emotion	smiling face	face | happy | outlined | relaxed | smile | smiling
😚	Smileys & Emotion	kissing face with closed eyes	143 | bae | blush | closed | date | dating | eye | eyes | face | flirt | ily | kisses | kissing | smooches | xoxo
😙	Smileys & Emotion	kissing face with smiling eyes	143 | closed | date | dating | eye | eyes | face | flirt | ily | kiss | kisses | kissing | love | night | smile | smiling
🥲	Smileys & Emotion	smiling face with tear	face | glad | grateful | happy | joy | pain | proud | relieved | smile | smiley | smiling | tear | touched
😋	Smileys & Emotion	face savoring food	delicious | eat | face | food | full | hungry | savor | smile | smiling | tasty | um | yum | yummy | face savouring food | savouring | savoring
😛	Smileys & Emotion	face with tongue	awesome | cool | face | nice | party | stuck-out | sweet | tongue
😜	Smileys & Emotion	winking face with tongue	crazy | epic | eye | face | funny | joke | loopy | nutty | party | stuck-out | tongue | wacky | weirdo | wink | winking | yolo
🤪	Smileys & Emotion	zany face	crazy | eye | eyes | face | goofy | large | small | zany
😝	Smileys & Emotion	squinting face with tongue	closed | eye | eyes | face | gross | horrible | omg | squinting | stuck-out | taste | tongue | whatever | yolo
🤑	Smileys & Emotion	money-mouth face	face | money | money-mouth | mouth | paid
🤗	Smileys & Emotion	smiling face with open hands	face | hands | hug | hugging | open | smiling
🤭	Smileys & Emotion	face with hand over mouth	face | giggle | giggling | hand | mouth | oops | realization | secret | shock | sudden | surprise | whoops | embarrassed | realisation | face with hand over mouth
🫢	Smileys & Emotion	face with open eyes and hand over mouth	amazement | awe | disbelief | embarrass | eyes | face | gasp | hand | mouth | omg | open | over | quiet | scared | shock | surprise
🫣	Smileys & Emotion	face with peeking eye	captivated | embarrass | eye | face | hide | hiding | peek | peeking | peep | scared | shy | stare
🤫	Smileys & Emotion	shushing face	face | quiet | shh | shush | shushing | shooshing face | shushing face
🤔	Smileys & Emotion	thinking face	chin | consider | face | hmm | ponder | pondering | thinking | wondering
🫡	Smileys & Emotion	saluting face	face | good | luck | ma’am | ok | respect | salute | saluting | sir | troops | yes
🤐	Smileys & Emotion	zipper-mouth face	face | keep | mouth | quiet | secret | shut | zip | zipper | zipper-mouth
🤨	Smileys & Emotion	face with raised eyebrow	disapproval | disbelief | distrust | emoji | eyebrow | face | hmm | mild | raised | skeptic | skeptical | skepticism | surprise | what | sceptic | sceptical | scepticism
😐	Smileys & Emotion	neutral face	awkward | blank | deadpan | expressionless | face | fine | jealous | meh | neutral | oh | shade | straight | unamused | unhappy | unimpressed | whatever
😑	Smileys & Emotion	expressionless face	awkward | dead | expressionless | face | fine | inexpressive | jealous | meh | not | oh | omg | straight | uh | unhappy | unimpressed | whatever
😶	Smileys & Emotion	face without mouth	awkward | blank | expressionless | face | mouth | mouthless | mute | quiet | secret | silence | silent | speechless
🫥	Smileys & Emotion	dotted line face	depressed | disappear | dotted | face | hidden | hide | introvert | invisible | line | meh | whatever | wtv | dotted line face | dotted-line face
😶‍🌫️	Smileys & Emotion	face in clouds	
😶‍🌫	Smileys & Emotion	face in clouds	absentminded | clouds | face | fog | head | absent-minded | face in clouds | face in the fog | head in clouds
😏	Smileys & Emotion	smirking face	boss | dapper | face | flirt | homie | kidding | leer | shade | slick | sly | smirk | smug | snicker | suave | suspicious | swag
😒	Smileys & Emotion	unamused face	... | bored | face | fine | jealous | jel | jelly | pissed | smh | ugh | uhh | unamused | unhappy | weird | whatever
🙄	Smileys & Emotion	face with rolling eyes	eyeroll | eyes | face | rolling | shade | ugh | whatever
😬	Smileys & Emotion	grimacing face	awk | awkward | dentist | face | grimace | grimacing | grinning | smile | smiling
😮‍💨	Smileys & Emotion	face exhaling	blow | blowing | exhale | exhaling | exhausted | face | gasp | groan | relief | sigh | smiley | smoke | whisper | whistle
🤥	Smileys & Emotion	lying face	face | liar | lie | lying | pinocchio | lying face | pinocchio
🫨	Smileys & Emotion	shaking face	crazy | daze | earthquake | face | omg | panic | shaking | shock | surprise | vibrate | whoa | wow
🙂‍↔️	Smileys & Emotion	head shaking horizontally	
🙂‍↔	Smileys & Emotion	head shaking horizontally	head | horizontally | no | shake | shaking
🙂‍↕️	Smileys & Emotion	head shaking vertically	
🙂‍↕	Smileys & Emotion	head shaking vertically	head | nod | shaking | vertically | yes
😌	Smileys & Emotion	relieved face	calm | face | peace | relief | relieved | zen
😔	Smileys & Emotion	pensive face	awful | bored | dejected | died | disappointed | face | losing | lost | pensive | sad | sucks
😪	Smileys & Emotion	sleepy face	crying | face | good | night | sad | sleep | sleeping | sleepy | tired
🤤	Smileys & Emotion	drooling face	drooling | face
😴	Smileys & Emotion	sleeping face	bed | bedtime | face | good | goodnight | nap | night | sleep | sleeping | tired | whatever | yawn | zzz | good night | sleeping face | zzz
🫩	Smileys & Emotion	face with bags under eyes	bags | bored | exhausted | eyes | face | fatigued | late | sleepy | tired | weary
😷	Smileys & Emotion	face with medical mask	cold | dentist | dermatologist | doctor | dr | face | germs | mask | medical | medicine | sick | poorly | face with medical mask | ill
🤒	Smileys & Emotion	face with thermometer	face | ill | sick | thermometer
🤕	Smileys & Emotion	face with head-bandage	bandage | face | head-bandage | hurt | injury | ouch | face with head bandage | face with head-bandage
🤢	Smileys & Emotion	nauseated face	face | gross | nasty | nauseated | sick | vomit
🤮	Smileys & Emotion	face vomiting	barf | ew | face | gross | puke | sick | spew | throw | up | vomit | vomiting
🤧	Smileys & Emotion	sneezing face	face | fever | flu | gesundheit | sick | sneeze | sneezing | bless you | sneezing face
🥵	Smileys & Emotion	hot face	dying | face | feverish | heat | hot | panting | red-faced | stroke | sweating | tongue | flushed | heat stroke | hot face
🥶	Smileys & Emotion	cold face	blue | blue-faced | cold | face | freezing | frostbite | icicles | subzero | teeth
🥴	Smileys & Emotion	woozy face	dizzy | drunk | eyes | face | intoxicated | mouth | tipsy | uneven | wavy | woozy
😵	Smileys & Emotion	face with crossed-out eyes	crossed-out | dead | dizzy | eyes | face | feels | knocked | out | sick | tired
😵‍💫	Smileys & Emotion	face with spiral eyes	confused | dizzy | eyes | face | hypnotized | omg | smiley | spiral | trouble | whoa | woah | woozy | hypnotised
🤯	Smileys & Emotion	exploding head	blown | explode | exploding | head | mind | mindblown | no | shocked | way
🤠	Smileys & Emotion	cowboy hat face	cowboy | cowgirl | face | hat | face with cowboy hat
🥳	Smileys & Emotion	partying face	bday | birthday | celebrate | celebration | excited | face | happy | hat | hooray | horn | party | partying
🥸	Smileys & Emotion	disguised face	disguise | eyebrow | face | glasses | incognito | moustache | mustache | nose | person | spy | tache | tash
😎	Smileys & Emotion	smiling face with sunglasses	awesome | beach | bright | bro | chilling | cool | face | rad | relaxed | shades | slay | smile | style | sunglasses | swag | win
🤓	Smileys & Emotion	nerd face	brainy | clever | expert | face | geek | gifted | glasses | intelligent | nerd | smart
🧐	Smileys & Emotion	face with monocle	classy | face | fancy | monocle | rich | stuffy | wealthy
😕	Smileys & Emotion	confused face	befuddled | confused | confusing | dunno | face | frown | hm | meh | not | sad | sorry | sure
🫤	Smileys & Emotion	face with diagonal mouth	confused | confusion | diagonal | disappointed | doubt | doubtful | face | frustrated | frustration | meh | mouth | skeptical | unsure | whatever | wtv | face with diagonal mouth | sceptical
😟	Smileys & Emotion	worried face	anxious | butterflies | face | nerves | nervous | sad | stress | stressed | surprised | worried | worry
🙁	Smileys & Emotion	slightly frowning face	face | frown | frowning | sad | slightly
☹️	Smileys & Emotion	frowning face	
☹	Smileys & Emotion	frowning face	face | frown | frowning | sad
😮	Smileys & Emotion	face with open mouth	believe | face | forgot | mouth | omg | open | shocked | surprised | sympathy | unbelievable | unreal | whoa | wow | you | woah
😯	Smileys & Emotion	hushed face	epic | face | hushed | omg | stunned | surprised | whoa | woah
😲	Smileys & Emotion	astonished face	astonished | cost | face | no | omg | shocked | totally | way
😳	Smileys & Emotion	flushed face	amazed | awkward | crazy | dazed | dead | disbelief | embarrassed | face | flushed | geez | heat | hot | impressed | jeez | what | wow
🥺	Smileys & Emotion	pleading face	begging | big | eyes | face | mercy | not | pleading | please | pretty | puppy | sad | why
🥹	Smileys & Emotion	face holding back tears	admiration | aww | back | cry | embarrassed | face | feelings | grateful | gratitude | holding | joy | please | proud | resist | sad | tears
😦	Smileys & Emotion	frowning face with open mouth	caught | face | frown | frowning | guard | mouth | open | scared | scary | surprise | what | wow
😧	Smileys & Emotion	anguished face	anguished | face | forgot | scared | scary | stressed | surprise | unhappy | what | wow
😨	Smileys & Emotion	fearful face	afraid | anxious | blame | face | fear | fearful | scared | worried
😰	Smileys & Emotion	anxious face with sweat	anxious | blue | cold | eek | face | mouth | nervous | open | rushed | scared | sweat | yikes
😥	Smileys & Emotion	sad but relieved face	anxious | call | close | complicated | disappointed | face | not | relieved | sad | sweat | time | whew
😢	Smileys & Emotion	crying face	awful | cry | crying | face | feels | miss | sad | tear | triste | unhappy
😭	Smileys & Emotion	loudly crying face	bawling | cry | crying | face | loudly | sad | sob | tear | tears | unhappy
😱	Smileys & Emotion	face screaming in fear	epic | face | fear | fearful | munch | scared | scream | screamer | screaming | shocked | surprised | woah | face screaming in fear | munch
😖	Smileys & Emotion	confounded face	annoyed | confounded | confused | cringe | distraught | face | feels | frustrated | mad | sad
😣	Smileys & Emotion	persevering face	concentrate | concentration | face | focus | headache | persevere | persevering
😞	Smileys & Emotion	disappointed face	awful | blame | dejected | disappointed | face | fail | losing | sad | unhappy
😓	Smileys & Emotion	downcast face with sweat	close | cold | downcast | face | feels | headache | nervous | sad | scared | sweat | yikes
😩	Smileys & Emotion	weary face	crying | face | fail | feels | hungry | mad | nooo | sad | sleepy | tired | unhappy | weary
😫	Smileys & Emotion	tired face	cost | face | feels | nap | sad | sneeze | tired
🥱	Smileys & Emotion	yawning face	bedtime | bored | face | goodnight | nap | night | sleep | sleepy | tired | whatever | yawn | yawning | zzz
😤	Smileys & Emotion	face with steam from nose	anger | angry | face | feels | fume | fuming | furious | fury | mad | nose | steam | triumph | unhappy | won | frustration | face with steam from nose
😡	Smileys & Emotion	enraged face	anger | angry | enraged | face | feels | mad | maddening | pouting | rage | red | shade | unhappy | upset
😠	Smileys & Emotion	angry face	anger | angry | blame | face | feels | frustrated | mad | maddening | rage | shade | unhappy | upset
🤬	Smileys & Emotion	face with symbols on mouth	censor | cursing | cussing | face | mad | mouth | pissed | swearing | symbols
😈	Smileys & Emotion	smiling face with horns	demon | devil | evil | face | fairy | fairytale | fantasy | horns | purple | shade | smile | smiling | tale | smiling face with horns
👿	Smileys & Emotion	angry face with horns	angry | demon | devil | evil | face | fairy | fairytale | fantasy | horns | imp | mischievous | purple | shade | tale
💀	Smileys & Emotion	skull	body | dead | death | face | fairy | fairytale | i’m | lmao | monster | skull | tale | yolo
☠️	Smileys & Emotion	skull and crossbones	
☠	Smileys & Emotion	skull and crossbones	bone | crossbones | dead | death | face | monster | skull
💩	Smileys & Emotion	pile of poo	bs | comic | doo | dung | face | fml | monster | pile | poo | poop | smelly | smh | stink | stinks | stinky | turd
🤡	Smileys & Emotion	clown face	clown | face
👹	Smileys & Emotion	ogre	creature | devil | face | fairy | fairytale | fantasy | mask | monster | ogre | scary | tale
👺	Smileys & Emotion	goblin	angry | creature | face | fairy | fairytale | fantasy | goblin | mask | mean | monster | tale
👻	Smileys & Emotion	ghost	boo | creature | excited | face | fairy | fairytale | fantasy | ghost | halloween | haunting | monster | scary | silly | tale
👽	Smileys & Emotion	alien	alien | creature | extraterrestrial | face | fairy | fairytale | fantasy | monster | space | tale | ufo | et | ufo
👾	Smileys & Emotion	alien monster	alien | creature | extraterrestrial | face | fairy | fairytale | fantasy | game | gamer | games | monster | pixelated | space | tale | ufo | et | ufo
🤖	Smileys & Emotion	robot	face | monster | robot
😺	Smileys & Emotion	grinning cat	animal | cat | face | grinning | mouth | open | smile | smiling
😸	Smileys & Emotion	grinning cat with smiling eyes	animal | cat | eye | eyes | face | grin | grinning | smile | smiling
😹	Smileys & Emotion	cat with tears of joy	animal | cat | face | joy | laugh | laughing | lol | tear | tears
😻	Smileys & Emotion	smiling cat with heart-eyes	animal | cat | eye | face | heart | heart-eyes | love | smile | smiling | smiling cat face with heart eyes | smiling cat with heart-eyes
😼	Smileys & Emotion	cat with wry smile	animal | cat | face | ironic | smile | wry
😽	Smileys & Emotion	kissing cat	animal | cat | closed | eye | eyes | face | kiss | kissing
🙀	Smileys & Emotion	weary cat	animal | cat | face | oh | surprised | weary
😿	Smileys & Emotion	crying cat	animal | cat | cry | crying | face | sad | tear
😾	Smileys & Emotion	pouting cat	animal | cat | face | pouting
🙈	Smileys & Emotion	see-no-evil monkey	embarrassed | evil | face | forbidden | forgot | gesture | hide | monkey | no | omg | prohibited | scared | secret | smh | watch | see
🙉	Smileys & Emotion	hear-no-evil monkey	animal | ears | evil | face | forbidden | gesture | hear | listen | monkey | no | not | prohibited | secret | shh | tmi
🙊	Smileys & Emotion	speak-no-evil monkey	animal | evil | face | forbidden | gesture | monkey | no | not | oops | prohibited | quiet | secret | speak | stealth
💌	Smileys & Emotion	love letter	heart | letter | love | mail | romance | valentine
💘	Smileys & Emotion	heart with arrow	143 | adorbs | arrow | cupid | date | emotion | heart | ily | love | romance | valentine
💝	Smileys & Emotion	heart with ribbon	143 | anniversary | emotion | heart | ily | kisses | ribbon | valentine | xoxo
💖	Smileys & Emotion	sparkling heart	143 | emotion | excited | good | heart | ily | kisses | morning | night | sparkle | sparkling | xoxo
💗	Smileys & Emotion	growing heart	143 | emotion | excited | growing | heart | heartpulse | ily | kisses | muah | nervous | pulse | xoxo | mwah
💓	Smileys & Emotion	beating heart	143 | beating | cardio | emotion | heart | heartbeat | ily | love | pulsating | pulse
💞	Smileys & Emotion	revolving hearts	143 | adorbs | anniversary | emotion | heart | hearts | revolving
💕	Smileys & Emotion	two hearts	143 | anniversary | date | dating | emotion | heart | hearts | ily | kisses | love | loving | two | xoxo
💟	Smileys & Emotion	heart decoration	143 | decoration | emotion | heart | hearth | purple | white
❣️	Smileys & Emotion	heart exclamation	
❣	Smileys & Emotion	heart exclamation	exclamation | heart | heavy | mark | punctuation
💔	Smileys & Emotion	broken heart	break | broken | crushed | emotion | heart | heartbroken | lonely | sad
❤️‍🔥	Smileys & Emotion	heart on fire	
❤‍🔥	Smileys & Emotion	heart on fire	burn | fire | heart | love | lust | sacred
❤️‍🩹	Smileys & Emotion	mending heart	
❤‍🩹	Smileys & Emotion	mending heart	healthier | heart | improving | mending | recovering | recuperating | well
❤️	Smileys & Emotion	red heart	
❤	Smileys & Emotion	red heart	emotion | heart | love | red
🩷	Smileys & Emotion	pink heart	143 | adorable | cute | emotion | heart | ily | like | love | pink | special | sweet
🧡	Smileys & Emotion	orange heart	143 | heart | orange
💛	Smileys & Emotion	yellow heart	143 | cardiac | emotion | heart | ily | love | yellow
💚	Smileys & Emotion	green heart	143 | emotion | green | heart | ily | love | romantic
💙	Smileys & Emotion	blue heart	143 | blue | emotion | heart | ily | love | romance
🩵	Smileys & Emotion	light blue heart	143 | blue | cute | cyan | emotion | heart | ily | light | like | love | sky | special | teal
💜	Smileys & Emotion	purple heart	143 | bestest | emotion | heart | ily | love | purple
🤎	Smileys & Emotion	brown heart	143 | brown | heart
🖤	Smileys & Emotion	black heart	black | evil | heart | wicked
🩶	Smileys & Emotion	grey heart	143 | emotion | gray | grey | heart | ily | love | silver | slate | special
🤍	Smileys & Emotion	white heart	143 | heart | white
💋	Smileys & Emotion	kiss mark	dating | emotion | heart | kiss | kissing | lips | mark | romance | sexy
💯	Smileys & Emotion	hundred points	100 | a+ | agree | clearly | definitely | faithful | fleek | full | hundred | keep | perfect | point | score | true | truth | yup | true | hundred percent | hundred points | one hundred
💢	Smileys & Emotion	anger symbol	anger | angry | comic | mad | symbol | upset
💥	Smileys & Emotion	collision	bomb | boom | collide | collision | comic | explode
💫	Smileys & Emotion	dizzy	comic | dizzy | shining | shooting | star | stars
💦	Smileys & Emotion	sweat droplets	comic | drip | droplet | droplets | drops | splashing | squirt | sweat | water | wet | work | workout
💨	Smileys & Emotion	dashing away	away | cloud | comic | dash | dashing | fart | fast | go | gone | gotta | running | smoke
🕳️	Smileys & Emotion	hole	
🕳	Smileys & Emotion	hole	hole
💬	Smileys & Emotion	speech balloon	balloon | bubble | comic | dialog | message | sms | speech | talk | text | typing | dialogue
👁️‍🗨️	Smileys & Emotion	eye in speech bubble	
👁‍🗨️	Smileys & Emotion	eye in speech bubble	
👁️‍🗨	Smileys & Emotion	eye in speech bubble	
👁‍🗨	Smileys & Emotion	eye in speech bubble	balloon | bubble | eye | speech | witness
🗨️	Smileys & Emotion	left speech bubble	
🗨	Smileys & Emotion	left speech bubble	balloon | bubble | dialog | left | speech | dialogue | left speech bubble
🗯️	Smileys & Emotion	right anger bubble	
🗯	Smileys & Emotion	right anger bubble	anger | angry | balloon | bubble | mad | right
💭	Smileys & Emotion	thought balloon	balloon | bubble | cartoon | cloud | comic | daydream | decisions | dream | idea | invent | invention | realize | think | thoughts | wonder | realise
💤	Smileys & Emotion	ZZZ	comic | good | goodnight | night | sleep | sleeping | sleepy | tired | zzz
👋	People & Body	waving hand	bye | cya | g2g | greetings | gtg | hand | hello | hey | hi | later | outtie | ttfn | ttyl | wave | yo | you
👋🏻	People & Body	waving hand: light skin tone	bye | cya | g2g | greetings | gtg | hand | hello | hey | hi | later | light skin tone | outtie | ttfn | ttyl | wave | yo | you
👋🏼	People & Body	waving hand: medium-light skin tone	bye | cya | g2g | greetings | gtg | hand | hello | hey | hi | later | medium-light skin tone | outtie | ttfn | ttyl | wave | yo | you
👋🏽	People & Body	waving hand: medium skin tone	bye | cya | g2g | greetings | gtg | hand | hello | hey | hi | later | medium skin tone | outtie | ttfn | ttyl | wave | yo | you
👋🏾	People & Body	waving hand: medium-dark skin tone	bye | cya | g2g | greetings | gtg | hand | hello | hey | hi | later | medium-dark skin tone | outtie | ttfn | ttyl | wave | yo | you
👋🏿	People & Body	waving hand: dark skin tone	bye | cya | dark skin tone | g2g | greetings | gtg | hand | hello | hey | hi | later | outtie | ttfn | ttyl | wave | yo | you
🤚	People & Body	raised back of hand	back | backhand | hand | raised
🤚🏻	People & Body	raised back of hand: light skin tone	back | backhand | hand | light skin tone | raised
🤚🏼	People & Body	raised back of hand: medium-light skin tone	back | backhand | hand | medium-light skin tone | raised
🤚🏽	People & Body	raised back of hand: medium skin tone	back | backhand | hand | medium skin tone | raised
🤚🏾	People & Body	raised back of hand: medium-dark skin tone	back | backhand | hand | medium-dark skin tone | raised
🤚🏿	People & Body	raised back of hand: dark skin tone	back | backhand | dark skin tone | hand | raised
🖐️	People & Body	hand with fingers splayed	
🖐	People & Body	hand with fingers splayed	finger | fingers | hand | raised | splayed | stop
🖐🏻	People & Body	hand with fingers splayed: light skin tone	finger | fingers | hand | light skin tone | raised | splayed | stop
🖐🏼	People & Body	hand with fingers splayed: medium-light skin tone	finger | fingers | hand | medium-light skin tone | raised | splayed | stop
🖐🏽	People & Body	hand with fingers splayed: medium skin tone	finger | fingers | hand | medium skin tone | raised | splayed | stop
🖐🏾	People & Body	hand with fingers splayed: medium-dark skin tone	finger | fingers | hand | medium-dark skin tone | raised | splayed | stop
🖐🏿	People & Body	hand with fingers splayed: dark skin tone	dark skin tone | finger | fingers | hand | raised | splayed | stop
✋	People & Body	raised hand	5 | five | hand | high | raised | stop
✋🏻	People & Body	raised hand: light skin tone	5 | five | hand | high | light skin tone | raised | stop
✋🏼	People & Body	raised hand: medium-light skin tone	5 | five | hand | high | medium-light skin tone | raised | stop
✋🏽	People & Body	raised hand: medium skin tone	5 | five | hand | high | medium skin tone | raised | stop
✋🏾	People & Body	raised hand: medium-dark skin tone	5 | five | hand | high | medium-dark skin tone | raised | stop
✋🏿	People & Body	raised hand: dark skin tone	5 | dark skin tone | five | hand | high | raised | stop
🖖	People & Body	vulcan salute	finger | hand | hands | salute | vulcan | spock | vulcan | vulcan salute | spock
🖖🏻	People & Body	vulcan salute: light skin tone	finger | hand | hands | light skin tone | salute | vulcan | spock | vulcan | vulcan salute | spock
🖖🏼	People & Body	vulcan salute: medium-light skin tone	finger | hand | hands | medium-light skin tone | salute | vulcan | spock | vulcan | vulcan salute | spock
🖖🏽	People & Body	vulcan salute: medium skin tone	finger | hand | hands | medium skin tone | salute | vulcan | spock | vulcan | vulcan salute | spock
🖖🏾	People & Body	vulcan salute: medium-dark skin tone	finger | hand | hands | medium-dark skin tone | salute | vulcan | spock | vulcan | vulcan salute | spock
🖖🏿	People & Body	vulcan salute: dark skin tone	dark skin tone | finger | hand | hands | salute | vulcan | spock | vulcan | vulcan salute | spock
🫱	People & Body	rightwards hand	hand | handshake | hold | reach | right | rightward | rightwards | shake
🫱🏻	People & Body	rightwards hand: light skin tone	hand | handshake | hold | light skin tone | reach | right | rightward | rightwards | shake
🫱🏼	People & Body	rightwards hand: medium-light skin tone	hand | handshake | hold | medium-light skin tone | reach | right | rightward | rightwards | shake
🫱🏽	People & Body	rightwards hand: medium skin tone	hand | handshake | hold | medium skin tone | reach | right | rightward | rightwards | shake
🫱🏾	People & Body	rightwards hand: medium-dark skin tone	hand | handshake | hold | medium-dark skin tone | reach | right | rightward | rightwards | shake
🫱🏿	People & Body	rightwards hand: dark skin tone	dark skin tone | hand | handshake | hold | reach | right | rightward | rightwards | shake
🫲	People & Body	leftwards hand	hand | handshake | hold | left | leftward | leftwards | reach | shake
🫲🏻	People & Body	leftwards hand: light skin tone	hand | handshake | hold | left | leftward | leftwards | light skin tone | reach | shake
🫲🏼	People & Body	leftwards hand: medium-light skin tone	hand | handshake | hold | left | leftward | leftwards | medium-light skin tone | reach | shake
🫲🏽	People & Body	leftwards hand: medium skin tone	hand | handshake | hold | left | leftward | leftwards | medium skin tone | reach | shake
🫲🏾	People & Body	leftwards hand: medium-dark skin tone	hand | handshake | hold | left | leftward | leftwards | medium-dark skin tone | reach | shake
🫲🏿	People & Body	leftwards hand: dark skin tone	dark skin tone | hand | handshake | hold | left | leftward | leftwards | reach | shake
🫳	People & Body	palm down hand	dismiss | down | drop | dropped | hand | palm | pick | shoo | up | palm down hand | palm-down hand
🫳🏻	People & Body	palm down hand: light skin tone	dismiss | down | drop | dropped | hand | light skin tone | palm | pick | shoo | up | palm down hand | palm-down hand
🫳🏼	People & Body	palm down hand: medium-light skin tone	dismiss | down | drop | dropped | hand | medium-light skin tone | palm | pick | shoo | up | palm down hand | palm-down hand
🫳🏽	People & Body	palm down hand: medium skin tone	dismiss | down | drop | dropped | hand | medium skin tone | palm | pick | shoo | up | palm down hand | palm-down hand
🫳🏾	People & Body	palm down hand: medium-dark skin tone	dismiss | down | drop | dropped | hand | medium-dark skin tone | palm | pick | shoo | up | palm down hand | palm-down hand
🫳🏿	People & Body	palm down hand: dark skin tone	dark skin tone | dismiss | down | drop | dropped | hand | palm | pick | shoo | up | palm down hand | palm-down hand
🫴	People & Body	palm up hand	beckon | catch | come | hand | hold | know | lift | me | offer | palm | tell | palm up hand | palm-up hand
🫴🏻	People & Body	palm up hand: light skin tone	beckon | catch | come | hand | hold | know | lift | light skin tone | me | offer | palm | tell | palm up hand | palm-up hand
🫴🏼	People & Body	palm up hand: medium-light skin tone	beckon | catch | come | hand | hold | know | lift | me | medium-light skin tone | offer | palm | tell | palm up hand | palm-up hand
🫴🏽	People & Body	palm up hand: medium skin tone	beckon | catch | come | hand | hold | know | lift | me | medium skin tone | offer | palm | tell | palm up hand | palm-up hand
🫴🏾	People & Body	palm up hand: medium-dark skin tone	beckon | catch | come | hand | hold | know | lift | me | medium-dark skin tone | offer | palm | tell | palm up hand | palm-up hand
🫴🏿	People & Body	palm up hand: dark skin tone	beckon | catch | come | dark skin tone | hand | hold | know | lift | me | offer | palm | tell | palm up hand | palm-up hand
🫷	People & Body	leftwards pushing hand	block | five | halt | hand | high | hold | leftward | leftwards | pause | push | pushing | refuse | slap | stop | wait | high five | leftward-pushing hand | leftwards pushing hand
🫷🏻	People & Body	leftwards pushing hand: light skin tone	block | five | halt | hand | high | hold | leftward | leftwards | light skin tone | pause | push | pushing | refuse | slap | stop | wait | high five | leftward-pushing hand | leftwards pushing hand
🫷🏼	People & Body	leftwards pushing hand: medium-light skin tone	block | five | halt | hand | high | hold | leftward | leftwards | medium-light skin tone | pause | push | pushing | refuse | slap | stop | wait | high five | leftward-pushing hand | leftwards pushing hand
🫷🏽	People & Body	leftwards pushing hand: medium skin tone	block | five | halt | hand | high | hold | leftward | leftwards | medium skin tone | pause | push | pushing | refuse | slap | stop | wait | high five | leftward-pushing hand | leftwards pushing hand
🫷🏾	People & Body	leftwards pushing hand: medium-dark skin tone	block | five | halt | hand | high | hold | leftward | leftwards | medium-dark skin tone | pause | push | pushing | refuse | slap | stop | wait | high five | leftward-pushing hand | leftwards pushing hand
🫷🏿	People & Body	leftwards pushing hand: dark skin tone	block | dark skin tone | five | halt | hand | high | hold | leftward | leftwards | pause | push | pushing | refuse | slap | stop | wait | high five | leftward-pushing hand | leftwards pushing hand
🫸	People & Body	rightwards pushing hand	block | five | halt | hand | high | hold | pause | push | pushing | refuse | rightward | rightwards | slap | stop | wait | high five | rightward-pushing hand | rightwards pushing hand
🫸🏻	People & Body	rightwards pushing hand: light skin tone	block | five | halt | hand | high | hold | light skin tone | pause | push | pushing | refuse | rightward | rightwards | slap | stop | wait | high five | rightward-pushing hand | rightwards pushing hand
🫸🏼	People & Body	rightwards pushing hand: medium-light skin tone	block | five | halt | hand | high | hold | medium-light skin tone | pause | push | pushing | refuse | rightward | rightwards | slap | stop | wait | high five | rightward-pushing hand | rightwards pushing hand
🫸🏽	People & Body	rightwards pushing hand: medium skin tone	block | five | halt | hand | high | hold | medium skin tone | pause | push | pushing | refuse | rightward | rightwards | slap | stop | wait | high five | rightward-pushing hand | rightwards pushing hand
🫸🏾	People & Body	rightwards pushing hand: medium-dark skin tone	block | five | halt | hand | high | hold | medium-dark skin tone | pause | push | pushing | refuse | rightward | rightwards | slap | stop | wait | high five | rightward-pushing hand | rightwards pushing hand
🫸🏿	People & Body	rightwards pushing hand: dark skin tone	block | dark skin tone | five | halt | hand | high | hold | pause | push | pushing | refuse | rightward | rightwards | slap | stop | wait | high five | rightward-pushing hand | rightwards pushing hand
👌	People & Body	OK hand	awesome | bet | dope | fleek | fosho | got | gotcha | hand | legit | ok | okay | pinch | rad | sure | sweet | three | perfect
👌🏻	People & Body	OK hand: light skin tone	awesome | bet | dope | fleek | fosho | got | gotcha | hand | legit | light skin tone | ok | okay | pinch | rad | sure | sweet | three | perfect
👌🏼	People & Body	OK hand: medium-light skin tone	awesome | bet | dope | fleek | fosho | got | gotcha | hand | legit | medium-light skin tone | ok | okay | pinch | rad | sure | sweet | three | perfect
👌🏽	People & Body	OK hand: medium skin tone	awesome | bet | dope | fleek | fosho | got | gotcha | hand | legit | medium skin tone | ok | okay | pinch | rad | sure | sweet | three | perfect
👌🏾	People & Body	OK hand: medium-dark skin tone	awesome | bet | dope | fleek | fosho | got | gotcha | hand | legit | medium-dark skin tone | ok | okay | pinch | rad | sure | sweet | three | perfect
👌🏿	People & Body	OK hand: dark skin tone	awesome | bet | dark skin tone | dope | fleek | fosho | got | gotcha | hand | legit | ok | okay | pinch | rad | sure | sweet | three | perfect
🤌	People & Body	pinched fingers	fingers | gesture | hand | hold | huh | interrogation | patience | pinched | relax | sarcastic | ugh | what | zip
🤌🏻	People & Body	pinched fingers: light skin tone	fingers | gesture | hand | hold | huh | interrogation | light skin tone | patience | pinched | relax | sarcastic | ugh | what | zip
🤌🏼	People & Body	pinched fingers: medium-light skin tone	fingers | gesture | hand | hold | huh | interrogation | medium-light skin tone | patience | pinched | relax | sarcastic | ugh | what | zip
🤌🏽	People & Body	pinched fingers: medium skin tone	fingers | gesture | hand | hold | huh | interrogation | medium skin tone | patience | pinched | relax | sarcastic | ugh | what | zip
🤌🏾	People & Body	pinched fingers: medium-dark skin tone	fingers | gesture | hand | hold | huh | interrogation | medium-dark skin tone | patience | pinched | relax | sarcastic | ugh | what | zip
🤌🏿	People & Body	pinched fingers: dark skin tone	dark skin tone | fingers | gesture | hand | hold | huh | interrogation | patience | pinched | relax | sarcastic | ugh | what | zip
🤏	People & Body	pinching hand	amount | bit | fingers | hand | little | pinching | small | sort
🤏🏻	People & Body	pinching hand: light skin tone	amount | bit | fingers | hand | light skin tone | little | pinching | small | sort
🤏🏼	People & Body	pinching hand: medium-light skin tone	amount | bit | fingers | hand | little | medium-light skin tone | pinching | small | sort
🤏🏽	People & Body	pinching hand: medium skin tone	amount | bit | fingers | hand | little | medium skin tone | pinching | small | sort
🤏🏾	People & Body	pinching hand: medium-dark skin tone	amount | bit | fingers | hand | little | medium-dark skin tone | pinching | small | sort
🤏🏿	People & Body	pinching hand: dark skin tone	amount | bit | dark skin tone | fingers | hand | little | pinching | small | sort
✌️	People & Body	victory hand	
✌	People & Body	victory hand	hand | peace | v | victory
✌🏻	People & Body	victory hand: light skin tone	hand | light skin tone | peace | v | victory
✌🏼	People & Body	victory hand: medium-light skin tone	hand | medium-light skin tone | peace | v | victory
✌🏽	People & Body	victory hand: medium skin tone	hand | medium skin tone | peace | v | victory
✌🏾	People & Body	victory hand: medium-dark skin tone	hand | medium-dark skin tone | peace | v | victory
✌🏿	People & Body	victory hand: dark skin tone	dark skin tone | hand | peace | v | victory
🤞	People & Body	crossed fingers	cross | crossed | finger | fingers | hand | luck | crossed fingers | good luck
🤞🏻	People & Body	crossed fingers: light skin tone	cross | crossed | finger | fingers | hand | light skin tone | luck | crossed fingers | good luck
🤞🏼	People & Body	crossed fingers: medium-light skin tone	cross | crossed | finger | fingers | hand | luck | medium-light skin tone | crossed fingers | good luck
🤞🏽	People & Body	crossed fingers: medium skin tone	cross | crossed | finger | fingers | hand | luck | medium skin tone | crossed fingers | good luck
🤞🏾	People & Body	crossed fingers: medium-dark skin tone	cross | crossed | finger | fingers | hand | luck | medium-dark skin tone | crossed fingers | good luck
🤞🏿	People & Body	crossed fingers: dark skin tone	cross | crossed | dark skin tone | finger | fingers | hand | luck | crossed fingers | good luck
🫰	People & Body	hand with index finger and thumb crossed	<3 | crossed | expensive | finger | hand | heart | index | love | money | snap | thumb
🫰🏻	People & Body	hand with index finger and thumb crossed: light skin tone	<3 | crossed | expensive | finger | hand | heart | index | light skin tone | love | money | snap | thumb
🫰🏼	People & Body	hand with index finger and thumb crossed: medium-light skin tone	<3 | crossed | expensive | finger | hand | heart | index | love | medium-light skin tone | money | snap | thumb
🫰🏽	People & Body	hand with index finger and thumb crossed: medium skin tone	<3 | crossed | expensive | finger | hand | heart | index | love | medium skin tone | money | snap | thumb
🫰🏾	People & Body	hand with index finger and thumb crossed: medium-dark skin tone	<3 | crossed | expensive | finger | hand | heart | index | love | medium-dark skin tone | money | snap | thumb
🫰🏿	People & Body	hand with index finger and thumb crossed: dark skin tone	<3 | crossed | dark skin tone | expensive | finger | hand | heart | index | love | money | snap | thumb
🤟	People & Body	love-you gesture	fingers | gesture | hand | ily | love | love-you | three | you | love you gesture | love-you gesture
🤟🏻	People & Body	love-you gesture: light skin tone	fingers | gesture | hand | ily | light skin tone | love | love-you | three | you | love you gesture | love-you gesture
🤟🏼	People & Body	love-you gesture: medium-light skin tone	fingers | gesture | hand | ily | love | love-you | medium-light skin tone | three | you | love you gesture | love-you gesture
🤟🏽	People & Body	love-you gesture: medium skin tone	fingers | gesture | hand | ily | love | love-you | medium skin tone | three | you | love you gesture | love-you gesture
🤟🏾	People & Body	love-you gesture: medium-dark skin tone	fingers | gesture | hand | ily | love | love-you | medium-dark skin tone | three | you | love you gesture | love-you gesture
🤟🏿	People & Body	love-you gesture: dark skin tone	dark skin tone | fingers | gesture | hand | ily | love | love-you | three | you | love you gesture | love-you gesture
🤘	People & Body	sign of the horns	finger | hand | horns | rock-on | sign | rock on | sign of the horns
🤘🏻	People & Body	sign of the horns: light skin tone	finger | hand | horns | light skin tone | rock-on | sign | rock on | sign of the horns
🤘🏼	People & Body	sign of the horns: medium-light skin tone	finger | hand | horns | medium-light skin tone | rock-on | sign | rock on | sign of the horns
🤘🏽	People & Body	sign of the horns: medium skin tone	finger | hand | horns | medium skin tone | rock-on | sign | rock on | sign of the horns
🤘🏾	People & Body	sign of the horns: medium-dark skin tone	finger | hand | horns | medium-dark skin tone | rock-on | sign | rock on | sign of the horns
🤘🏿	People & Body	sign of the horns: dark skin tone	dark skin tone | finger | hand | horns | rock-on | sign | rock on | sign of the horns
🤙	People & Body	call me hand	call | hand | hang | loose | me | shaka | call me hand | call-me hand | shaka | hang loose
🤙🏻	People & Body	call me hand: light skin tone	call | hand | hang | light skin tone | loose | me | shaka | call me hand | call-me hand | shaka | hang loose
🤙🏼	People & Body	call me hand: medium-light skin tone	call | hand | hang | loose | me | medium-light skin tone | shaka | call me hand | call-me hand | shaka | hang loose
🤙🏽	People & Body	call me hand: medium skin tone	call | hand | hang | loose | me | medium skin tone | shaka | call me hand | call-me hand | shaka | hang loose
🤙🏾	People & Body	call me hand: medium-dark skin tone	call | hand | hang | loose | me | medium-dark skin tone | shaka | call me hand | call-me hand | shaka | hang loose
🤙🏿	People & Body	call me hand: dark skin tone	call | dark skin tone | hand | hang | loose | me | shaka | call me hand | call-me hand | shaka | hang loose
👈	People & Body	backhand index pointing left	backhand | finger | hand | index | left | point | pointing
👈🏻	People & Body	backhand index pointing left: light skin tone	backhand | finger | hand | index | left | light skin tone | point | pointing
👈🏼	People & Body	backhand index pointing left: medium-light skin tone	backhand | finger | hand | index | left | medium-light skin tone | point | pointing
👈🏽	People & Body	backhand index pointing left: medium skin tone	backhand | finger | hand | index | left | medium skin tone | point | pointing
👈🏾	People & Body	backhand index pointing left: medium-dark skin tone	backhand | finger | hand | index | left | medium-dark skin tone | point | pointing
👈🏿	People & Body	backhand index pointing left: dark skin tone	backhand | dark skin tone | finger | hand | index | left | point | pointing
👉	People & Body	backhand index pointing right	backhand | finger | hand | index | point | pointing | right
👉🏻	People & Body	backhand index pointing right: light skin tone	backhand | finger | hand | index | light skin tone | point | pointing | right
👉🏼	People & Body	backhand index pointing right: medium-light skin tone	backhand | finger | hand | index | medium-light skin tone | point | pointing | right
👉🏽	People & Body	backhand index pointing right: medium skin tone	backhand | finger | hand | index | medium skin tone | point | pointing | right
👉🏾	People & Body	backhand index pointing right: medium-dark skin tone	backhand | finger | hand | index | medium-dark skin tone | point | pointing | right
👉🏿	People & Body	backhand index pointing right: dark skin tone	backhand | dark skin tone | finger | hand | index | point | pointing | right
👆	People & Body	backhand index pointing up	backhand | finger | hand | index | point | pointing | up
👆🏻	People & Body	backhand index pointing up: light skin tone	backhand | finger | hand | index | light skin tone | point | pointing | up
👆🏼	People & Body	backhand index pointing up: medium-light skin tone	backhand | finger | hand | index | medium-light skin tone | point | pointing | up
👆🏽	People & Body	backhand index pointing up: medium skin tone	backhand | finger | hand | index | medium skin tone | point | pointing | up
👆🏾	People & Body	backhand index pointing up: medium-dark skin tone	backhand | finger | hand | index | medium-dark skin tone | point | pointing | up
👆🏿	People & Body	backhand index pointing up: dark skin tone	backhand | dark skin tone | finger | hand | index | point | pointing | up
🖕	People & Body	middle finger	finger | hand | middle
🖕🏻	People & Body	middle finger: light skin tone	finger | hand | light skin tone | middle
🖕🏼	People & Body	middle finger: medium-light skin tone	finger | hand | medium-light skin tone | middle
🖕🏽	People & Body	middle finger: medium skin tone	finger | hand | medium skin tone | middle
🖕🏾	People & Body	middle finger: medium-dark skin tone	finger | hand | medium-dark skin tone | middle
🖕🏿	People & Body	middle finger: dark skin tone	dark skin tone | finger | hand | middle
👇	People & Body	backhand index pointing down	backhand | down | finger | hand | index | point | pointing
👇🏻	People & Body	backhand index pointing down: light skin tone	backhand | down | finger | hand | index | light skin tone | point | pointing
👇🏼	People & Body	backhand index pointing down: medium-light skin tone	backhand | down | finger | hand | index | medium-light skin tone | point | pointing
👇🏽	People & Body	backhand index pointing down: medium skin tone	backhand | down | finger | hand | index | medium skin tone | point | pointing
👇🏾	People & Body	backhand index pointing down: medium-dark skin tone	backhand | down | finger | hand | index | medium-dark skin tone | point | pointing
👇🏿	People & Body	backhand index pointing down: dark skin tone	backhand | dark skin tone | down | finger | hand | index | point | pointing
☝️	People & Body	index pointing up	
☝	People & Body	index pointing up	finger | hand | index | point | pointing | this | up
☝🏻	People & Body	index pointing up: light skin tone	finger | hand | index | light skin tone | point | pointing | this | up
☝🏼	People & Body	index pointing up: medium-light skin tone	finger | hand | index | medium-light skin tone | point | pointing | this | up
☝🏽	People & Body	index pointing up: medium skin tone	finger | hand | index | medium skin tone | point | pointing | this | up
☝🏾	People & Body	index pointing up: medium-dark skin tone	finger | hand | index | medium-dark skin tone | point | pointing | this | up
☝🏿	People & Body	index pointing up: dark skin tone	dark skin tone | finger | hand | index | point | pointing | this | up
🫵	People & Body	index pointing at the viewer	at | finger | hand | index | pointing | poke | viewer | you
🫵🏻	People & Body	index pointing at the viewer: light skin tone	at | finger | hand | index | light skin tone | pointing | poke | viewer | you
🫵🏼	People & Body	index pointing at the viewer: medium-light skin tone	at | finger | hand | index | medium-light skin tone | pointing | poke | viewer | you
🫵🏽	People & Body	index pointing at the viewer: medium skin tone	at | finger | hand | index | medium skin tone | pointing | poke | viewer | you
🫵🏾	People & Body	index pointing at the viewer: medium-dark skin tone	at | finger | hand | index | medium-dark skin tone | pointing | poke | viewer | you
🫵🏿	People & Body	index pointing at the viewer: dark skin tone	at | dark skin tone | finger | hand | index | pointing | poke | viewer | you
👍	People & Body	thumbs up	+1 | good | hand | like | thumb | up | yes
👍🏻	People & Body	thumbs up: light skin tone	+1 | good | hand | light skin tone | like | thumb | up | yes
👍🏼	People & Body	thumbs up: medium-light skin tone	+1 | good | hand | like | medium-light skin tone | thumb | up | yes
👍🏽	People & Body	thumbs up: medium skin tone	+1 | good | hand | like | medium skin tone | thumb | up | yes
👍🏾	People & Body	thumbs up: medium-dark skin tone	+1 | good | hand | like | medium-dark skin tone | thumb | up | yes
👍🏿	People & Body	thumbs up: dark skin tone	+1 | dark skin tone | good | hand | like | thumb | up | yes
👎	People & Body	thumbs down	-1 | bad | dislike | down | good | hand | no | nope | thumb | thumbs
👎🏻	People & Body	thumbs down: light skin tone	-1 | bad | dislike | down | good | hand | light skin tone | no | nope | thumb | thumbs
👎🏼	People & Body	thumbs down: medium-light skin tone	-1 | bad | dislike | down | good | hand | medium-light skin tone | no | nope | thumb | thumbs
👎🏽	People & Body	thumbs down: medium skin tone	-1 | bad | dislike | down | good | hand | medium skin tone | no | nope | thumb | thumbs
👎🏾	People & Body	thumbs down: medium-dark skin tone	-1 | bad | dislike | down | good | hand | medium-dark skin tone | no | nope | thumb | thumbs
👎🏿	People & Body	thumbs down: dark skin tone	-1 | bad | dark skin tone | dislike | down | good | hand | no | nope | thumb | thumbs
✊	People & Body	raised fist	clenched | fist | hand | punch | raised | solidarity
✊🏻	People & Body	raised fist: light skin tone	clenched | fist | hand | light skin tone | punch | raised | solidarity
✊🏼	People & Body	raised fist: medium-light skin tone	clenched | fist | hand | medium-light skin tone | punch | raised | solidarity
✊🏽	People & Body	raised fist: medium skin tone	clenched | fist | hand | medium skin tone | punch | raised | solidarity
✊🏾	People & Body	raised fist: medium-dark skin tone	clenched | fist | hand | medium-dark skin tone | punch | raised | solidarity
✊🏿	People & Body	raised fist: dark skin tone	clenched | dark skin tone | fist | hand | punch | raised | solidarity
👊	People & Body	oncoming fist	absolutely | agree | boom | bro | bruh | bump | clenched | correct | fist | hand | knuckle | oncoming | pound | punch | rock | ttyl
👊🏻	People & Body	oncoming fist: light skin tone	absolutely | agree | boom | bro | bruh | bump | clenched | correct | fist | hand | knuckle | light skin tone | oncoming | pound | punch | rock | ttyl
👊🏼	People & Body	oncoming fist: medium-light skin tone	absolutely | agree | boom | bro | bruh | bump | clenched | correct | fist | hand | knuckle | medium-light skin tone | oncoming | pound | punch | rock | ttyl
👊🏽	People & Body	oncoming fist: medium skin tone	absolutely | agree | boom | bro | bruh | bump | clenched | correct | fist | hand | knuckle | medium skin tone | oncoming | pound | punch | rock | ttyl
👊🏾	People & Body	oncoming fist: medium-dark skin tone	absolutely | agree | boom | bro | bruh | bump | clenched | correct | fist | hand | knuckle | medium-dark skin tone | oncoming | pound | punch | rock | ttyl
👊🏿	People & Body	oncoming fist: dark skin tone	absolutely | agree | boom | bro | bruh | bump | clenched | correct | dark skin tone | fist | hand | knuckle | oncoming | pound | punch | rock | ttyl
🤛	People & Body	left-facing fist	fist | left-facing | leftwards | left-facing fist | leftward
🤛🏻	People & Body	left-facing fist: light skin tone	fist | left-facing | leftwards | light skin tone | left-facing fist | leftward
🤛🏼	People & Body	left-facing fist: medium-light skin tone	fist | left-facing | leftwards | medium-light skin tone | left-facing fist | leftward
🤛🏽	People & Body	left-facing fist: medium skin tone	fist | left-facing | leftwards | medium skin tone | left-facing fist | leftward
🤛🏾	People & Body	left-facing fist: medium-dark skin tone	fist | left-facing | leftwards | medium-dark skin tone | left-facing fist | leftward
🤛🏿	People & Body	left-facing fist: dark skin tone	dark skin tone | fist | left-facing | leftwards | left-facing fist | leftward
🤜	People & Body	right-facing fist	fist | right-facing | rightwards | right-facing fist | rightward
🤜🏻	People & Body	right-facing fist: light skin tone	fist | light skin tone | right-facing | rightwards | right-facing fist | rightward
🤜🏼	People & Body	right-facing fist: medium-light skin tone	fist | medium-light skin tone | right-facing | rightwards | right-facing fist | rightward
🤜🏽	People & Body	right-facing fist: medium skin tone	fist | medium skin tone | right-facing | rightwards | right-facing fist | rightward
🤜🏾	People & Body	right-facing fist: medium-dark skin tone	fist | medium-dark skin tone | right-facing | rightwards | right-facing fist | rightward
🤜🏿	People & Body	right-facing fist: dark skin tone	dark skin tone | fist | right-facing | rightwards | right-facing fist | rightward
👏	People & Body	clapping hands	applause | approval | awesome | clap | congrats | congratulations | excited | good | great | hand | homie | job | nice | prayed | well | yay
👏🏻	People & Body	clapping hands: light skin tone	applause | approval | awesome | clap | congrats | congratulations | excited | good | great | hand | homie | job | light skin tone | nice | prayed | well | yay
👏🏼	People & Body	clapping hands: medium-light skin tone	applause | approval | awesome | clap | congrats | congratulations | excited | good | great | hand | homie | job | medium-light skin tone | nice | prayed | well | yay
👏🏽	People & Body	clapping hands: medium skin tone	applause | approval | awesome | clap | congrats | congratulations | excited | good | great | hand | homie | job | medium skin tone | nice | prayed | well | yay
👏🏾	People & Body	clapping hands: medium-dark skin tone	applause | approval | awesome | clap | congrats | congratulations | excited | good | great | hand | homie | job | medium-dark skin tone | nice | prayed | well | yay
👏🏿	People & Body	clapping hands: dark skin tone	applause | approval | awesome | clap | congrats | congratulations | dark skin tone | excited | good | great | hand | homie | job | nice | prayed | well | yay
🙌	People & Body	raising hands	celebration | gesture | hand | hands | hooray | praise | raised | raising | raising hands | woo hoo | yay
🙌🏻	People & Body	raising hands: light skin tone	celebration | gesture | hand | hands | hooray | light skin tone | praise | raised | raising | raising hands | woo hoo | yay
🙌🏼	People & Body	raising hands: medium-light skin tone	celebration | gesture | hand | hands | hooray | medium-light skin tone | praise | raised | raising | raising hands | woo hoo | yay
🙌🏽	People & Body	raising hands: medium skin tone	celebration | gesture | hand | hands | hooray | medium skin tone | praise | raised | raising | raising hands | woo hoo | yay
🙌🏾	People & Body	raising hands: medium-dark skin tone	celebration | gesture | hand | hands | hooray | medium-dark skin tone | praise | raised | raising | raising hands | woo hoo | yay
🙌🏿	People & Body	raising hands: dark skin tone	celebration | dark skin tone | gesture | hand | hands | hooray | praise | raised | raising | raising hands | woo hoo | yay
🫶	People & Body	heart hands	<3 | hands | heart | love | you
🫶🏻	People & Body	heart hands: light skin tone	<3 | hands | heart | light skin tone | love | you
🫶🏼	People & Body	heart hands: medium-light skin tone	<3 | hands | heart | love | medium-light skin tone | you
🫶🏽	People & Body	heart hands: medium skin tone	<3 | hands | heart | love | medium skin tone | you
🫶🏾	People & Body	heart hands: medium-dark skin tone	<3 | hands | heart | love | medium-dark skin tone | you
🫶🏿	People & Body	heart hands: dark skin tone	<3 | dark skin tone | hands | heart | love | you
👐	People & Body	open hands	hand | hands | hug | jazz | open | swerve
👐🏻	People & Body	open hands: light skin tone	hand | hands | hug | jazz | light skin tone | open | swerve
👐🏼	People & Body	open hands: medium-light skin tone	hand | hands | hug | jazz | medium-light skin tone | open | swerve
👐🏽	People & Body	open hands: medium skin tone	hand | hands | hug | jazz | medium skin tone | open | swerve
👐🏾	People & Body	open hands: medium-dark skin tone	hand | hands | hug | jazz | medium-dark skin tone | open | swerve
👐🏿	People & Body	open hands: dark skin tone	dark skin tone | hand | hands | hug | jazz | open | swerve
🤲	People & Body	palms up together	cupped | dua | hands | palms | pray | prayer | together | up | wish
🤲🏻	People & Body	palms up together: light skin tone	cupped | dua | hands | light skin tone | palms | pray | prayer | together | up | wish
🤲🏼	People & Body	palms up together: medium-light skin tone	cupped | dua | hands | medium-light skin tone | palms | pray | prayer | together | up | wish
🤲🏽	People & Body	palms up together: medium skin tone	cupped | dua | hands | medium skin tone | palms | pray | prayer | together | up | wish
🤲🏾	People & Body	palms up together: medium-dark skin tone	cupped | dua | hands | medium-dark skin tone | palms | pray | prayer | together | up | wish
🤲🏿	People & Body	palms up together: dark skin tone	cupped | dark skin tone | dua | hands | palms | pray | prayer | together | up | wish
🤝	People & Body	handshake	agreement | deal | hand | handshake | meeting | shake
🤝🏻	People & Body	handshake: light skin tone	agreement | deal | hand | handshake | light skin tone | meeting | shake
🤝🏼	People & Body	handshake: medium-light skin tone	agreement | deal | hand | handshake | medium-light skin tone | meeting | shake
🤝🏽	People & Body	handshake: medium skin tone	agreement | deal | hand | handshake | medium skin tone | meeting | shake
🤝🏾	People & Body	handshake: medium-dark skin tone	agreement | deal | hand | handshake | medium-dark skin tone | meeting | shake
🤝🏿	People & Body	handshake: dark skin tone	agreement | dark skin tone | deal | hand | handshake | meeting | shake
🫱🏻‍🫲🏼	People & Body	handshake: light skin tone, medium-light skin tone	agreement | deal | hand | handshake | light skin tone | medium-light skin tone | meeting | shake
🫱🏻‍🫲🏽	People & Body	handshake: light skin tone, medium skin tone	agreement | deal | hand | handshake | light skin tone | medium skin tone | meeting | shake
🫱🏻‍🫲🏾	People & Body	handshake: light skin tone, medium-dark skin tone	agreement | deal | hand | handshake | light skin tone | medium-dark skin tone | meeting | shake
🫱🏻‍🫲🏿	People & Body	handshake: light skin tone, dark skin tone	agreement | dark skin tone | deal | hand | handshake | light skin tone | meeting | shake
🫱🏼‍🫲🏻	People & Body	handshake: medium-light skin tone, light skin tone	agreement | deal | hand | handshake | light skin tone | medium-light skin tone | meeting | shake
🫱🏼‍🫲🏽	People & Body	handshake: medium-light skin tone, medium skin tone	agreement | deal | hand | handshake | medium skin tone | medium-light skin tone | meeting | shake
🫱🏼‍🫲🏾	People & Body	handshake: medium-light skin tone, medium-dark skin tone	agreement | deal | hand | handshake | medium-dark skin tone | medium-light skin tone | meeting | shake
🫱🏼‍🫲🏿	People & Body	handshake: medium-light skin tone, dark skin tone	agreement | dark skin tone | deal | hand | handshake | medium-light skin tone | meeting | shake
🫱🏽‍🫲🏻	People & Body	handshake: medium skin tone, light skin tone	agreement | deal | hand | handshake | light skin tone | medium skin tone | meeting | shake
🫱🏽‍🫲🏼	People & Body	handshake: medium skin tone, medium-light skin tone	agreement | deal | hand | handshake | medium skin tone | medium-light skin tone | meeting | shake
🫱🏽‍🫲🏾	People & Body	handshake: medium skin tone, medium-dark skin tone	agreement | deal | hand | handshake | medium skin tone | medium-dark skin tone | meeting | shake
🫱🏽‍🫲🏿	People & Body	handshake: medium skin tone, dark skin tone	agreement | dark skin tone | deal | hand | handshake | medium skin tone | meeting | shake
🫱🏾‍🫲🏻	People & Body	handshake: medium-dark skin tone, light skin tone	agreement | deal | hand | handshake | light skin tone | medium-dark skin tone | meeting | shake
🫱🏾‍🫲🏼	People & Body	handshake: medium-dark skin tone, medium-light skin tone	agreement | deal | hand | handshake | medium-dark skin tone | medium-light skin tone | meeting | shake
🫱🏾‍🫲🏽	People & Body	handshake: medium-dark skin tone, medium skin tone	agreement | deal | hand | handshake | medium skin tone | medium-dark skin tone | meeting | shake
🫱🏾‍🫲🏿	People & Body	handshake: medium-dark skin tone, dark skin tone	agreement | dark skin tone | deal | hand | handshake | medium-dark skin tone | meeting | shake
🫱🏿‍🫲🏻	People & Body	handshake: dark skin tone, light skin tone	agreement | dark skin tone | deal | hand | handshake | light skin tone | meeting | shake
🫱🏿‍🫲🏼	People & Body	handshake: dark skin tone, medium-light skin tone	agreement | dark skin tone | deal | hand | handshake | medium-light skin tone | meeting | shake
🫱🏿‍🫲🏽	People & Body	handshake: dark skin tone, medium skin tone	agreement | dark skin tone | deal | hand | handshake | medium skin tone | meeting | shake
🫱🏿‍🫲🏾	People & Body	handshake: dark skin tone, medium-dark skin tone	agreement | dark skin tone | deal | hand | handshake | medium-dark skin tone | meeting | shake
🙏	People & Body	folded hands	appreciate | ask | beg | blessed | bow | cmon | five | folded | gesture | hand | high | please | pray | thanks | thx | folded hands | high five
🙏🏻	People & Body	folded hands: light skin tone	appreciate | ask | beg | blessed | bow | cmon | five | folded | gesture | hand | high | light skin tone | please | pray | thanks | thx | folded hands | high five
🙏🏼	People & Body	folded hands: medium-light skin tone	appreciate | ask | beg | blessed | bow | cmon | five | folded | gesture | hand | high | medium-light skin tone | please | pray | thanks | thx | folded hands | high five
🙏🏽	People & Body	folded hands: medium skin tone	appreciate | ask | beg | blessed | bow | cmon | five | folded | gesture | hand | high | medium skin tone | please | pray | thanks | thx | folded hands | high five
🙏🏾	People & Body	folded hands: medium-dark skin tone	appreciate | ask | beg | blessed | bow | cmon | five | folded | gesture | hand | high | medium-dark skin tone | please | pray | thanks | thx | folded hands | high five
🙏🏿	People & Body	folded hands: dark skin tone	appreciate | ask | beg | blessed | bow | cmon | dark skin tone | five | folded | gesture | hand | high | please | pray | thanks | thx | folded hands | high five
✍️	People & Body	writing hand	
✍	People & Body	writing hand	hand | write | writing
✍🏻	People & Body	writing hand: light skin tone	hand | light skin tone | write | writing
✍🏼	People & Body	writing hand: medium-light skin tone	hand | medium-light skin tone | write | writing
✍🏽	People & Body	writing hand: medium skin tone	hand | medium skin tone | write | writing
✍🏾	People & Body	writing hand: medium-dark skin tone	hand | medium-dark skin tone | write | writing
✍🏿	People & Body	writing hand: dark skin tone	dark skin tone | hand | write | writing
💅	People & Body	nail polish	bored | care | cosmetics | done | makeup | manicure | nail | polish | whatever
💅🏻	People & Body	nail polish: light skin tone	bored | care | cosmetics | done | light skin tone | makeup | manicure | nail | polish | whatever
💅🏼	People & Body	nail polish: medium-light skin tone	bored | care | cosmetics | done | makeup | manicure | medium-light skin tone | nail | polish | whatever
💅🏽	People & Body	nail polish: medium skin tone	bored | care | cosmetics | done | makeup | manicure | medium skin tone | nail | polish | whatever
💅🏾	People & Body	nail polish: medium-dark skin tone	bored | care | cosmetics | done | makeup | manicure | medium-dark skin tone | nail | polish | whatever
💅🏿	People & Body	nail polish: dark skin tone	bored | care | cosmetics | dark skin tone | done | makeup | manicure | nail | polish | whatever
🤳	People & Body	selfie	camera | phone | selfie
🤳🏻	People & Body	selfie: light skin tone	camera | light skin tone | phone | selfie
🤳🏼	People & Body	selfie: medium-light skin tone	camera | medium-light skin tone | phone | selfie
🤳🏽	People & Body	selfie: medium skin tone	camera | medium skin tone | phone | selfie
🤳🏾	People & Body	selfie: medium-dark skin tone	camera | medium-dark skin tone | phone | selfie
🤳🏿	People & Body	selfie: dark skin tone	camera | dark skin tone | phone | selfie
💪	People & Body	flexed biceps	arm | beast | bench | biceps | bodybuilder | bro | curls | flex | gains | gym | jacked | muscle | press | ripped | strong | weightlift | comic | flexed bicep
💪🏻	People & Body	flexed biceps: light skin tone	arm | beast | bench | biceps | bodybuilder | bro | curls | flex | gains | gym | jacked | light skin tone | muscle | press | ripped | strong | weightlift | comic | flexed bicep
💪🏼	People & Body	flexed biceps: medium-light skin tone	arm | beast | bench | biceps | bodybuilder | bro | curls | flex | gains | gym | jacked | medium-light skin tone | muscle | press | ripped | strong | weightlift | comic | flexed bicep
💪🏽	People & Body	flexed biceps: medium skin tone	arm | beast | bench | biceps | bodybuilder | bro | curls | flex | gains | gym | jacked | medium skin tone | muscle | press | ripped | strong | weightlift | comic | flexed bicep
💪🏾	People & Body	flexed biceps: medium-dark skin tone	arm | beast | bench | biceps | bodybuilder | bro | curls | flex | gains | gym | jacked | medium-dark skin tone | muscle | press | ripped | strong | weightlift | comic | flexed bicep
💪🏿	People & Body	flexed biceps: dark skin tone	arm | beast | bench | biceps | bodybuilder | bro | curls | dark skin tone | flex | gains | gym | jacked | muscle | press | ripped | strong | weightlift | comic | flexed bicep
🦾	People & Body	mechanical arm	accessibility | arm | mechanical | prosthetic
🦿	People & Body	mechanical leg	accessibility | leg | mechanical | prosthetic
🦵	People & Body	leg	bent | foot | kick | knee | leg | limb
🦵🏻	People & Body	leg: light skin tone	bent | foot | kick | knee | leg | light skin tone | limb
🦵🏼	People & Body	leg: medium-light skin tone	bent | foot | kick | knee | leg | limb | medium-light skin tone
🦵🏽	People & Body	leg: medium skin tone	bent | foot | kick | knee | leg | limb | medium skin tone
🦵🏾	People & Body	leg: medium-dark skin tone	bent | foot | kick | knee | leg | limb | medium-dark skin tone
🦵🏿	People & Body	leg: dark skin tone	bent | dark skin tone | foot | kick | knee | leg | limb
🦶	People & Body	foot	ankle | feet | foot | kick | stomp
🦶🏻	People & Body	foot: light skin tone	ankle | feet | foot | kick | light skin tone | stomp
🦶🏼	People & Body	foot: medium-light skin tone	ankle | feet | foot | kick | medium-light skin tone | stomp
🦶🏽	People & Body	foot: medium skin tone	ankle | feet | foot | kick | medium skin tone | stomp
🦶🏾	People & Body	foot: medium-dark skin tone	ankle | feet | foot | kick | medium-dark skin tone | stomp
🦶🏿	People & Body	foot: dark skin tone	ankle | dark skin tone | feet | foot | kick | stomp
👂	People & Body	ear	body | ear | ears | hear | hearing | listen | listening | sound
👂🏻	People & Body	ear: light skin tone	body | ear | ears | hear | hearing | light skin tone | listen | listening | sound
👂🏼	People & Body	ear: medium-light skin tone	body | ear | ears | hear | hearing | listen | listening | medium-light skin tone | sound
👂🏽	People & Body	ear: medium skin tone	body | ear | ears | hear | hearing | listen | listening | medium skin tone | sound
👂🏾	People & Body	ear: medium-dark skin tone	body | ear | ears | hear | hearing | listen | listening | medium-dark skin tone | sound
👂🏿	People & Body	ear: dark skin tone	body | dark skin tone | ear | ears | hear | hearing | listen | listening | sound
🦻	People & Body	ear with hearing aid	accessibility | aid | ear | hard | hearing | ear with hearing aid | hard of hearing | hearing impaired
🦻🏻	People & Body	ear with hearing aid: light skin tone	accessibility | aid | ear | hard | hearing | light skin tone | ear with hearing aid | hard of hearing | hearing impaired
🦻🏼	People & Body	ear with hearing aid: medium-light skin tone	accessibility | aid | ear | hard | hearing | medium-light skin tone | ear with hearing aid | hard of hearing | hearing impaired
🦻🏽	People & Body	ear with hearing aid: medium skin tone	accessibility | aid | ear | hard | hearing | medium skin tone | ear with hearing aid | hard of hearing | hearing impaired
🦻🏾	People & Body	ear with hearing aid: medium-dark skin tone	accessibility | aid | ear | hard | hearing | medium-dark skin tone | ear with hearing aid | hard of hearing | hearing impaired
🦻🏿	People & Body	ear with hearing aid: dark skin tone	accessibility | aid | dark skin tone | ear | hard | hearing | ear with hearing aid | hard of hearing | hearing impaired
👃	People & Body	nose	body | nose | noses | nosey | odor | smell | smells | odour
👃🏻	People & Body	nose: light skin tone	body | light skin tone | nose | noses | nosey | odor | smell | smells | odour
👃🏼	People & Body	nose: medium-light skin tone	body | medium-light skin tone | nose | noses | nosey | odor | smell | smells | odour
👃🏽	People & Body	nose: medium skin tone	body | medium skin tone | nose | noses | nosey | odor | smell | smells | odour
👃🏾	People & Body	nose: medium-dark skin tone	body | medium-dark skin tone | nose | noses | nosey | odor | smell | smells | odour
👃🏿	People & Body	nose: dark skin tone	body | dark skin tone | nose | noses | nosey | odor | smell | smells | odour
🧠	People & Body	brain	brain | intelligent | smart
🫀	People & Body	anatomical heart	anatomical | beat | cardiology | heart | heartbeat | organ | pulse | real | red
🫁	People & Body	lungs	breath | breathe | exhalation | inhalation | lung | lungs | organ | respiration
🦷	People & Body	tooth	dentist | pearly | teeth | tooth | white
🦴	People & Body	bone	bone | bones | dog | skeleton | wishbone
👀	People & Body	eyes	body | eye | eyes | face | googly | look | looking | omg | peep | see | seeing
👁️	People & Body	eye	
👁	People & Body	eye	1 | body | eye | one
👅	People & Body	tongue	body | lick | slurp | tongue
👄	People & Body	mouth	beauty | body | kiss | kissing | lips | lipstick | mouth
🫦	People & Body	biting lip	anxious | bite | biting | fear | flirt | flirting | kiss | lip | lipstick | nervous | sexy | uncomfortable | worried | worry
👶	People & Body	baby	babies | baby | children | goo | infant | newborn | pregnant | young
👶🏻	People & Body	baby: light skin tone	babies | baby | children | goo | infant | light skin tone | newborn | pregnant | young
👶🏼	People & Body	baby: medium-light skin tone	babies | baby | children | goo | infant | medium-light skin tone | newborn | pregnant | young
👶🏽	People & Body	baby: medium skin tone	babies | baby | children | goo | infant | medium skin tone | newborn | pregnant | young
👶🏾	People & Body	baby: medium-dark skin tone	babies | baby | children | goo | infant | medium-dark skin tone | newborn | pregnant | young
👶🏿	People & Body	baby: dark skin tone	babies | baby | children | dark skin tone | goo | infant | newborn | pregnant | young
🧒	People & Body	child	bright-eyed | child | grandchild | kid | young | younger
🧒🏻	People & Body	child: light skin tone	bright-eyed | child | grandchild | kid | light skin tone | young | younger
🧒🏼	People & Body	child: medium-light skin tone	bright-eyed | child | grandchild | kid | medium-light skin tone | young | younger
🧒🏽	People & Body	child: medium skin tone	bright-eyed | child | grandchild | kid | medium skin tone | young | younger
🧒🏾	People & Body	child: medium-dark skin tone	bright-eyed | child | grandchild | kid | medium-dark skin tone | young | younger
🧒🏿	People & Body	child: dark skin tone	bright-eyed | child | dark skin tone | grandchild | kid | young | younger
👦	People & Body	boy	boy | bright-eyed | child | grandson | kid | son | young | younger | young person
👦🏻	People & Body	boy: light skin tone	boy | bright-eyed | child | grandson | kid | light skin tone | son | young | younger | young person
👦🏼	People & Body	boy: medium-light skin tone	boy | bright-eyed | child | grandson | kid | medium-light skin tone | son | young | younger | young person
👦🏽	People & Body	boy: medium skin tone	boy | bright-eyed | child | grandson | kid | medium skin tone | son | young | younger | young person
👦🏾	People & Body	boy: medium-dark skin tone	boy | bright-eyed | child | grandson | kid | medium-dark skin tone | son | young | younger | young person
👦🏿	People & Body	boy: dark skin tone	boy | bright-eyed | child | dark skin tone | grandson | kid | son | young | younger | young person
👧	People & Body	girl	bright-eyed | child | daughter | girl | granddaughter | kid | virgo | young | younger | zodiac | young person
👧🏻	People & Body	girl: light skin tone	bright-eyed | child | daughter | girl | granddaughter | kid | light skin tone | virgo | young | younger | zodiac | young person
👧🏼	People & Body	girl: medium-light skin tone	bright-eyed | child | daughter | girl | granddaughter | kid | medium-light skin tone | virgo | young | younger | zodiac | young person
👧🏽	People & Body	girl: medium skin tone	bright-eyed | child | daughter | girl | granddaughter | kid | medium skin tone | virgo | young | younger | zodiac | young person
👧🏾	People & Body	girl: medium-dark skin tone	bright-eyed | child | daughter | girl | granddaughter | kid | medium-dark skin tone | virgo | young | younger | zodiac | young person
👧🏿	People & Body	girl: dark skin tone	bright-eyed | child | dark skin tone | daughter | girl | granddaughter | kid | virgo | young | younger | zodiac | young person
🧑	People & Body	person	adult | person
🧑🏻	People & Body	person: light skin tone	adult | light skin tone | person
🧑🏼	People & Body	person: medium-light skin tone	adult | medium-light skin tone | person
🧑🏽	People & Body	person: medium skin tone	adult | medium skin tone | person
🧑🏾	People & Body	person: medium-dark skin tone	adult | medium-dark skin tone | person
🧑🏿	People & Body	person: dark skin tone	adult | dark skin tone | person
👱	People & Body	person: blond hair	blond | blond-haired | human | person
👱🏻	People & Body	person: light skin tone, blond hair	blond | blond hair | blond-haired | human | light skin tone | person
👱🏼	People & Body	person: medium-light skin tone, blond hair	blond | blond hair | blond-haired | human | medium-light skin tone | person
👱🏽	People & Body	person: medium skin tone, blond hair	blond | blond hair | blond-haired | human | medium skin tone | person
👱🏾	People & Body	person: medium-dark skin tone, blond hair	blond | blond hair | blond-haired | human | medium-dark skin tone | person
👱🏿	People & Body	person: dark skin tone, blond hair	blond | blond hair | blond-haired | dark skin tone | human | person
👨	People & Body	man	adult | bro | man
👨🏻	People & Body	man: light skin tone	adult | bro | light skin tone | man
👨🏼	People & Body	man: medium-light skin tone	adult | bro | man | medium-light skin tone
👨🏽	People & Body	man: medium skin tone	adult | bro | man | medium skin tone
👨🏾	People & Body	man: medium-dark skin tone	adult | bro | man | medium-dark skin tone
👨🏿	People & Body	man: dark skin tone	adult | bro | dark skin tone | man
🧔	People & Body	person: beard	beard | bearded | person | whiskers
🧔🏻	People & Body	person: light skin tone, beard	beard | bearded | light skin tone | person | whiskers
🧔🏼	People & Body	person: medium-light skin tone, beard	beard | bearded | medium-light skin tone | person | whiskers
🧔🏽	People & Body	person: medium skin tone, beard	beard | bearded | medium skin tone | person | whiskers
🧔🏾	People & Body	person: medium-dark skin tone, beard	beard | bearded | medium-dark skin tone | person | whiskers
🧔🏿	People & Body	person: dark skin tone, beard	beard | bearded | dark skin tone | person | whiskers
🧔‍♂️	People & Body	man: beard	
🧔‍♂	People & Body	man: beard	beard | bearded | man | whiskers
🧔🏻‍♂️	People & Body	man: light skin tone, beard	
🧔🏻‍♂	People & Body	man: light skin tone, beard	beard | bearded | light skin tone | man | whiskers
🧔🏼‍♂️	People & Body	man: medium-light skin tone, beard	
🧔🏼‍♂	People & Body	man: medium-light skin tone, beard	beard | bearded | man | medium-light skin tone | whiskers
🧔🏽‍♂️	People & Body	man: medium skin tone, beard	
🧔🏽‍♂	People & Body	man: medium skin tone, beard	beard | bearded | man | medium skin tone | whiskers
🧔🏾‍♂️	People & Body	man: medium-dark skin tone, beard	
🧔🏾‍♂	People & Body	man: medium-dark skin tone, beard	beard | bearded | man | medium-dark skin tone | whiskers
🧔🏿‍♂️	People & Body	man: dark skin tone, beard	
🧔🏿‍♂	People & Body	man: dark skin tone, beard	beard | bearded | dark skin tone | man | whiskers
🧔‍♀️	People & Body	woman: beard	
🧔‍♀	People & Body	woman: beard	beard | bearded | whiskers | woman
🧔🏻‍♀️	People & Body	woman: light skin tone, beard	
🧔🏻‍♀	People & Body	woman: light skin tone, beard	beard | bearded | light skin tone | whiskers | woman
🧔🏼‍♀️	People & Body	woman: medium-light skin tone, beard	
🧔🏼‍♀	People & Body	woman: medium-light skin tone, beard	beard | bearded | medium-light skin tone | whiskers | woman
🧔🏽‍♀️	People & Body	woman: medium skin tone, beard	
🧔🏽‍♀	People & Body	woman: medium skin tone, beard	beard | bearded | medium skin tone | whiskers | woman
🧔🏾‍♀️	People & Body	woman: medium-dark skin tone, beard	
🧔🏾‍♀	People & Body	woman: medium-dark skin tone, beard	beard | bearded | medium-dark skin tone | whiskers | woman
🧔🏿‍♀️	People & Body	woman: dark skin tone, beard	
🧔🏿‍♀	People & Body	woman: dark skin tone, beard	beard | bearded | dark skin tone | whiskers | woman
👨‍🦰	People & Body	man: red hair	adult | bro | man | red hair
👨🏻‍🦰	People & Body	man: light skin tone, red hair	adult | bro | light skin tone | man | red hair
👨🏼‍🦰	People & Body	man: medium-light skin tone, red hair	adult | bro | man | medium-light skin tone | red hair
👨🏽‍🦰	People & Body	man: medium skin tone, red hair	adult | bro | man | medium skin tone | red hair
👨🏾‍🦰	People & Body	man: medium-dark skin tone, red hair	adult | bro | man | medium-dark skin tone | red hair
👨🏿‍🦰	People & Body	man: dark skin tone, red hair	adult | bro | dark skin tone | man | red hair
👨‍🦱	People & Body	man: curly hair	adult | bro | curly hair | man
👨🏻‍🦱	People & Body	man: light skin tone, curly hair	adult | bro | curly hair | light skin tone | man
👨🏼‍🦱	People & Body	man: medium-light skin tone, curly hair	adult | bro | curly hair | man | medium-light skin tone
👨🏽‍🦱	People & Body	man: medium skin tone, curly hair	adult | bro | curly hair | man | medium skin tone
👨🏾‍🦱	People & Body	man: medium-dark skin tone, curly hair	adult | bro | curly hair | man | medium-dark skin tone
👨🏿‍🦱	People & Body	man: dark skin tone, curly hair	adult | bro | curly hair | dark skin tone | man
👨‍🦳	People & Body	man: white hair	adult | bro | man | white hair
👨🏻‍🦳	People & Body	man: light skin tone, white hair	adult | bro | light skin tone | man | white hair
👨🏼‍🦳	People & Body	man: medium-light skin tone, white hair	adult | bro | man | medium-light skin tone | white hair
👨🏽‍🦳	People & Body	man: medium skin tone, white hair	adult | bro | man | medium skin tone | white hair
👨🏾‍🦳	People & Body	man: medium-dark skin tone, white hair	adult | bro | man | medium-dark skin tone | white hair
👨🏿‍🦳	People & Body	man: dark skin tone, white hair	adult | bro | dark skin tone | man | white hair
👨‍🦲	People & Body	man: bald	adult | bald | bro | man
👨🏻‍🦲	People & Body	man: light skin tone, bald	adult | bald | bro | light skin tone | man
👨🏼‍🦲	People & Body	man: medium-light skin tone, bald	adult | bald | bro | man | medium-light skin tone
👨🏽‍🦲	People & Body	man: medium skin tone, bald	adult | bald | bro | man | medium skin tone
👨🏾‍🦲	People & Body	man: medium-dark skin tone, bald	adult | bald | bro | man | medium-dark skin tone
👨🏿‍🦲	People & Body	man: dark skin tone, bald	adult | bald | bro | dark skin tone | man
👩	People & Body	woman	adult | lady | woman
👩🏻	People & Body	woman: light skin tone	adult | lady | light skin tone | woman
👩🏼	People & Body	woman: medium-light skin tone	adult | lady | medium-light skin tone | woman
👩🏽	People & Body	woman: medium skin tone	adult | lady | medium skin tone | woman
👩🏾	People & Body	woman: medium-dark skin tone	adult | lady | medium-dark skin tone | woman
👩🏿	People & Body	woman: dark skin tone	adult | dark skin tone | lady | woman
👩‍🦰	People & Body	woman: red hair	adult | lady | red hair | woman
👩🏻‍🦰	People & Body	woman: light skin tone, red hair	adult | lady | light skin tone | red hair | woman
👩🏼‍🦰	People & Body	woman: medium-light skin tone, red hair	adult | lady | medium-light skin tone | red hair | woman
👩🏽‍🦰	People & Body	woman: medium skin tone, red hair	adult | lady | medium skin tone | red hair | woman
👩🏾‍🦰	People & Body	woman: medium-dark skin tone, red hair	adult | lady | medium-dark skin tone | red hair | woman
👩🏿‍🦰	People & Body	woman: dark skin tone, red hair	adult | dark skin tone | lady | red hair | woman
🧑‍🦰	People & Body	person: red hair	adult | person | red hair
🧑🏻‍🦰	People & Body	person: light skin tone, red hair	adult | light skin tone | person | red hair
🧑🏼‍🦰	People & Body	person: medium-light skin tone, red hair	adult | medium-light skin tone | person | red hair
🧑🏽‍🦰	People & Body	person: medium skin tone, red hair	adult | medium skin tone | person | red hair
🧑🏾‍🦰	People & Body	person: medium-dark skin tone, red hair	adult | medium-dark skin tone | person | red hair
🧑🏿‍🦰	People & Body	person: dark skin tone, red hair	adult | dark skin tone | person | red hair
👩‍🦱	People & Body	woman: curly hair	adult | curly hair | lady | woman
👩🏻‍🦱	People & Body	woman: light skin tone, curly hair	adult | curly hair | lady | light skin tone | woman
👩🏼‍🦱	People & Body	woman: medium-light skin tone, curly hair	adult | curly hair | lady | medium-light skin tone | woman
👩🏽‍🦱	People & Body	woman: medium skin tone, curly hair	adult | curly hair | lady | medium skin tone | woman
👩🏾‍🦱	People & Body	woman: medium-dark skin tone, curly hair	adult | curly hair | lady | medium-dark skin tone | woman
👩🏿‍🦱	People & Body	woman: dark skin tone, curly hair	adult | curly hair | dark skin tone | lady | woman
🧑‍🦱	People & Body	person: curly hair	adult | curly hair | person
🧑🏻‍🦱	People & Body	person: light skin tone, curly hair	adult | curly hair | light skin tone | person
🧑🏼‍🦱	People & Body	person: medium-light skin tone, curly hair	adult | curly hair | medium-light skin tone | person
🧑🏽‍🦱	People & Body	person: medium skin tone, curly hair	adult | curly hair | medium skin tone | person
🧑🏾‍🦱	People & Body	person: medium-dark skin tone, curly hair	adult | curly hair | medium-dark skin tone | person
🧑🏿‍🦱	People & Body	person: dark skin tone, curly hair	adult | curly hair | dark skin tone | person
👩‍🦳	People & Body	woman: white hair	adult | lady | white hair | woman
👩🏻‍🦳	People & Body	woman: light skin tone, white hair	adult | lady | light skin tone | white hair | woman
👩🏼‍🦳	People & Body	woman: medium-light skin tone, white hair	adult | lady | medium-light skin tone | white hair | woman
👩🏽‍🦳	People & Body	woman: medium skin tone, white hair	adult | lady | medium skin tone | white hair | woman
👩🏾‍🦳	People & Body	woman: medium-dark skin tone, white hair	adult | lady | medium-dark skin tone | white hair | woman
👩🏿‍🦳	People & Body	woman: dark skin tone, white hair	adult | dark skin tone | lady | white hair | woman
🧑‍🦳	People & Body	person: white hair	adult | person | white hair
🧑🏻‍🦳	People & Body	person: light skin tone, white hair	adult | light skin tone | person | white hair
🧑🏼‍🦳	People & Body	person: medium-light skin tone, white hair	adult | medium-light skin tone | person | white hair
🧑🏽‍🦳	People & Body	person: medium skin tone, white hair	adult | medium skin tone | person | white hair
🧑🏾‍🦳	People & Body	person: medium-dark skin tone, white hair	adult | medium-dark skin tone | person | white hair
🧑🏿‍🦳	People & Body	person: dark skin tone, white hair	adult | dark skin tone | person | white hair
👩‍🦲	People & Body	woman: bald	adult | bald | lady | woman
👩🏻‍🦲	People & Body	woman: light skin tone, bald	adult | bald | lady | light skin tone | woman
👩🏼‍🦲	People & Body	woman: medium-light skin tone, bald	adult | bald | lady | medium-light skin tone | woman
👩🏽‍🦲	People & Body	woman: medium skin tone, bald	adult | bald | lady | medium skin tone | woman
👩🏾‍🦲	People & Body	woman: medium-dark skin tone, bald	adult | bald | lady | medium-dark skin tone | woman
👩🏿‍🦲	People & Body	woman: dark skin tone, bald	adult | bald | dark skin tone | lady | woman
🧑‍🦲	People & Body	person: bald	adult | bald | person
🧑🏻‍🦲	People & Body	person: light skin tone, bald	adult | bald | light skin tone | person
🧑🏼‍🦲	People & Body	person: medium-light skin tone, bald	adult | bald | medium-light skin tone | person
🧑🏽‍🦲	People & Body	person: medium skin tone, bald	adult | bald | medium skin tone | person
🧑🏾‍🦲	People & Body	person: medium-dark skin tone, bald	adult | bald | medium-dark skin tone | person
🧑🏿‍🦲	People & Body	person: dark skin tone, bald	adult | bald | dark skin tone | person
👱‍♀️	People & Body	woman: blond hair	
👱‍♀	People & Body	woman: blond hair	blond | blond-haired | blonde | hair | woman
👱🏻‍♀️	People & Body	woman: light skin tone, blond hair	
👱🏻‍♀	People & Body	woman: light skin tone, blond hair	blond | blond-haired | blonde | hair | light skin tone | woman
👱🏼‍♀️	People & Body	woman: medium-light skin tone, blond hair	
👱🏼‍♀	People & Body	woman: medium-light skin tone, blond hair	blond | blond-haired | blonde | hair | medium-light skin tone | woman
👱🏽‍♀️	People & Body	woman: medium skin tone, blond hair	
👱🏽‍♀	People & Body	woman: medium skin tone, blond hair	blond | blond-haired | blonde | hair | medium skin tone | woman
👱🏾‍♀️	People & Body	woman: medium-dark skin tone, blond hair	
👱🏾‍♀	People & Body	woman: medium-dark skin tone, blond hair	blond | blond-haired | blonde | hair | medium-dark skin tone | woman
👱🏿‍♀️	People & Body	woman: dark skin tone, blond hair	
👱🏿‍♀	People & Body	woman: dark skin tone, blond hair	blond | blond-haired | blonde | dark skin tone | hair | woman
👱‍♂️	People & Body	man: blond hair	
👱‍♂	People & Body	man: blond hair	blond | blond-haired | hair | man
👱🏻‍♂️	People & Body	man: light skin tone, blond hair	
👱🏻‍♂	People & Body	man: light skin tone, blond hair	blond | blond-haired | hair | light skin tone | man
👱🏼‍♂️	People & Body	man: medium-light skin tone, blond hair	
👱🏼‍♂	People & Body	man: medium-light skin tone, blond hair	blond | blond-haired | hair | man | medium-light skin tone
👱🏽‍♂️	People & Body	man: medium skin tone, blond hair	
👱🏽‍♂	People & Body	man: medium skin tone, blond hair	blond | blond-haired | hair | man | medium skin tone
👱🏾‍♂️	People & Body	man: medium-dark skin tone, blond hair	
👱🏾‍♂	People & Body	man: medium-dark skin tone, blond hair	blond | blond-haired | hair | man | medium-dark skin tone
👱🏿‍♂️	People & Body	man: dark skin tone, blond hair	
👱🏿‍♂	People & Body	man: dark skin tone, blond hair	blond | blond-haired | dark skin tone | hair | man
🧓	People & Body	older person	adult | elderly | grandparent | old | person | wise
🧓🏻	People & Body	older person: light skin tone	adult | elderly | grandparent | light skin tone | old | person | wise
🧓🏼	People & Body	older person: medium-light skin tone	adult | elderly | grandparent | medium-light skin tone | old | person | wise
🧓🏽	People & Body	older person: medium skin tone	adult | elderly | grandparent | medium skin tone | old | person | wise
🧓🏾	People & Body	older person: medium-dark skin tone	adult | elderly | grandparent | medium-dark skin tone | old | person | wise
🧓🏿	People & Body	older person: dark skin tone	adult | dark skin tone | elderly | grandparent | old | person | wise
👴	People & Body	old man	adult | bald | elderly | gramps | grandfather | grandpa | man | old | wise
👴🏻	People & Body	old man: light skin tone	adult | bald | elderly | gramps | grandfather | grandpa | light skin tone | man | old | wise
👴🏼	People & Body	old man: medium-light skin tone	adult | bald | elderly | gramps | grandfather | grandpa | man | medium-light skin tone | old | wise
👴🏽	People & Body	old man: medium skin tone	adult | bald | elderly | gramps | grandfather | grandpa | man | medium skin tone | old | wise
👴🏾	People & Body	old man: medium-dark skin tone	adult | bald | elderly | gramps | grandfather | grandpa | man | medium-dark skin tone | old | wise
👴🏿	People & Body	old man: dark skin tone	adult | bald | dark skin tone | elderly | gramps | grandfather | grandpa | man | old | wise
👵	People & Body	old woman	adult | elderly | grandma | grandmother | granny | lady | old | wise | woman
👵🏻	People & Body	old woman: light skin tone	adult | elderly | grandma | grandmother | granny | lady | light skin tone | old | wise | woman
👵🏼	People & Body	old woman: medium-light skin tone	adult | elderly | grandma | grandmother | granny | lady | medium-light skin tone | old | wise | woman
👵🏽	People & Body	old woman: medium skin tone	adult | elderly | grandma | grandmother | granny | lady | medium skin tone | old | wise | woman
👵🏾	People & Body	old woman: medium-dark skin tone	adult | elderly | grandma | grandmother | granny | lady | medium-dark skin tone | old | wise | woman
👵🏿	People & Body	old woman: dark skin tone	adult | dark skin tone | elderly | grandma | grandmother | granny | lady | old | wise | woman
🙍	People & Body	person frowning	annoyed | disappointed | disgruntled | disturbed | frown | frowning | frustrated | gesture | irritated | person | upset
🙍🏻	People & Body	person frowning: light skin tone	annoyed | disappointed | disgruntled | disturbed | frown | frowning | frustrated | gesture | irritated | light skin tone | person | upset
🙍🏼	People & Body	person frowning: medium-light skin tone	annoyed | disappointed | disgruntled | disturbed | frown | frowning | frustrated | gesture | irritated | medium-light skin tone | person | upset
🙍🏽	People & Body	person frowning: medium skin tone	annoyed | disappointed | disgruntled | disturbed | frown | frowning | frustrated | gesture | irritated | medium skin tone | person | upset
🙍🏾	People & Body	person frowning: medium-dark skin tone	annoyed | disappointed | disgruntled | disturbed | frown | frowning | frustrated | gesture | irritated | medium-dark skin tone | person | upset
🙍🏿	People & Body	person frowning: dark skin tone	annoyed | dark skin tone | disappointed | disgruntled | disturbed | frown | frowning | frustrated | gesture | irritated | person | upset
🙍‍♂️	People & Body	man frowning	
🙍‍♂	People & Body	man frowning	annoyed | disappointed | disgruntled | disturbed | frown | frowning | frustrated | gesture | irritated | man | upset
🙍🏻‍♂️	People & Body	man frowning: light skin tone	
🙍🏻‍♂	People & Body	man frowning: light skin tone	annoyed | disappointed | disgruntled | disturbed | frown | frowning | frustrated | gesture | irritated | light skin tone | man | upset
🙍🏼‍♂️	People & Body	man frowning: medium-light skin tone	
🙍🏼‍♂	People & Body	man frowning: medium-light skin tone	annoyed | disappointed | disgruntled | disturbed | frown | frowning | frustrated | gesture | irritated | man | medium-light skin tone | upset
🙍🏽‍♂️	People & Body	man frowning: medium skin tone	
🙍🏽‍♂	People & Body	man frowning: medium skin tone	annoyed | disappointed | disgruntled | disturbed | frown | frowning | frustrated | gesture | irritated | man | medium skin tone | upset
🙍🏾‍♂️	People & Body	man frowning: medium-dark skin tone	
🙍🏾‍♂	People & Body	man frowning: medium-dark skin tone	annoyed | disappointed | disgruntled | disturbed | frown | frowning | frustrated | gesture | irritated | man | medium-dark skin tone | upset
🙍🏿‍♂️	People & Body	man frowning: dark skin tone	
🙍🏿‍♂	People & Body	man frowning: dark skin tone	annoyed | dark skin tone | disappointed | disgruntled | disturbed | frown | frowning | frustrated | gesture | irritated | man | upset
🙍‍♀️	People & Body	woman frowning	
🙍‍♀	People & Body	woman frowning	annoyed | disappointed | disgruntled | disturbed | frown | frowning | frustrated | gesture | irritated | upset | woman
🙍🏻‍♀️	People & Body	woman frowning: light skin tone	
🙍🏻‍♀	People & Body	woman frowning: light skin tone	annoyed | disappointed | disgruntled | disturbed | frown | frowning | frustrated | gesture | irritated | light skin tone | upset | woman
🙍🏼‍♀️	People & Body	woman frowning: medium-light skin tone	
🙍🏼‍♀	People & Body	woman frowning: medium-light skin tone	annoyed | disappointed | disgruntled | disturbed | frown | frowning | frustrated | gesture | irritated | medium-light skin tone | upset | woman
🙍🏽‍♀️	People & Body	woman frowning: medium skin tone	
🙍🏽‍♀	People & Body	woman frowning: medium skin tone	annoyed | disappointed | disgruntled | disturbed | frown | frowning | frustrated | gesture | irritated | medium skin tone | upset | woman
🙍🏾‍♀️	People & Body	woman frowning: medium-dark skin tone	
🙍🏾‍♀	People & Body	woman frowning: medium-dark skin tone	annoyed | disappointed | disgruntled | disturbed | frown | frowning | frustrated | gesture | irritated | medium-dark skin tone | upset | woman
🙍🏿‍♀️	People & Body	woman frowning: dark skin tone	
🙍🏿‍♀	People & Body	woman frowning: dark skin tone	annoyed | dark skin tone | disappointed | disgruntled | disturbed | frown | frowning | frustrated | gesture | irritated | upset | woman
🙎	People & Body	person pouting	disappointed | downtrodden | frown | grimace | person | pouting | scowl | sulk | upset | whine | facial expression | gesture | person pouting
🙎🏻	People & Body	person pouting: light skin tone	disappointed | downtrodden | frown | grimace | light skin tone | person | pouting | scowl | sulk | upset | whine | facial expression | gesture | person pouting
🙎🏼	People & Body	person pouting: medium-light skin tone	disappointed | downtrodden | frown | grimace | medium-light skin tone | person | pouting | scowl | sulk | upset | whine | facial expression | gesture | person pouting
🙎🏽	People & Body	person pouting: medium skin tone	disappointed | downtrodden | frown | grimace | medium skin tone | person | pouting | scowl | sulk | upset | whine | facial expression | gesture | person pouting
🙎🏾	People & Body	person pouting: medium-dark skin tone	disappointed | downtrodden | frown | grimace | medium-dark skin tone | person | pouting | scowl | sulk | upset | whine | facial expression | gesture | person pouting
🙎🏿	People & Body	person pouting: dark skin tone	dark skin tone | disappointed | downtrodden | frown | grimace | person | pouting | scowl | sulk | upset | whine | facial expression | gesture | person pouting
🙎‍♂️	People & Body	man pouting	
🙎‍♂	People & Body	man pouting	disappointed | downtrodden | frown | grimace | man | pouting | scowl | sulk | upset | whine
🙎🏻‍♂️	People & Body	man pouting: light skin tone	
🙎🏻‍♂	People & Body	man pouting: light skin tone	disappointed | downtrodden | frown | grimace | light skin tone | man | pouting | scowl | sulk | upset | whine
🙎🏼‍♂️	People & Body	man pouting: medium-light skin tone	
🙎🏼‍♂	People & Body	man pouting: medium-light skin tone	disappointed | downtrodden | frown | grimace | man | medium-light skin tone | pouting | scowl | sulk | upset | whine
🙎🏽‍♂️	People & Body	man pouting: medium skin tone	
🙎🏽‍♂	People & Body	man pouting: medium skin tone	disappointed | downtrodden | frown | grimace | man | medium skin tone | pouting | scowl | sulk | upset | whine
🙎🏾‍♂️	People & Body	man pouting: medium-dark skin tone	
🙎🏾‍♂	People & Body	man pouting: medium-dark skin tone	disappointed | downtrodden | frown | grimace | man | medium-dark skin tone | pouting | scowl | sulk | upset | whine
🙎🏿‍♂️	People & Body	man pouting: dark skin tone	
🙎🏿‍♂	People & Body	man pouting: dark skin tone	dark skin tone | disappointed | downtrodden | frown | grimace | man | pouting | scowl | sulk | upset | whine
🙎‍♀️	People & Body	woman pouting	
🙎‍♀	People & Body	woman pouting	disappointed | downtrodden | frown | grimace | pouting | scowl | sulk | upset | whine | woman
🙎🏻‍♀️	People & Body	woman pouting: light skin tone	
🙎🏻‍♀	People & Body	woman pouting: light skin tone	disappointed | downtrodden | frown | grimace | light skin tone | pouting | scowl | sulk | upset | whine | woman
🙎🏼‍♀️	People & Body	woman pouting: medium-light skin tone	
🙎🏼‍♀	People & Body	woman pouting: medium-light skin tone	disappointed | downtrodden | frown | grimace | medium-light skin tone | pouting | scowl | sulk | upset | whine | woman
🙎🏽‍♀️	People & Body	woman pouting: medium skin tone	
🙎🏽‍♀	People & Body	woman pouting: medium skin tone	disappointed | downtrodden | frown | grimace | medium skin tone | pouting | scowl | sulk | upset | whine | woman
🙎🏾‍♀️	People & Body	woman pouting: medium-dark skin tone	
🙎🏾‍♀	People & Body	woman pouting: medium-dark skin tone	disappointed | downtrodden | frown | grimace | medium-dark skin tone | pouting | scowl | sulk | upset | whine | woman
🙎🏿‍♀️	People & Body	woman pouting: dark skin tone	
🙎🏿‍♀	People & Body	woman pouting: dark skin tone	dark skin tone | disappointed | downtrodden | frown | grimace | pouting | scowl | sulk | upset | whine | woman
🙅	People & Body	person gesturing NO	forbidden | gesture | hand | no | not | person | prohibit
🙅🏻	People & Body	person gesturing NO: light skin tone	forbidden | gesture | hand | light skin tone | no | not | person | prohibit
🙅🏼	People & Body	person gesturing NO: medium-light skin tone	forbidden | gesture | hand | medium-light skin tone | no | not | person | prohibit
🙅🏽	People & Body	person gesturing NO: medium skin tone	forbidden | gesture | hand | medium skin tone | no | not | person | prohibit
🙅🏾	People & Body	person gesturing NO: medium-dark skin tone	forbidden | gesture | hand | medium-dark skin tone | no | not | person | prohibit
🙅🏿	People & Body	person gesturing NO: dark skin tone	dark skin tone | forbidden | gesture | hand | no | not | person | prohibit
🙅‍♂️	People & Body	man gesturing NO	
🙅‍♂	People & Body	man gesturing NO	forbidden | gesture | hand | man | no | not | prohibit
🙅🏻‍♂️	People & Body	man gesturing NO: light skin tone	
🙅🏻‍♂	People & Body	man gesturing NO: light skin tone	forbidden | gesture | hand | light skin tone | man | no | not | prohibit
🙅🏼‍♂️	People & Body	man gesturing NO: medium-light skin tone	
🙅🏼‍♂	People & Body	man gesturing NO: medium-light skin tone	forbidden | gesture | hand | man | medium-light skin tone | no | not | prohibit
🙅🏽‍♂️	People & Body	man gesturing NO: medium skin tone	
🙅🏽‍♂	People & Body	man gesturing NO: medium skin tone	forbidden | gesture | hand | man | medium skin tone | no | not | prohibit
🙅🏾‍♂️	People & Body	man gesturing NO: medium-dark skin tone	
🙅🏾‍♂	People & Body	man gesturing NO: medium-dark skin tone	forbidden | gesture | hand | man | medium-dark skin tone | no | not | prohibit
🙅🏿‍♂️	People & Body	man gesturing NO: dark skin tone	
🙅🏿‍♂	People & Body	man gesturing NO: dark skin tone	dark skin tone | forbidden | gesture | hand | man | no | not | prohibit
🙅‍♀️	People & Body	woman gesturing NO	
🙅‍♀	People & Body	woman gesturing NO	forbidden | gesture | hand | no | not | prohibit | woman
🙅🏻‍♀️	People & Body	woman gesturing NO: light skin tone	
🙅🏻‍♀	People & Body	woman gesturing NO: light skin tone	forbidden | gesture | hand | light skin tone | no | not | prohibit | woman
🙅🏼‍♀️	People & Body	woman gesturing NO: medium-light skin tone	
🙅🏼‍♀	People & Body	woman gesturing NO: medium-light skin tone	forbidden | gesture | hand | medium-light skin tone | no | not | prohibit | woman
🙅🏽‍♀️	People & Body	woman gesturing NO: medium skin tone	
🙅🏽‍♀	People & Body	woman gesturing NO: medium skin tone	forbidden | gesture | hand | medium skin tone | no | not | prohibit | woman
🙅🏾‍♀️	People & Body	woman gesturing NO: medium-dark skin tone	
🙅🏾‍♀	People & Body	woman gesturing NO: medium-dark skin tone	forbidden | gesture | hand | medium-dark skin tone | no | not | prohibit | woman
🙅🏿‍♀️	People & Body	woman gesturing NO: dark skin tone	
🙅🏿‍♀	People & Body	woman gesturing NO: dark skin tone	dark skin tone | forbidden | gesture | hand | no | not | prohibit | woman
🙆	People & Body	person gesturing OK	exercise | gesture | gesturing | hand | ok | omg | person
🙆🏻	People & Body	person gesturing OK: light skin tone	exercise | gesture | gesturing | hand | light skin tone | ok | omg | person
🙆🏼	People & Body	person gesturing OK: medium-light skin tone	exercise | gesture | gesturing | hand | medium-light skin tone | ok | omg | person
🙆🏽	People & Body	person gesturing OK: medium skin tone	exercise | gesture | gesturing | hand | medium skin tone | ok | omg | person
🙆🏾	People & Body	person gesturing OK: medium-dark skin tone	exercise | gesture | gesturing | hand | medium-dark skin tone | ok | omg | person
🙆🏿	People & Body	person gesturing OK: dark skin tone	dark skin tone | exercise | gesture | gesturing | hand | ok | omg | person
🙆‍♂️	People & Body	man gesturing OK	
🙆‍♂	People & Body	man gesturing OK	exercise | gesture | gesturing | hand | man | ok | omg
🙆🏻‍♂️	People & Body	man gesturing OK: light skin tone	
🙆🏻‍♂	People & Body	man gesturing OK: light skin tone	exercise | gesture | gesturing | hand | light skin tone | man | ok | omg
🙆🏼‍♂️	People & Body	man gesturing OK: medium-light skin tone	
🙆🏼‍♂	People & Body	man gesturing OK: medium-light skin tone	exercise | gesture | gesturing | hand | man | medium-light skin tone | ok | omg
🙆🏽‍♂️	People & Body	man gesturing OK: medium skin tone	
🙆🏽‍♂	People & Body	man gesturing OK: medium skin tone	exercise | gesture | gesturing | hand | man | medium skin tone | ok | omg
🙆🏾‍♂️	People & Body	man gesturing OK: medium-dark skin tone	
🙆🏾‍♂	People & Body	man gesturing OK: medium-dark skin tone	exercise | gesture | gesturing | hand | man | medium-dark skin tone | ok | omg
🙆🏿‍♂️	People & Body	man gesturing OK: dark skin tone	
🙆🏿‍♂	People & Body	man gesturing OK: dark skin tone	dark skin tone | exercise | gesture | gesturing | hand | man | ok | omg
🙆‍♀️	People & Body	woman gesturing OK	
🙆‍♀	People & Body	woman gesturing OK	exercise | gesture | gesturing | hand | ok | omg | woman
🙆🏻‍♀️	People & Body	woman gesturing OK: light skin tone	
🙆🏻‍♀	People & Body	woman gesturing OK: light skin tone	exercise | gesture | gesturing | hand | light skin tone | ok | omg | woman
🙆🏼‍♀️	People & Body	woman gesturing OK: medium-light skin tone	
🙆🏼‍♀	People & Body	woman gesturing OK: medium-light skin tone	exercise | gesture | gesturing | hand | medium-light skin tone | ok | omg | woman
🙆🏽‍♀️	People & Body	woman gesturing OK: medium skin tone	
🙆🏽‍♀	People & Body	woman gesturing OK: medium skin tone	exercise | gesture | gesturing | hand | medium skin tone | ok | omg | woman
🙆🏾‍♀️	People & Body	woman gesturing OK: medium-dark skin tone	
🙆🏾‍♀	People & Body	woman gesturing OK: medium-dark skin tone	exercise | gesture | gesturing | hand | medium-dark skin tone | ok | omg | woman
🙆🏿‍♀️	People & Body	woman gesturing OK: dark skin tone	
🙆🏿‍♀	People & Body	woman gesturing OK: dark skin tone	dark skin tone | exercise | gesture | gesturing | hand | ok | omg | woman
💁	People & Body	person tipping hand	fetch | flick | flip | gossip | hand | person | sarcasm | sarcastic | sassy | seriously | tipping | whatever
💁🏻	People & Body	person tipping hand: light skin tone	fetch | flick | flip | gossip | hand | light skin tone | person | sarcasm | sarcastic | sassy | seriously | tipping | whatever
💁🏼	People & Body	person tipping hand: medium-light skin tone	fetch | flick | flip | gossip | hand | medium-light skin tone | person | sarcasm | sarcastic | sassy | seriously | tipping | whatever
💁🏽	People & Body	person tipping hand: medium skin tone	fetch | flick | flip | gossip | hand | medium skin tone | person | sarcasm | sarcastic | sassy | seriously | tipping | whatever
💁🏾	People & Body	person tipping hand: medium-dark skin tone	fetch | flick | flip | gossip | hand | medium-dark skin tone | person | sarcasm | sarcastic | sassy | seriously | tipping | whatever
💁🏿	People & Body	person tipping hand: dark skin tone	dark skin tone | fetch | flick | flip | gossip | hand | person | sarcasm | sarcastic | sassy | seriously | tipping | whatever
💁‍♂️	People & Body	man tipping hand	
💁‍♂	People & Body	man tipping hand	fetch | flick | flip | gossip | hand | man | sarcasm | sarcastic | sassy | seriously | tipping | whatever
💁🏻‍♂️	People & Body	man tipping hand: light skin tone	
💁🏻‍♂	People & Body	man tipping hand: light skin tone	fetch | flick | flip | gossip | hand | light skin tone | man | sarcasm | sarcastic | sassy | seriously | tipping | whatever
💁🏼‍♂️	People & Body	man tipping hand: medium-light skin tone	
💁🏼‍♂	People & Body	man tipping hand: medium-light skin tone	fetch | flick | flip | gossip | hand | man | medium-light skin tone | sarcasm | sarcastic | sassy | seriously | tipping | whatever
💁🏽‍♂️	People & Body	man tipping hand: medium skin tone	
💁🏽‍♂	People & Body	man tipping hand: medium skin tone	fetch | flick | flip | gossip | hand | man | medium skin tone | sarcasm | sarcastic | sassy | seriously | tipping | whatever
💁🏾‍♂️	People & Body	man tipping hand: medium-dark skin tone	
💁🏾‍♂	People & Body	man tipping hand: medium-dark skin tone	fetch | flick | flip | gossip | hand | man | medium-dark skin tone | sarcasm | sarcastic | sassy | seriously | tipping | whatever
💁🏿‍♂️	People & Body	man tipping hand: dark skin tone	
💁🏿‍♂	People & Body	man tipping hand: dark skin tone	dark skin tone | fetch | flick | flip | gossip | hand | man | sarcasm | sarcastic | sassy | seriously | tipping | whatever
💁‍♀️	People & Body	woman tipping hand	
💁‍♀	People & Body	woman tipping hand	fetch | flick | flip | gossip | hand | sarcasm | sarcastic | sassy | seriously | tipping | whatever | woman
💁🏻‍♀️	People & Body	woman tipping hand: light skin tone	
💁🏻‍♀	People & Body	woman tipping hand: light skin tone	fetch | flick | flip | gossip | hand | light skin tone | sarcasm | sarcastic | sassy | seriously | tipping | whatever | woman
💁🏼‍♀️	People & Body	woman tipping hand: medium-light skin tone	
💁🏼‍♀	People & Body	woman tipping hand: medium-light skin tone	fetch | flick | flip | gossip | hand | medium-light skin tone | sarcasm | sarcastic | sassy | seriously | tipping | whatever | woman
💁🏽‍♀️	People & Body	woman tipping hand: medium skin tone	
💁🏽‍♀	People & Body	woman tipping hand: medium skin tone	fetch | flick | flip | gossip | hand | medium skin tone | sarcasm | sarcastic | sassy | seriously | tipping | whatever | woman
💁🏾‍♀️	People & Body	woman tipping hand: medium-dark skin tone	
💁🏾‍♀	People & Body	woman tipping hand: medium-dark skin tone	fetch | flick | flip | gossip | hand | medium-dark skin tone | sarcasm | sarcastic | sassy | seriously | tipping | whatever | woman
💁🏿‍♀️	People & Body	woman tipping hand: dark skin tone	
💁🏿‍♀	People & Body	woman tipping hand: dark skin tone	dark skin tone | fetch | flick | flip | gossip | hand | sarcasm | sarcastic | sassy | seriously | tipping | whatever | woman
🙋	People & Body	person raising hand	gesture | hand | here | know | me | person | pick | question | raise | raising
🙋🏻	People & Body	person raising hand: light skin tone	gesture | hand | here | know | light skin tone | me | person | pick | question | raise | raising
🙋🏼	People & Body	person raising hand: medium-light skin tone	gesture | hand | here | know | me | medium-light skin tone | person | pick | question | raise | raising
🙋🏽	People & Body	person raising hand: medium skin tone	gesture | hand | here | know | me | medium skin tone | person | pick | question | raise | raising
🙋🏾	People & Body	person raising hand: medium-dark skin tone	gesture | hand | here | know | me | medium-dark skin tone | person | pick | question | raise | raising
🙋🏿	People & Body	person raising hand: dark skin tone	dark skin tone | gesture | hand | here | know | me | person | pick | question | raise | raising
🙋‍♂️	People & Body	man raising hand	
🙋‍♂	People & Body	man raising hand	gesture | hand | here | know | man | me | pick | question | raise | raising
🙋🏻‍♂️	People & Body	man raising hand: light skin tone	
🙋🏻‍♂	People & Body	man raising hand: light skin tone	gesture | hand | here | know | light skin tone | man | me | pick | question | raise | raising
🙋🏼‍♂️	People & Body	man raising hand: medium-light skin tone	
🙋🏼‍♂	People & Body	man raising hand: medium-light skin tone	gesture | hand | here | know | man | me | medium-light skin tone | pick | question | raise | raising
🙋🏽‍♂️	People & Body	man raising hand: medium skin tone	
🙋🏽‍♂	People & Body	man raising hand: medium skin tone	gesture | hand | here | know | man | me | medium skin tone | pick | question | raise | raising
🙋🏾‍♂️	People & Body	man raising hand: medium-dark skin tone	
🙋🏾‍♂	People & Body	man raising hand: medium-dark skin tone	gesture | hand | here | know | man | me | medium-dark skin tone | pick | question | raise | raising
🙋🏿‍♂️	People & Body	man raising hand: dark skin tone	
🙋🏿‍♂	People & Body	man raising hand: dark skin tone	dark skin tone | gesture | hand | here | know | man | me | pick | question | raise | raising
🙋‍♀️	People & Body	woman raising hand	
🙋‍♀	People & Body	woman raising hand	gesture | hand | here | know | me | pick | question | raise | raising | woman
🙋🏻‍♀️	People & Body	woman raising hand: light skin tone	
🙋🏻‍♀	People & Body	woman raising hand: light skin tone	gesture | hand | here | know | light skin tone | me | pick | question | raise | raising | woman
🙋🏼‍♀️	People & Body	woman raising hand: medium-light skin tone	
🙋🏼‍♀	People & Body	woman raising hand: medium-light skin tone	gesture | hand | here | know | me | medium-light skin tone | pick | question | raise | raising | woman
🙋🏽‍♀️	People & Body	woman raising hand: medium skin tone	
🙋🏽‍♀	People & Body	woman raising hand: medium skin tone	gesture | hand | here | know | me | medium skin tone | pick | question | raise | raising | woman
🙋🏾‍♀️	People & Body	woman raising hand: medium-dark skin tone	
🙋🏾‍♀	People & Body	woman raising hand: medium-dark skin tone	gesture | hand | here | know | me | medium-dark skin tone | pick | question | raise | raising | woman
🙋🏿‍♀️	People & Body	woman raising hand: dark skin tone	
🙋🏿‍♀	People & Body	woman raising hand: dark skin tone	dark skin tone | gesture | hand | here | know | me | pick | question | raise | raising | woman
🧏	People & Body	deaf person	accessibility | deaf | ear | gesture | hear | person | deaf person | hard of hearing | hearing impaired
🧏🏻	People & Body	deaf person: light skin tone	accessibility | deaf | ear | gesture | hear | light skin tone | person | deaf person | hard of hearing | hearing impaired
🧏🏼	People & Body	deaf person: medium-light skin tone	accessibility | deaf | ear | gesture | hear | medium-light skin tone | person | deaf person | hard of hearing | hearing impaired
🧏🏽	People & Body	deaf person: medium skin tone	accessibility | deaf | ear | gesture | hear | medium skin tone | person | deaf person | hard of hearing | hearing impaired
🧏🏾	People & Body	deaf person: medium-dark skin tone	accessibility | deaf | ear | gesture | hear | medium-dark skin tone | person | deaf person | hard of hearing | hearing impaired
🧏🏿	People & Body	deaf person: dark skin tone	accessibility | dark skin tone | deaf | ear | gesture | hear | person | deaf person | hard of hearing | hearing impaired
🧏‍♂️	People & Body	deaf man	
🧏‍♂	People & Body	deaf man	accessibility | deaf | ear | gesture | hear | man
🧏🏻‍♂️	People & Body	deaf man: light skin tone	
🧏🏻‍♂	People & Body	deaf man: light skin tone	accessibility | deaf | ear | gesture | hear | light skin tone | man
🧏🏼‍♂️	People & Body	deaf man: medium-light skin tone	
🧏🏼‍♂	People & Body	deaf man: medium-light skin tone	accessibility | deaf | ear | gesture | hear | man | medium-light skin tone
🧏🏽‍♂️	People & Body	deaf man: medium skin tone	
🧏🏽‍♂	People & Body	deaf man: medium skin tone	accessibility | deaf | ear | gesture | hear | man | medium skin tone
🧏🏾‍♂️	People & Body	deaf man: medium-dark skin tone	
🧏🏾‍♂	People & Body	deaf man: medium-dark skin tone	accessibility | deaf | ear | gesture | hear | man | medium-dark skin tone
🧏🏿‍♂️	People & Body	deaf man: dark skin tone	
🧏🏿‍♂	People & Body	deaf man: dark skin tone	accessibility | dark skin tone | deaf | ear | gesture | hear | man
🧏‍♀️	People & Body	deaf woman	
🧏‍♀	People & Body	deaf woman	accessibility | deaf | ear | gesture | hear | woman
🧏🏻‍♀️	People & Body	deaf woman: light skin tone	
🧏🏻‍♀	People & Body	deaf woman: light skin tone	accessibility | deaf | ear | gesture | hear | light skin tone | woman
🧏🏼‍♀️	People & Body	deaf woman: medium-light skin tone	
🧏🏼‍♀	People & Body	deaf woman: medium-light skin tone	accessibility | deaf | ear | gesture | hear | medium-light skin tone | woman
🧏🏽‍♀️	People & Body	deaf woman: medium skin tone	
🧏🏽‍♀	People & Body	deaf woman: medium skin tone	accessibility | deaf | ear | gesture | hear | medium skin tone | woman
🧏🏾‍♀️	People & Body	deaf woman: medium-dark skin tone	
🧏🏾‍♀	People & Body	deaf woman: medium-dark skin tone	accessibility | deaf | ear | gesture | hear | medium-dark skin tone | woman
🧏🏿‍♀️	People & Body	deaf woman: dark skin tone	
🧏🏿‍♀	People & Body	deaf woman: dark skin tone	accessibility | dark skin tone | deaf | ear | gesture | hear | woman
🙇	People & Body	person bowing	apology | ask | beg | bow | bowing | favor | forgive | gesture | meditate | meditation | person | pity | regret | sorry | favour
🙇🏻	People & Body	person bowing: light skin tone	apology | ask | beg | bow | bowing | favor | forgive | gesture | light skin tone | meditate | meditation | person | pity | regret | sorry | favour
🙇🏼	People & Body	person bowing: medium-light skin tone	apology | ask | beg | bow | bowing | favor | forgive | gesture | meditate | meditation | medium-light skin tone | person | pity | regret | sorry | favour
🙇🏽	People & Body	person bowing: medium skin tone	apology | ask | beg | bow | bowing | favor | forgive | gesture | meditate | meditation | medium skin tone | person | pity | regret | sorry | favour
🙇🏾	People & Body	person bowing: medium-dark skin tone	apology | ask | beg | bow | bowing | favor | forgive | gesture | meditate | meditation | medium-dark skin tone | person | pity | regret | sorry | favour
🙇🏿	People & Body	person bowing: dark skin tone	apology | ask | beg | bow | bowing | dark skin tone | favor | forgive | gesture | meditate | meditation | person | pity | regret | sorry | favour
🙇‍♂️	People & Body	man bowing	
🙇‍♂	People & Body	man bowing	apology | ask | beg | bow | bowing | favor | forgive | gesture | man | meditate | meditation | pity | regret | sorry | favour
🙇🏻‍♂️	People & Body	man bowing: light skin tone	
🙇🏻‍♂	People & Body	man bowing: light skin tone	apology | ask | beg | bow | bowing | favor | forgive | gesture | light skin tone | man | meditate | meditation | pity | regret | sorry | favour
🙇🏼‍♂️	People & Body	man bowing: medium-light skin tone	
🙇🏼‍♂	People & Body	man bowing: medium-light skin tone	apology | ask | beg | bow | bowing | favor | forgive | gesture | man | meditate | meditation | medium-light skin tone | pity | regret | sorry | favour
🙇🏽‍♂️	People & Body	man bowing: medium skin tone	
🙇🏽‍♂	People & Body	man bowing: medium skin tone	apology | ask | beg | bow | bowing | favor | forgive | gesture | man | meditate | meditation | medium skin tone | pity | regret | sorry | favour
🙇🏾‍♂️	People & Body	man bowing: medium-dark skin tone	
🙇🏾‍♂	People & Body	man bowing: medium-dark skin tone	apology | ask | beg | bow | bowing | favor | forgive | gesture | man | meditate | meditation | medium-dark skin tone | pity | regret | sorry | favour
🙇🏿‍♂️	People & Body	man bowing: dark skin tone	
🙇🏿‍♂	People & Body	man bowing: dark skin tone	apology | ask | beg | bow | bowing | dark skin tone | favor | forgive | gesture | man | meditate | meditation | pity | regret | sorry | favour
🙇‍♀️	People & Body	woman bowing	
🙇‍♀	People & Body	woman bowing	apology | ask | beg | bow | bowing | favor | forgive | gesture | meditate | meditation | pity | regret | sorry | woman | favour
🙇🏻‍♀️	People & Body	woman bowing: light skin tone	
🙇🏻‍♀	People & Body	woman bowing: light skin tone	apology | ask | beg | bow | bowing | favor | forgive | gesture | light skin tone | meditate | meditation | pity | regret | sorry | woman | favour
🙇🏼‍♀️	People & Body	woman bowing: medium-light skin tone	
🙇🏼‍♀	People & Body	woman bowing: medium-light skin tone	apology | ask | beg | bow | bowing | favor | forgive | gesture | meditate | meditation | medium-light skin tone | pity | regret | sorry | woman | favour
🙇🏽‍♀️	People & Body	woman bowing: medium skin tone	
🙇🏽‍♀	People & Body	woman bowing: medium skin tone	apology | ask | beg | bow | bowing | favor | forgive | gesture | meditate | meditation | medium skin tone | pity | regret | sorry | woman | favour
🙇🏾‍♀️	People & Body	woman bowing: medium-dark skin tone	
🙇🏾‍♀	People & Body	woman bowing: medium-dark skin tone	apology | ask | beg | bow | bowing | favor | forgive | gesture | meditate | meditation | medium-dark skin tone | pity | regret | sorry | woman | favour
🙇🏿‍♀️	People & Body	woman bowing: dark skin tone	
🙇🏿‍♀	People & Body	woman bowing: dark skin tone	apology | ask | beg | bow | bowing | dark skin tone | favor | forgive | gesture | meditate | meditation | pity | regret | sorry | woman | favour
🤦	People & Body	person facepalming	again | bewilder | disbelief | exasperation | facepalm | no | not | oh | omg | person | shock | smh
🤦🏻	People & Body	person facepalming: light skin tone	again | bewilder | disbelief | exasperation | facepalm | light skin tone | no | not | oh | omg | person | shock | smh
🤦🏼	People & Body	person facepalming: medium-light skin tone	again | bewilder | disbelief | exasperation | facepalm | medium-light skin tone | no | not | oh | omg | person | shock | smh
🤦🏽	People & Body	person facepalming: medium skin tone	again | bewilder | disbelief | exasperation | facepalm | medium skin tone | no | not | oh | omg | person | shock | smh
🤦🏾	People & Body	person facepalming: medium-dark skin tone	again | bewilder | disbelief | exasperation | facepalm | medium-dark skin tone | no | not | oh | omg | person | shock | smh
🤦🏿	People & Body	person facepalming: dark skin tone	again | bewilder | dark skin tone | disbelief | exasperation | facepalm | no | not | oh | omg | person | shock | smh
🤦‍♂️	People & Body	man facepalming	
🤦‍♂	People & Body	man facepalming	again | bewilder | disbelief | exasperation | facepalm | man | no | not | oh | omg | shock | smh
🤦🏻‍♂️	People & Body	man facepalming: light skin tone	
🤦🏻‍♂	People & Body	man facepalming: light skin tone	again | bewilder | disbelief | exasperation | facepalm | light skin tone | man | no | not | oh | omg | shock | smh
🤦🏼‍♂️	People & Body	man facepalming: medium-light skin tone	
🤦🏼‍♂	People & Body	man facepalming: medium-light skin tone	again | bewilder | disbelief | exasperation | facepalm | man | medium-light skin tone | no | not | oh | omg | shock | smh
🤦🏽‍♂️	People & Body	man facepalming: medium skin tone	
🤦🏽‍♂	People & Body	man facepalming: medium skin tone	again | bewilder | disbelief | exasperation | facepalm | man | medium skin tone | no | not | oh | omg | shock | smh
🤦🏾‍♂️	People & Body	man facepalming: medium-dark skin tone	
🤦🏾‍♂	People & Body	man facepalming: medium-dark skin tone	again | bewilder | disbelief | exasperation | facepalm | man | medium-dark skin tone | no | not | oh | omg | shock | smh
🤦🏿‍♂️	People & Body	man facepalming: dark skin tone	
🤦🏿‍♂	People & Body	man facepalming: dark skin tone	again | bewilder | dark skin tone | disbelief | exasperation | facepalm | man | no | not | oh | omg | shock | smh
🤦‍♀️	People & Body	woman facepalming	
🤦‍♀	People & Body	woman facepalming	again | bewilder | disbelief | exasperation | facepalm | no | not | oh | omg | shock | smh | woman
🤦🏻‍♀️	People & Body	woman facepalming: light skin tone	
🤦🏻‍♀	People & Body	woman facepalming: light skin tone	again | bewilder | disbelief | exasperation | facepalm | light skin tone | no | not | oh | omg | shock | smh | woman
🤦🏼‍♀️	People & Body	woman facepalming: medium-light skin tone	
🤦🏼‍♀	People & Body	woman facepalming: medium-light skin tone	again | bewilder | disbelief | exasperation | facepalm | medium-light skin tone | no | not | oh | omg | shock | smh | woman
🤦🏽‍♀️	People & Body	woman facepalming: medium skin tone	
🤦🏽‍♀	People & Body	woman facepalming: medium skin tone	again | bewilder | disbelief | exasperation | facepalm | medium skin tone | no | not | oh | omg | shock | smh | woman
🤦🏾‍♀️	People & Body	woman facepalming: medium-dark skin tone	
🤦🏾‍♀	People & Body	woman facepalming: medium-dark skin tone	again | bewilder | disbelief | exasperation | facepalm | medium-dark skin tone | no | not | oh | omg | shock | smh | woman
🤦🏿‍♀️	People & Body	woman facepalming: dark skin tone	
🤦🏿‍♀	People & Body	woman facepalming: dark skin tone	again | bewilder | dark skin tone | disbelief | exasperation | facepalm | no | not | oh | omg | shock | smh | woman
🤷	People & Body	person shrugging	doubt | dunno | guess | idk | ignorance | indifference | knows | maybe | person | shrug | shrugging | whatever | who
🤷🏻	People & Body	person shrugging: light skin tone	doubt | dunno | guess | idk | ignorance | indifference | knows | light skin tone | maybe | person | shrug | shrugging | whatever | who
🤷🏼	People & Body	person shrugging: medium-light skin tone	doubt | dunno | guess | idk | ignorance | indifference | knows | maybe | medium-light skin tone | person | shrug | shrugging | whatever | who
🤷🏽	People & Body	person shrugging: medium skin tone	doubt | dunno | guess | idk | ignorance | indifference | knows | maybe | medium skin tone | person | shrug | shrugging | whatever | who
🤷🏾	People & Body	person shrugging: medium-dark skin tone	doubt | dunno | guess | idk | ignorance | indifference | knows | maybe | medium-dark skin tone | person | shrug | shrugging | whatever | who
🤷🏿	People & Body	person shrugging: dark skin tone	dark skin tone | doubt | dunno | guess | idk | ignorance | indifference | knows | maybe | person | shrug | shrugging | whatever | who
🤷‍♂️	People & Body	man shrugging	
🤷‍♂	People & Body	man shrugging	doubt | dunno | guess | idk | ignorance | indifference | knows | man | maybe | shrug | shrugging | whatever | who
🤷🏻‍♂️	People & Body	man shrugging: light skin tone	
🤷🏻‍♂	People & Body	man shrugging: light skin tone	doubt | dunno | guess | idk | ignorance | indifference | knows | light skin tone | man | maybe | shrug | shrugging | whatever | who
🤷🏼‍♂️	People & Body	man shrugging: medium-light skin tone	
🤷🏼‍♂	People & Body	man shrugging: medium-light skin tone	doubt | dunno | guess | idk | ignorance | indifference | knows | man | maybe | medium-light skin tone | shrug | shrugging | whatever | who
🤷🏽‍♂️	People & Body	man shrugging: medium skin tone	
🤷🏽‍♂	People & Body	man shrugging: medium skin tone	doubt | dunno | guess | idk | ignorance | indifference | knows | man | maybe | medium skin tone | shrug | shrugging | whatever | who
🤷🏾‍♂️	People & Body	man shrugging: medium-dark skin tone	
🤷🏾‍♂	People & Body	man shrugging: medium-dark skin tone	doubt | dunno | guess | idk | ignorance | indifference | knows | man | maybe | medium-dark skin tone | shrug | shrugging | whatever | who
🤷🏿‍♂️	People & Body	man shrugging: dark skin tone	
🤷🏿‍♂	People & Body	man shrugging: dark skin tone	dark skin tone | doubt | dunno | guess | idk | ignorance | indifference | knows | man | maybe | shrug | shrugging | whatever | who
🤷‍♀️	People & Body	woman shrugging	
🤷‍♀	People & Body	woman shrugging	doubt | dunno | guess | idk | ignorance | indifference | knows | maybe | shrug | shrugging | whatever | who | woman
🤷🏻‍♀️	People & Body	woman shrugging: light skin tone	
🤷🏻‍♀	People & Body	woman shrugging: light skin tone	doubt | dunno | guess | idk | ignorance | indifference | knows | light skin tone | maybe | shrug | shrugging | whatever | who | woman
🤷🏼‍♀️	People & Body	woman shrugging: medium-light skin tone	
🤷🏼‍♀	People & Body	woman shrugging: medium-light skin tone	doubt | dunno | guess | idk | ignorance | indifference | knows | maybe | medium-light skin tone | shrug | shrugging | whatever | who | woman
🤷🏽‍♀️	People & Body	woman shrugging: medium skin tone	
🤷🏽‍♀	People & Body	woman shrugging: medium skin tone	doubt | dunno | guess | idk | ignorance | indifference | knows | maybe | medium skin tone | shrug | shrugging | whatever | who | woman
🤷🏾‍♀️	People & Body	woman shrugging: medium-dark skin tone	
🤷🏾‍♀	People & Body	woman shrugging: medium-dark skin tone	doubt | dunno | guess | idk | ignorance | indifference | knows | maybe | medium-dark skin tone | shrug | shrugging | whatever | who | woman
🤷🏿‍♀️	People & Body	woman shrugging: dark skin tone	
🤷🏿‍♀	People & Body	woman shrugging: dark skin tone	dark skin tone | doubt | dunno | guess | idk | ignorance | indifference | knows | maybe | shrug | shrugging | whatever | who | woman
🧑‍⚕️	People & Body	health worker	
🧑‍⚕	People & Body	health worker	doctor | health | healthcare | nurse | therapist | worker | health care | health worker
🧑🏻‍⚕️	People & Body	health worker: light skin tone	
🧑🏻‍⚕	People & Body	health worker: light skin tone	doctor | health | healthcare | light skin tone | nurse | therapist | worker | health care | health worker
🧑🏼‍⚕️	People & Body	health worker: medium-light skin tone	
🧑🏼‍⚕	People & Body	health worker: medium-light skin tone	doctor | health | healthcare | medium-light skin tone | nurse | therapist | worker | health care | health worker
🧑🏽‍⚕️	People & Body	health worker: medium skin tone	
🧑🏽‍⚕	People & Body	health worker: medium skin tone	doctor | health | healthcare | medium skin tone | nurse | therapist | worker | health care | health worker
🧑🏾‍⚕️	People & Body	health worker: medium-dark skin tone	
🧑🏾‍⚕	People & Body	health worker: medium-dark skin tone	doctor | health | healthcare | medium-dark skin tone | nurse | therapist | worker | health care | health worker
🧑🏿‍⚕️	People & Body	health worker: dark skin tone	
🧑🏿‍⚕	People & Body	health worker: dark skin tone	dark skin tone | doctor | health | healthcare | nurse | therapist | worker | health care | health worker
👨‍⚕️	People & Body	man health worker	
👨‍⚕	People & Body	man health worker	doctor | health | healthcare | man | nurse | therapist | worker | health care | man health worker
👨🏻‍⚕️	People & Body	man health worker: light skin tone	
👨🏻‍⚕	People & Body	man health worker: light skin tone	doctor | health | healthcare | light skin tone | man | nurse | therapist | worker | health care | man health worker
👨🏼‍⚕️	People & Body	man health worker: medium-light skin tone	
👨🏼‍⚕	People & Body	man health worker: medium-light skin tone	doctor | health | healthcare | man | medium-light skin tone | nurse | therapist | worker | health care | man health worker
👨🏽‍⚕️	People & Body	man health worker: medium skin tone	
👨🏽‍⚕	People & Body	man health worker: medium skin tone	doctor | health | healthcare | man | medium skin tone | nurse | therapist | worker | health care | man health worker
👨🏾‍⚕️	People & Body	man health worker: medium-dark skin tone	
👨🏾‍⚕	People & Body	man health worker: medium-dark skin tone	doctor | health | healthcare | man | medium-dark skin tone | nurse | therapist | worker | health care | man health worker
👨🏿‍⚕️	People & Body	man health worker: dark skin tone	
👨🏿‍⚕	People & Body	man health worker: dark skin tone	dark skin tone | doctor | health | healthcare | man | nurse | therapist | worker | health care | man health worker
👩‍⚕️	People & Body	woman health worker	
👩‍⚕	People & Body	woman health worker	doctor | health | healthcare | nurse | therapist | woman | worker | health care | woman health worker
👩🏻‍⚕️	People & Body	woman health worker: light skin tone	
👩🏻‍⚕	People & Body	woman health worker: light skin tone	doctor | health | healthcare | light skin tone | nurse | therapist | woman | worker | health care | woman health worker
👩🏼‍⚕️	People & Body	woman health worker: medium-light skin tone	
👩🏼‍⚕	People & Body	woman health worker: medium-light skin tone	doctor | health | healthcare | medium-light skin tone | nurse | therapist | woman | worker | health care | woman health worker
👩🏽‍⚕️	People & Body	woman health worker: medium skin tone	
👩🏽‍⚕	People & Body	woman health worker: medium skin tone	doctor | health | healthcare | medium skin tone | nurse | therapist | woman | worker | health care | woman health worker
👩🏾‍⚕️	People & Body	woman health worker: medium-dark skin tone	
👩🏾‍⚕	People & Body	woman health worker: medium-dark skin tone	doctor | health | healthcare | medium-dark skin tone | nurse | therapist | woman | worker | health care | woman health worker
👩🏿‍⚕️	People & Body	woman health worker: dark skin tone	
👩🏿‍⚕	People & Body	woman health worker: dark skin tone	dark skin tone | doctor | health | healthcare | nurse | therapist | woman | worker | health care | woman health worker
🧑‍🎓	People & Body	student	graduate | student
🧑🏻‍🎓	People & Body	student: light skin tone	graduate | light skin tone | student
🧑🏼‍🎓	People & Body	student: medium-light skin tone	graduate | medium-light skin tone | student
🧑🏽‍🎓	People & Body	student: medium skin tone	graduate | medium skin tone | student
🧑🏾‍🎓	People & Body	student: medium-dark skin tone	graduate | medium-dark skin tone | student
🧑🏿‍🎓	People & Body	student: dark skin tone	dark skin tone | graduate | student
👨‍🎓	People & Body	man student	graduate | man | student
👨🏻‍🎓	People & Body	man student: light skin tone	graduate | light skin tone | man | student
👨🏼‍🎓	People & Body	man student: medium-light skin tone	graduate | man | medium-light skin tone | student
👨🏽‍🎓	People & Body	man student: medium skin tone	graduate | man | medium skin tone | student
👨🏾‍🎓	People & Body	man student: medium-dark skin tone	graduate | man | medium-dark skin tone | student
👨🏿‍🎓	People & Body	man student: dark skin tone	dark skin tone | graduate | man | student
👩‍🎓	People & Body	woman student	graduate | student | woman
👩🏻‍🎓	People & Body	woman student: light skin tone	graduate | light skin tone | student | woman
👩🏼‍🎓	People & Body	woman student: medium-light skin tone	graduate | medium-light skin tone | student | woman
👩🏽‍🎓	People & Body	woman student: medium skin tone	graduate | medium skin tone | student | woman
👩🏾‍🎓	People & Body	woman student: medium-dark skin tone	graduate | medium-dark skin tone | student | woman
👩🏿‍🎓	People & Body	woman student: dark skin tone	dark skin tone | graduate | student | woman
🧑‍🏫	People & Body	teacher	instructor | lecturer | professor | teacher
🧑🏻‍🏫	People & Body	teacher: light skin tone	instructor | lecturer | light skin tone | professor | teacher
🧑🏼‍🏫	People & Body	teacher: medium-light skin tone	instructor | lecturer | medium-light skin tone | professor | teacher
🧑🏽‍🏫	People & Body	teacher: medium skin tone	instructor | lecturer | medium skin tone | professor | teacher
🧑🏾‍🏫	People & Body	teacher: medium-dark skin tone	instructor | lecturer | medium-dark skin tone | professor | teacher
🧑🏿‍🏫	People & Body	teacher: dark skin tone	dark skin tone | instructor | lecturer | professor | teacher
👨‍🏫	People & Body	man teacher	instructor | lecturer | man | professor | teacher
👨🏻‍🏫	People & Body	man teacher: light skin tone	instructor | lecturer | light skin tone | man | professor | teacher
👨🏼‍🏫	People & Body	man teacher: medium-light skin tone	instructor | lecturer | man | medium-light skin tone | professor | teacher
👨🏽‍🏫	People & Body	man teacher: medium skin tone	instructor | lecturer | man | medium skin tone | professor | teacher
👨🏾‍🏫	People & Body	man teacher: medium-dark skin tone	instructor | lecturer | man | medium-dark skin tone | professor | teacher
👨🏿‍🏫	People & Body	man teacher: dark skin tone	dark skin tone | instructor | lecturer | man | professor | teacher
👩‍🏫	People & Body	woman teacher	instructor | lecturer | professor | teacher | woman
👩🏻‍🏫	People & Body	woman teacher: light skin tone	instructor | lecturer | light skin tone | professor | teacher | woman
👩🏼‍🏫	People & Body	woman teacher: medium-light skin tone	instructor | lecturer | medium-light skin tone | professor | teacher | woman
👩🏽‍🏫	People & Body	woman teacher: medium skin tone	instructor | lecturer | medium skin tone | professor | teacher | woman
👩🏾‍🏫	People & Body	woman teacher: medium-dark skin tone	instructor | lecturer | medium-dark skin tone | professor | teacher | woman
👩🏿‍🏫	People & Body	woman teacher: dark skin tone	dark skin tone | instructor | lecturer | professor | teacher | woman
🧑‍⚖️	People & Body	judge	
🧑‍⚖	People & Body	judge	judge | justice | law | scales
🧑🏻‍⚖️	People & Body	judge: light skin tone	
🧑🏻‍⚖	People & Body	judge: light skin tone	judge | justice | law | light skin tone | scales
🧑🏼‍⚖️	People & Body	judge: medium-light skin tone	
🧑🏼‍⚖	People & Body	judge: medium-light skin tone	judge | justice | law | medium-light skin tone | scales
🧑🏽‍⚖️	People & Body	judge: medium skin tone	
🧑🏽‍⚖	People & Body	judge: medium skin tone	judge | justice | law | medium skin tone | scales
🧑🏾‍⚖️	People & Body	judge: medium-dark skin tone	
🧑🏾‍⚖	People & Body	judge: medium-dark skin tone	judge | justice | law | medium-dark skin tone | scales
🧑🏿‍⚖️	People & Body	judge: dark skin tone	
🧑🏿‍⚖	People & Body	judge: dark skin tone	dark skin tone | judge | justice | law | scales
👨‍⚖️	People & Body	man judge	
👨‍⚖	People & Body	man judge	judge | justice | law | man | scales
👨🏻‍⚖️	People & Body	man judge: light skin tone	
👨🏻‍⚖	People & Body	man judge: light skin tone	judge | justice | law | light skin tone | man | scales
👨🏼‍⚖️	People & Body	man judge: medium-light skin tone	
👨🏼‍⚖	People & Body	man judge: medium-light skin tone	judge | justice | law | man | medium-light skin tone | scales
👨🏽‍⚖️	People & Body	man judge: medium skin tone	
👨🏽‍⚖	People & Body	man judge: medium skin tone	judge | justice | law | man | medium skin tone | scales
👨🏾‍⚖️	People & Body	man judge: medium-dark skin tone	
👨🏾‍⚖	People & Body	man judge: medium-dark skin tone	judge | justice | law | man | medium-dark skin tone | scales
👨🏿‍⚖️	People & Body	man judge: dark skin tone	
👨🏿‍⚖	People & Body	man judge: dark skin tone	dark skin tone | judge | justice | law | man | scales
👩‍⚖️	People & Body	woman judge	
👩‍⚖	People & Body	woman judge	judge | justice | law | scales | woman
👩🏻‍⚖️	People & Body	woman judge: light skin tone	
👩🏻‍⚖	People & Body	woman judge: light skin tone	judge | justice | law | light skin tone | scales | woman
👩🏼‍⚖️	People & Body	woman judge: medium-light skin tone	
👩🏼‍⚖	People & Body	woman judge: medium-light skin tone	judge | justice | law | medium-light skin tone | scales | woman
👩🏽‍⚖️	People & Body	woman judge: medium skin tone	
👩🏽‍⚖	People & Body	woman judge: medium skin tone	judge | justice | law | medium skin tone | scales | woman
👩🏾‍⚖️	People & Body	woman judge: medium-dark skin tone	
👩🏾‍⚖	People & Body	woman judge: medium-dark skin tone	judge | justice | law | medium-dark skin tone | scales | woman
👩🏿‍⚖️	People & Body	woman judge: dark skin tone	
👩🏿‍⚖	People & Body	woman judge: dark skin tone	dark skin tone | judge | justice | law | scales | woman
🧑‍🌾	People & Body	farmer	farmer | gardener | rancher
🧑🏻‍🌾	People & Body	farmer: light skin tone	farmer | gardener | light skin tone | rancher
🧑🏼‍🌾	People & Body	farmer: medium-light skin tone	farmer | gardener | medium-light skin tone | rancher
🧑🏽‍🌾	People & Body	farmer: medium skin tone	farmer | gardener | medium skin tone | rancher
🧑🏾‍🌾	People & Body	farmer: medium-dark skin tone	farmer | gardener | medium-dark skin tone | rancher
🧑🏿‍🌾	People & Body	farmer: dark skin tone	dark skin tone | farmer | gardener | rancher
👨‍🌾	People & Body	man farmer	farmer | gardener | man | rancher
👨🏻‍🌾	People & Body	man farmer: light skin tone	farmer | gardener | light skin tone | man | rancher
👨🏼‍🌾	People & Body	man farmer: medium-light skin tone	farmer | gardener | man | medium-light skin tone | rancher
👨🏽‍🌾	People & Body	man farmer: medium skin tone	farmer | gardener | man | medium skin tone | rancher
👨🏾‍🌾	People & Body	man farmer: medium-dark skin tone	farmer | gardener | man | medium-dark skin tone | rancher
👨🏿‍🌾	People & Body	man farmer: dark skin tone	dark skin tone | farmer | gardener | man | rancher
👩‍🌾	People & Body	woman farmer	farmer | gardener | rancher | woman
👩🏻‍🌾	People & Body	woman farmer: light skin tone	farmer | gardener | light skin tone | rancher | woman
👩🏼‍🌾	People & Body	woman farmer: medium-light skin tone	farmer | gardener | medium-light skin tone | rancher | woman
👩🏽‍🌾	People & Body	woman farmer: medium skin tone	farmer | gardener | medium skin tone | rancher | woman
👩🏾‍🌾	People & Body	woman farmer: medium-dark skin tone	farmer | gardener | medium-dark skin tone | rancher | woman
👩🏿‍🌾	People & Body	woman farmer: dark skin tone	dark skin tone | farmer | gardener | rancher | woman
🧑‍🍳	People & Body	cook	chef | cook
🧑🏻‍🍳	People & Body	cook: light skin tone	chef | cook | light skin tone
🧑🏼‍🍳	People & Body	cook: medium-light skin tone	chef | cook | medium-light skin tone
🧑🏽‍🍳	People & Body	cook: medium skin tone	chef | cook | medium skin tone
🧑🏾‍🍳	People & Body	cook: medium-dark skin tone	chef | cook | medium-dark skin tone
🧑🏿‍🍳	People & Body	cook: dark skin tone	chef | cook | dark skin tone
👨‍🍳	People & Body	man cook	chef | cook | man
👨🏻‍🍳	People & Body	man cook: light skin tone	chef | cook | light skin tone | man
👨🏼‍🍳	People & Body	man cook: medium-light skin tone	chef | cook | man | medium-light skin tone
👨🏽‍🍳	People & Body	man cook: medium skin tone	chef | cook | man | medium skin tone
👨🏾‍🍳	People & Body	man cook: medium-dark skin tone	chef | cook | man | medium-dark skin tone
👨🏿‍🍳	People & Body	man cook: dark skin tone	chef | cook | dark skin tone | man
👩‍🍳	People & Body	woman cook	chef | cook | woman
👩🏻‍🍳	People & Body	woman cook: light skin tone	chef | cook | light skin tone | woman
👩🏼‍🍳	People & Body	woman cook: medium-light skin tone	chef | cook | medium-light skin tone | woman
👩🏽‍🍳	People & Body	woman cook: medium skin tone	chef | cook | medium skin tone | woman
👩🏾‍🍳	People & Body	woman cook: medium-dark skin tone	chef | cook | medium-dark skin tone | woman
👩🏿‍🍳	People & Body	woman cook: dark skin tone	chef | cook | dark skin tone | woman
🧑‍🔧	People & Body	mechanic	electrician | mechanic | plumber | tradesperson | tradie
🧑🏻‍🔧	People & Body	mechanic: light skin tone	electrician | light skin tone | mechanic | plumber | tradesperson | tradie
🧑🏼‍🔧	People & Body	mechanic: medium-light skin tone	electrician | mechanic | medium-light skin tone | plumber | tradesperson | tradie
🧑🏽‍🔧	People & Body	mechanic: medium skin tone	electrician | mechanic | medium skin tone | plumber | tradesperson | tradie
🧑🏾‍🔧	People & Body	mechanic: medium-dark skin tone	electrician | mechanic | medium-dark skin tone | plumber | tradesperson | tradie
🧑🏿‍🔧	People & Body	mechanic: dark skin tone	dark skin tone | electrician | mechanic | plumber | tradesperson | tradie
👨‍🔧	People & Body	man mechanic	electrician | man | mechanic | plumber | tradesperson
👨🏻‍🔧	People & Body	man mechanic: light skin tone	electrician | light skin tone | man | mechanic | plumber | tradesperson
👨🏼‍🔧	People & Body	man mechanic: medium-light skin tone	electrician | man | mechanic | medium-light skin tone | plumber | tradesperson
👨🏽‍🔧	People & Body	man mechanic: medium skin tone	electrician | man | mechanic | medium skin tone | plumber | tradesperson
👨🏾‍🔧	People & Body	man mechanic: medium-dark skin tone	electrician | man | mechanic | medium-dark skin tone | plumber | tradesperson
👨🏿‍🔧	People & Body	man mechanic: dark skin tone	dark skin tone | electrician | man | mechanic | plumber | tradesperson
👩‍🔧	People & Body	woman mechanic	electrician | mechanic | plumber | tradesperson | woman
👩🏻‍🔧	People & Body	woman mechanic: light skin tone	electrician | light skin tone | mechanic | plumber | tradesperson | woman
👩🏼‍🔧	People & Body	woman mechanic: medium-light skin tone	electrician | mechanic | medium-light skin tone | plumber | tradesperson | woman
👩🏽‍🔧	People & Body	woman mechanic: medium skin tone	electrician | mechanic | medium skin tone | plumber | tradesperson | woman
👩🏾‍🔧	People & Body	woman mechanic: medium-dark skin tone	electrician | mechanic | medium-dark skin tone | plumber | tradesperson | woman
👩🏿‍🔧	People & Body	woman mechanic: dark skin tone	dark skin tone | electrician | mechanic | plumber | tradesperson | woman
🧑‍🏭	People & Body	factory worker	assembly | factory | industrial | worker
🧑🏻‍🏭	People & Body	factory worker: light skin tone	assembly | factory | industrial | light skin tone | worker
🧑🏼‍🏭	People & Body	factory worker: medium-light skin tone	assembly | factory | industrial | medium-light skin tone | worker
🧑🏽‍🏭	People & Body	factory worker: medium skin tone	assembly | factory | industrial | medium skin tone | worker
🧑🏾‍🏭	People & Body	factory worker: medium-dark skin tone	assembly | factory | industrial | medium-dark skin tone | worker
🧑🏿‍🏭	People & Body	factory worker: dark skin tone	assembly | dark skin tone | factory | industrial | worker
👨‍🏭	People & Body	man factory worker	assembly | factory | industrial | man | worker
👨🏻‍🏭	People & Body	man factory worker: light skin tone	assembly | factory | industrial | light skin tone | man | worker
👨🏼‍🏭	People & Body	man factory worker: medium-light skin tone	assembly | factory | industrial | man | medium-light skin tone | worker
👨🏽‍🏭	People & Body	man factory worker: medium skin tone	assembly | factory | industrial | man | medium skin tone | worker
👨🏾‍🏭	People & Body	man factory worker: medium-dark skin tone	assembly | factory | industrial | man | medium-dark skin tone | worker
👨🏿‍🏭	People & Body	man factory worker: dark skin tone	assembly | dark skin tone | factory | industrial | man | worker
👩‍🏭	People & Body	woman factory worker	assembly | factory | industrial | woman | worker
👩🏻‍🏭	People & Body	woman factory worker: light skin tone	assembly | factory | industrial | light skin tone | woman | worker
👩🏼‍🏭	People & Body	woman factory worker: medium-light skin tone	assembly | factory | industrial | medium-light skin tone | woman | worker
👩🏽‍🏭	People & Body	woman factory worker: medium skin tone	assembly | factory | industrial | medium skin tone | woman | worker
👩🏾‍🏭	People & Body	woman factory worker: medium-dark skin tone	assembly | factory | industrial | medium-dark skin tone | woman | worker
👩🏿‍🏭	People & Body	woman factory worker: dark skin tone	assembly | dark skin tone | factory | industrial | woman | worker
🧑‍💼	People & Body	office worker	architect | business | manager | office | white-collar | worker
🧑🏻‍💼	People & Body	office worker: light skin tone	architect | business | light skin tone | manager | office | white-collar | worker
🧑🏼‍💼	People & Body	office worker: medium-light skin tone	architect | business | manager | medium-light skin tone | office | white-collar | worker
🧑🏽‍💼	People & Body	office worker: medium skin tone	architect | business | manager | medium skin tone | office | white-collar | worker
🧑🏾‍💼	People & Body	office worker: medium-dark skin tone	architect | business | manager | medium-dark skin tone | office | white-collar | worker
🧑🏿‍💼	People & Body	office worker: dark skin tone	architect | business | dark skin tone | manager | office | white-collar | worker
👨‍💼	People & Body	man office worker	architect | business | man | manager | office | white-collar | worker | business man | man office worker | office worker | white collar
👨🏻‍💼	People & Body	man office worker: light skin tone	architect | business | light skin tone | man | manager | office | white-collar | worker | business man | man office worker | office worker | white collar
👨🏼‍💼	People & Body	man office worker: medium-light skin tone	architect | business | man | manager | medium-light skin tone | office | white-collar | worker | business man | man office worker | office worker | white collar
👨🏽‍💼	People & Body	man office worker: medium skin tone	architect | business | man | manager | medium skin tone | office | white-collar | worker | business man | man office worker | office worker | white collar
👨🏾‍💼	People & Body	man office worker: medium-dark skin tone	architect | business | man | manager | medium-dark skin tone | office | white-collar | worker | business man | man office worker | office worker | white collar
👨🏿‍💼	People & Body	man office worker: dark skin tone	architect | business | dark skin tone | man | manager | office | white-collar | worker | business man | man office worker | office worker | white collar
👩‍💼	People & Body	woman office worker	architect | business | manager | office | white-collar | woman | worker | business woman | office worker | white collar | woman office worker
👩🏻‍💼	People & Body	woman office worker: light skin tone	architect | business | light skin tone | manager | office | white-collar | woman | worker | business woman | office worker | white collar | woman office worker
👩🏼‍💼	People & Body	woman office worker: medium-light skin tone	architect | business | manager | medium-light skin tone | office | white-collar | woman | worker | business woman | office worker | white collar | woman office worker
👩🏽‍💼	People & Body	woman office worker: medium skin tone	architect | business | manager | medium skin tone | office | white-collar | woman | worker | business woman | office worker | white collar | woman office worker
👩🏾‍💼	People & Body	woman office worker: medium-dark skin tone	architect | business | manager | medium-dark skin tone | office | white-collar | woman | worker | business woman | office worker | white collar | woman office worker
👩🏿‍💼	People & Body	woman office worker: dark skin tone	architect | business | dark skin tone | manager | office | white-collar | woman | worker | business woman | office worker | white collar | woman office worker
🧑‍🔬	People & Body	scientist	biologist | chemist | engineer | mathematician | physicist | scientist
🧑🏻‍🔬	People & Body	scientist: light skin tone	biologist | chemist | engineer | light skin tone | mathematician | physicist | scientist
🧑🏼‍🔬	People & Body	scientist: medium-light skin tone	biologist | chemist | engineer | mathematician | medium-light skin tone | physicist | scientist
🧑🏽‍🔬	People & Body	scientist: medium skin tone	biologist | chemist | engineer | mathematician | medium skin tone | physicist | scientist
🧑🏾‍🔬	People & Body	scientist: medium-dark skin tone	biologist | chemist | engineer | mathematician | medium-dark skin tone | physicist | scientist
🧑🏿‍🔬	People & Body	scientist: dark skin tone	biologist | chemist | dark skin tone | engineer | mathematician | physicist | scientist
👨‍🔬	People & Body	man scientist	biologist | chemist | engineer | man | mathematician | physicist | scientist
👨🏻‍🔬	People & Body	man scientist: light skin tone	biologist | chemist | engineer | light skin tone | man | mathematician | physicist | scientist
👨🏼‍🔬	People & Body	man scientist: medium-light skin tone	biologist | chemist | engineer | man | mathematician | medium-light skin tone | physicist | scientist
👨🏽‍🔬	People & Body	man scientist: medium skin tone	biologist | chemist | engineer | man | mathematician | medium skin tone | physicist | scientist
👨🏾‍🔬	People & Body	man scientist: medium-dark skin tone	biologist | chemist | engineer | man | mathematician | medium-dark skin tone | physicist | scientist
👨🏿‍🔬	People & Body	man scientist: dark skin tone	biologist | chemist | dark skin tone | engineer | man | mathematician | physicist | scientist
👩‍🔬	People & Body	woman scientist	biologist | chemist | engineer | mathematician | physicist | scientist | woman
👩🏻‍🔬	People & Body	woman scientist: light skin tone	biologist | chemist | engineer | light skin tone | mathematician | physicist | scientist | woman
👩🏼‍🔬	People & Body	woman scientist: medium-light skin tone	biologist | chemist | engineer | mathematician | medium-light skin tone | physicist | scientist | woman
👩🏽‍🔬	People & Body	woman scientist: medium skin tone	biologist | chemist | engineer | mathematician | medium skin tone | physicist | scientist | woman
👩🏾‍🔬	People & Body	woman scientist: medium-dark skin tone	biologist | chemist | engineer | mathematician | medium-dark skin tone | physicist | scientist | woman
👩🏿‍🔬	People & Body	woman scientist: dark skin tone	biologist | chemist | dark skin tone | engineer | mathematician | physicist | scientist | woman
🧑‍💻	People & Body	technologist	coder | computer | developer | inventor | software | technologist
🧑🏻‍💻	People & Body	technologist: light skin tone	coder | computer | developer | inventor | light skin tone | software | technologist
🧑🏼‍💻	People & Body	technologist: medium-light skin tone	coder | computer | developer | inventor | medium-light skin tone | software | technologist
🧑🏽‍💻	People & Body	technologist: medium skin tone	coder | computer | developer | inventor | medium skin tone | software | technologist
🧑🏾‍💻	People & Body	technologist: medium-dark skin tone	coder | computer | developer | inventor | medium-dark skin tone | software | technologist
🧑🏿‍💻	People & Body	technologist: dark skin tone	coder | computer | dark skin tone | developer | inventor | software | technologist
👨‍💻	People & Body	man technologist	coder | computer | developer | inventor | man | software | technologist
👨🏻‍💻	People & Body	man technologist: light skin tone	coder | computer | developer | inventor | light skin tone | man | software | technologist
👨🏼‍💻	People & Body	man technologist: medium-light skin tone	coder | computer | developer | inventor | man | medium-light skin tone | software | technologist
👨🏽‍💻	People & Body	man technologist: medium skin tone	coder | computer | developer | inventor | man | medium skin tone | software | technologist
👨🏾‍💻	People & Body	man technologist: medium-dark skin tone	coder | computer | developer | inventor | man | medium-dark skin tone | software | technologist
👨🏿‍💻	People & Body	man technologist: dark skin tone	coder | computer | dark skin tone | developer | inventor | man | software | technologist
👩‍💻	People & Body	woman technologist	coder | computer | developer | inventor | software | technologist | woman
👩🏻‍💻	People & Body	woman technologist: light skin tone	coder | computer | developer | inventor | light skin tone | software | technologist | woman
👩🏼‍💻	People & Body	woman technologist: medium-light skin tone	coder | computer | developer | inventor | medium-light skin tone | software | technologist | woman
👩🏽‍💻	People & Body	woman technologist: medium skin tone	coder | computer | developer | inventor | medium skin tone | software | technologist | woman
👩🏾‍💻	People & Body	woman technologist: medium-dark skin tone	coder | computer | developer | inventor | medium-dark skin tone | software | technologist | woman
👩🏿‍💻	People & Body	woman technologist: dark skin tone	coder | computer | dark skin tone | developer | inventor | software | technologist | woman
🧑‍🎤	People & Body	singer	actor | entertainer | rock | rockstar | singer | star
🧑🏻‍🎤	People & Body	singer: light skin tone	actor | entertainer | light skin tone | rock | rockstar | singer | star
🧑🏼‍🎤	People & Body	singer: medium-light skin tone	actor | entertainer | medium-light skin tone | rock | rockstar | singer | star
🧑🏽‍🎤	People & Body	singer: medium skin tone	actor | entertainer | medium skin tone | rock | rockstar | singer | star
🧑🏾‍🎤	People & Body	singer: medium-dark skin tone	actor | entertainer | medium-dark skin tone | rock | rockstar | singer | star
🧑🏿‍🎤	People & Body	singer: dark skin tone	actor | dark skin tone | entertainer | rock | rockstar | singer | star
👨‍🎤	People & Body	man singer	actor | entertainer | man | rock | rockstar | singer | star
👨🏻‍🎤	People & Body	man singer: light skin tone	actor | entertainer | light skin tone | man | rock | rockstar | singer | star
👨🏼‍🎤	People & Body	man singer: medium-light skin tone	actor | entertainer | man | medium-light skin tone | rock | rockstar | singer | star
👨🏽‍🎤	People & Body	man singer: medium skin tone	actor | entertainer | man | medium skin tone | rock | rockstar | singer | star
👨🏾‍🎤	People & Body	man singer: medium-dark skin tone	actor | entertainer | man | medium-dark skin tone | rock | rockstar | singer | star
👨🏿‍🎤	People & Body	man singer: dark skin tone	actor | dark skin tone | entertainer | man | rock | rockstar | singer | star
👩‍🎤	People & Body	woman singer	actor | entertainer | rock | rockstar | singer | star | woman
👩🏻‍🎤	People & Body	woman singer: light skin tone	actor | entertainer | light skin tone | rock | rockstar | singer | star | woman
👩🏼‍🎤	People & Body	woman singer: medium-light skin tone	actor | entertainer | medium-light skin tone | rock | rockstar | singer | star | woman
👩🏽‍🎤	People & Body	woman singer: medium skin tone	actor | entertainer | medium skin tone | rock | rockstar | singer | star | woman
👩🏾‍🎤	People & Body	woman singer: medium-dark skin tone	actor | entertainer | medium-dark skin tone | rock | rockstar | singer | star | woman
👩🏿‍🎤	People & Body	woman singer: dark skin tone	actor | dark skin tone | entertainer | rock | rockstar | singer | star | woman
🧑‍🎨	People & Body	artist	artist | palette
🧑🏻‍🎨	People & Body	artist: light skin tone	artist | light skin tone | palette
🧑🏼‍🎨	People & Body	artist: medium-light skin tone	artist | medium-light skin tone | palette
🧑🏽‍🎨	People & Body	artist: medium skin tone	artist | medium skin tone | palette
🧑🏾‍🎨	People & Body	artist: medium-dark skin tone	artist | medium-dark skin tone | palette
🧑🏿‍🎨	People & Body	artist: dark skin tone	artist | dark skin tone | palette
👨‍🎨	People & Body	man artist	artist | man | palette | painter
👨🏻‍🎨	People & Body	man artist: light skin tone	artist | light skin tone | man | palette | painter
👨🏼‍🎨	People & Body	man artist: medium-light skin tone	artist | man | medium-light skin tone | palette | painter
👨🏽‍🎨	People & Body	man artist: medium skin tone	artist | man | medium skin tone | palette | painter
👨🏾‍🎨	People & Body	man artist: medium-dark skin tone	artist | man | medium-dark skin tone | palette | painter
👨🏿‍🎨	People & Body	man artist: dark skin tone	artist | dark skin tone | man | palette | painter
👩‍🎨	People & Body	woman artist	artist | palette | woman | painter
👩🏻‍🎨	People & Body	woman artist: light skin tone	artist | light skin tone | palette | woman | painter
👩🏼‍🎨	People & Body	woman artist: medium-light skin tone	artist | medium-light skin tone | palette | woman | painter
👩🏽‍🎨	People & Body	woman artist: medium skin tone	artist | medium skin tone | palette | woman | painter
👩🏾‍🎨	People & Body	woman artist: medium-dark skin tone	artist | medium-dark skin tone | palette | woman | painter
👩🏿‍🎨	People & Body	woman artist: dark skin tone	artist | dark skin tone | palette | woman | painter
🧑‍✈️	People & Body	pilot	
🧑‍✈	People & Body	pilot	pilot | plane
🧑🏻‍✈️	People & Body	pilot: light skin tone	
🧑🏻‍✈	People & Body	pilot: light skin tone	light skin tone | pilot | plane
🧑🏼‍✈️	People & Body	pilot: medium-light skin tone	
🧑🏼‍✈	People & Body	pilot: medium-light skin tone	medium-light skin tone | pilot | plane
🧑🏽‍✈️	People & Body	pilot: medium skin tone	
🧑🏽‍✈	People & Body	pilot: medium skin tone	medium skin tone | pilot | plane
🧑🏾‍✈️	People & Body	pilot: medium-dark skin tone	
🧑🏾‍✈	People & Body	pilot: medium-dark skin tone	medium-dark skin tone | pilot | plane
🧑🏿‍✈️	People & Body	pilot: dark skin tone	
🧑🏿‍✈	People & Body	pilot: dark skin tone	dark skin tone | pilot | plane
👨‍✈️	People & Body	man pilot	
👨‍✈	People & Body	man pilot	man | pilot | plane
👨🏻‍✈️	People & Body	man pilot: light skin tone	
👨🏻‍✈	People & Body	man pilot: light skin tone	light skin tone | man | pilot | plane
👨🏼‍✈️	People & Body	man pilot: medium-light skin tone	
👨🏼‍✈	People & Body	man pilot: medium-light skin tone	man | medium-light skin tone | pilot | plane
👨🏽‍✈️	People & Body	man pilot: medium skin tone	
👨🏽‍✈	People & Body	man pilot: medium skin tone	man | medium skin tone | pilot | plane
👨🏾‍✈️	People & Body	man pilot: medium-dark skin tone	
👨🏾‍✈	People & Body	man pilot: medium-dark skin tone	man | medium-dark skin tone | pilot | plane
👨🏿‍✈️	People & Body	man pilot: dark skin tone	
👨🏿‍✈	People & Body	man pilot: dark skin tone	dark skin tone | man | pilot | plane
👩‍✈️	People & Body	woman pilot	
👩‍✈	People & Body	woman pilot	pilot | plane | woman
👩🏻‍✈️	People & Body	woman pilot: light skin tone	
👩🏻‍✈	People & Body	woman pilot: light skin tone	light skin tone | pilot | plane | woman
👩🏼‍✈️	People & Body	woman pilot: medium-light skin tone	
👩🏼‍✈	People & Body	woman pilot: medium-light skin tone	medium-light skin tone | pilot | plane | woman
👩🏽‍✈️	People & Body	woman pilot: medium skin tone	
👩🏽‍✈	People & Body	woman pilot: medium skin tone	medium skin tone | pilot | plane | woman
👩🏾‍✈️	People & Body	woman pilot: medium-dark skin tone	
👩🏾‍✈	People & Body	woman pilot: medium-dark skin tone	medium-dark skin tone | pilot | plane | woman
👩🏿‍✈️	People & Body	woman pilot: dark skin tone	
👩🏿‍✈	People & Body	woman pilot: dark skin tone	dark skin tone | pilot | plane | woman
🧑‍🚀	People & Body	astronaut	astronaut | rocket | space
🧑🏻‍🚀	People & Body	astronaut: light skin tone	astronaut | light skin tone | rocket | space
🧑🏼‍🚀	People & Body	astronaut: medium-light skin tone	astronaut | medium-light skin tone | rocket | space
🧑🏽‍🚀	People & Body	astronaut: medium skin tone	astronaut | medium skin tone | rocket | space
🧑🏾‍🚀	People & Body	astronaut: medium-dark skin tone	astronaut | medium-dark skin tone | rocket | space
🧑🏿‍🚀	People & Body	astronaut: dark skin tone	astronaut | dark skin tone | rocket | space
👨‍🚀	People & Body	man astronaut	astronaut | man | rocket | space
👨🏻‍🚀	People & Body	man astronaut: light skin tone	astronaut | light skin tone | man | rocket | space
👨🏼‍🚀	People & Body	man astronaut: medium-light skin tone	astronaut | man | medium-light skin tone | rocket | space
👨🏽‍🚀	People & Body	man astronaut: medium skin tone	astronaut | man | medium skin tone | rocket | space
👨🏾‍🚀	People & Body	man astronaut: medium-dark skin tone	astronaut | man | medium-dark skin tone | rocket | space
👨🏿‍🚀	People & Body	man astronaut: dark skin tone	astronaut | dark skin tone | man | rocket | space
👩‍🚀	People & Body	woman astronaut	astronaut | rocket | space | woman
👩🏻‍🚀	People & Body	woman astronaut: light skin tone	astronaut | light skin tone | rocket | space | woman
👩🏼‍🚀	People & Body	woman astronaut: medium-light skin tone	astronaut | medium-light skin tone | rocket | space | woman
👩🏽‍🚀	People & Body	woman astronaut: medium skin tone	astronaut | medium skin tone | rocket | space | woman
👩🏾‍🚀	People & Body	woman astronaut: medium-dark skin tone	astronaut | medium-dark skin tone | rocket | space | woman
👩🏿‍🚀	People & Body	woman astronaut: dark skin tone	astronaut | dark skin tone | rocket | space | woman
🧑‍🚒	People & Body	firefighter	fire | firefighter | firetruck | fire engine | fire truck | engine | truck
🧑🏻‍🚒	People & Body	firefighter: light skin tone	fire | firefighter | firetruck | light skin tone | fire engine | fire truck | engine | truck
🧑🏼‍🚒	People & Body	firefighter: medium-light skin tone	fire | firefighter | firetruck | medium-light skin tone | fire engine | fire truck | engine | truck
🧑🏽‍🚒	People & Body	firefighter: medium skin tone	fire | firefighter | firetruck | medium skin tone | fire engine | fire truck | engine | truck
🧑🏾‍🚒	People & Body	firefighter: medium-dark skin tone	fire | firefighter | firetruck | medium-dark skin tone | fire engine | fire truck | engine | truck
🧑🏿‍🚒	People & Body	firefighter: dark skin tone	dark skin tone | fire | firefighter | firetruck | fire engine | fire truck | engine | truck
👨‍🚒	People & Body	man firefighter	fire | firefighter | firetruck | man | fire truck | fireman
👨🏻‍🚒	People & Body	man firefighter: light skin tone	fire | firefighter | firetruck | light skin tone | man | fire truck | fireman
👨🏼‍🚒	People & Body	man firefighter: medium-light skin tone	fire | firefighter | firetruck | man | medium-light skin tone | fire truck | fireman
👨🏽‍🚒	People & Body	man firefighter: medium skin tone	fire | firefighter | firetruck | man | medium skin tone | fire truck | fireman
👨🏾‍🚒	People & Body	man firefighter: medium-dark skin tone	fire | firefighter | firetruck | man | medium-dark skin tone | fire truck | fireman
👨🏿‍🚒	People & Body	man firefighter: dark skin tone	dark skin tone | fire | firefighter | firetruck | man | fire truck | fireman
👩‍🚒	People & Body	woman firefighter	fire | firefighter | firetruck | woman | fire truck | engine | firewoman | truck
👩🏻‍🚒	People & Body	woman firefighter: light skin tone	fire | firefighter | firetruck | light skin tone | woman | fire truck | engine | firewoman | truck
👩🏼‍🚒	People & Body	woman firefighter: medium-light skin tone	fire | firefighter | firetruck | medium-light skin tone | woman | fire truck | engine | firewoman | truck
👩🏽‍🚒	People & Body	woman firefighter: medium skin tone	fire | firefighter | firetruck | medium skin tone | woman | fire truck | engine | firewoman | truck
👩🏾‍🚒	People & Body	woman firefighter: medium-dark skin tone	fire | firefighter | firetruck | medium-dark skin tone | woman | fire truck | engine | firewoman | truck
👩🏿‍🚒	People & Body	woman firefighter: dark skin tone	dark skin tone | fire | firefighter | firetruck | woman | fire truck | engine | firewoman | truck
👮	People & Body	police officer	apprehend | arrest | citation | cop | law | officer | over | police | pulled | undercover
👮🏻	People & Body	police officer: light skin tone	apprehend | arrest | citation | cop | law | light skin tone | officer | over | police | pulled | undercover
👮🏼	People & Body	police officer: medium-light skin tone	apprehend | arrest | citation | cop | law | medium-light skin tone | officer | over | police | pulled | undercover
👮🏽	People & Body	police officer: medium skin tone	apprehend | arrest | citation | cop | law | medium skin tone | officer | over | police | pulled | undercover
👮🏾	People & Body	police officer: medium-dark skin tone	apprehend | arrest | citation | cop | law | medium-dark skin tone | officer | over | police | pulled | undercover
👮🏿	People & Body	police officer: dark skin tone	apprehend | arrest | citation | cop | dark skin tone | law | officer | over | police | pulled | undercover
👮‍♂️	People & Body	man police officer	
👮‍♂	People & Body	man police officer	apprehend | arrest | citation | cop | law | man | officer | over | police | pulled | undercover
👮🏻‍♂️	People & Body	man police officer: light skin tone	
👮🏻‍♂	People & Body	man police officer: light skin tone	apprehend | arrest | citation | cop | law | light skin tone | man | officer | over | police | pulled | undercover
👮🏼‍♂️	People & Body	man police officer: medium-light skin tone	
👮🏼‍♂	People & Body	man police officer: medium-light skin tone	apprehend | arrest | citation | cop | law | man | medium-light skin tone | officer | over | police | pulled | undercover
👮🏽‍♂️	People & Body	man police officer: medium skin tone	
👮🏽‍♂	People & Body	man police officer: medium skin tone	apprehend | arrest | citation | cop | law | man | medium skin tone | officer | over | police | pulled | undercover
👮🏾‍♂️	People & Body	man police officer: medium-dark skin tone	
👮🏾‍♂	People & Body	man police officer: medium-dark skin tone	apprehend | arrest | citation | cop | law | man | medium-dark skin tone | officer | over | police | pulled | undercover
👮🏿‍♂️	People & Body	man police officer: dark skin tone	
👮🏿‍♂	People & Body	man police officer: dark skin tone	apprehend | arrest | citation | cop | dark skin tone | law | man | officer | over | police | pulled | undercover
👮‍♀️	People & Body	woman police officer	
👮‍♀	People & Body	woman police officer	apprehend | arrest | citation | cop | law | officer | over | police | pulled | undercover | woman
👮🏻‍♀️	People & Body	woman police officer: light skin tone	
👮🏻‍♀	People & Body	woman police officer: light skin tone	apprehend | arrest | citation | cop | law | light skin tone | officer | over | police | pulled | undercover | woman
👮🏼‍♀️	People & Body	woman police officer: medium-light skin tone	
👮🏼‍♀	People & Body	woman police officer: medium-light skin tone	apprehend | arrest | citation | cop | law | medium-light skin tone | officer | over | police | pulled | undercover | woman
👮🏽‍♀️	People & Body	woman police officer: medium skin tone	
👮🏽‍♀	People & Body	woman police officer: medium skin tone	apprehend | arrest | citation | cop | law | medium skin tone | officer | over | police | pulled | undercover | woman
👮🏾‍♀️	People & Body	woman police officer: medium-dark skin tone	
👮🏾‍♀	People & Body	woman police officer: medium-dark skin tone	apprehend | arrest | citation | cop | law | medium-dark skin tone | officer | over | police | pulled | undercover | woman
👮🏿‍♀️	People & Body	woman police officer: dark skin tone	
👮🏿‍♀	People & Body	woman police officer: dark skin tone	apprehend | arrest | citation | cop | dark skin tone | law | officer | over | police | pulled | undercover | woman
🕵️	People & Body	detective	
🕵	People & Body	detective	detective | sleuth | spy | investigator | private eye
🕵🏻	People & Body	detective: light skin tone	detective | light skin tone | sleuth | spy | investigator | private eye
🕵🏼	People & Body	detective: medium-light skin tone	detective | medium-light skin tone | sleuth | spy | investigator | private eye
🕵🏽	People & Body	detective: medium skin tone	detective | medium skin tone | sleuth | spy | investigator | private eye
🕵🏾	People & Body	detective: medium-dark skin tone	detective | medium-dark skin tone | sleuth | spy | investigator | private eye
🕵🏿	People & Body	detective: dark skin tone	dark skin tone | detective | sleuth | spy | investigator | private eye
🕵️‍♂️	People & Body	man detective	
🕵‍♂️	People & Body	man detective	
🕵️‍♂	People & Body	man detective	
🕵‍♂	People & Body	man detective	detective | man | sleuth | spy | investigator
🕵🏻‍♂️	People & Body	man detective: light skin tone	
🕵🏻‍♂	People & Body	man detective: light skin tone	detective | light skin tone | man | sleuth | spy | investigator
🕵🏼‍♂️	People & Body	man detective: medium-light skin tone	
🕵🏼‍♂	People & Body	man detective: medium-light skin tone	detective | man | medium-light skin tone | sleuth | spy | investigator
🕵🏽‍♂️	People & Body	man detective: medium skin tone	
🕵🏽‍♂	People & Body	man detective: medium skin tone	detective | man | medium skin tone | sleuth | spy | investigator
🕵🏾‍♂️	People & Body	man detective: medium-dark skin tone	
🕵🏾‍♂	People & Body	man detective: medium-dark skin tone	detective | man | medium-dark skin tone | sleuth | spy | investigator
🕵🏿‍♂️	People & Body	man detective: dark skin tone	
🕵🏿‍♂	People & Body	man detective: dark skin tone	dark skin tone | detective | man | sleuth | spy | investigator
🕵️‍♀️	People & Body	woman detective	
🕵‍♀️	People & Body	woman detective	
🕵️‍♀	People & Body	woman detective	
🕵‍♀	People & Body	woman detective	detective | sleuth | spy | woman | investigator
🕵🏻‍♀️	People & Body	woman detective: light skin tone	
🕵🏻‍♀	People & Body	woman detective: light skin tone	detective | light skin tone | sleuth | spy | woman | investigator
🕵🏼‍♀️	People & Body	woman detective: medium-light skin tone	
🕵🏼‍♀	People & Body	woman detective: medium-light skin tone	detective | medium-light skin tone | sleuth | spy | woman | investigator
🕵🏽‍♀️	People & Body	woman detective: medium skin tone	
🕵🏽‍♀	People & Body	woman detective: medium skin tone	detective | medium skin tone | sleuth | spy | woman | investigator
🕵🏾‍♀️	People & Body	woman detective: medium-dark skin tone	
🕵🏾‍♀	People & Body	woman detective: medium-dark skin tone	detective | medium-dark skin tone | sleuth | spy | woman | investigator
🕵🏿‍♀️	People & Body	woman detective: dark skin tone	
🕵🏿‍♀	People & Body	woman detective: dark skin tone	dark skin tone | detective | sleuth | spy | woman | investigator
💂	People & Body	guard	buckingham | guard | helmet | london | palace
💂🏻	People & Body	guard: light skin tone	buckingham | guard | helmet | light skin tone | london | palace
💂🏼	People & Body	guard: medium-light skin tone	buckingham | guard | helmet | london | medium-light skin tone | palace
💂🏽	People & Body	guard: medium skin tone	buckingham | guard | helmet | london | medium skin tone | palace
💂🏾	People & Body	guard: medium-dark skin tone	buckingham | guard | helmet | london | medium-dark skin tone | palace
💂🏿	People & Body	guard: dark skin tone	buckingham | dark skin tone | guard | helmet | london | palace
💂‍♂️	People & Body	man guard	
💂‍♂	People & Body	man guard	buckingham | guard | helmet | london | man | palace
💂🏻‍♂️	People & Body	man guard: light skin tone	
💂🏻‍♂	People & Body	man guard: light skin tone	buckingham | guard | helmet | light skin tone | london | man | palace
💂🏼‍♂️	People & Body	man guard: medium-light skin tone	
💂🏼‍♂	People & Body	man guard: medium-light skin tone	buckingham | guard | helmet | london | man | medium-light skin tone | palace
💂🏽‍♂️	People & Body	man guard: medium skin tone	
💂🏽‍♂	People & Body	man guard: medium skin tone	buckingham | guard | helmet | london | man | medium skin tone | palace
💂🏾‍♂️	People & Body	man guard: medium-dark skin tone	
💂🏾‍♂	People & Body	man guard: medium-dark skin tone	buckingham | guard | helmet | london | man | medium-dark skin tone | palace
💂🏿‍♂️	People & Body	man guard: dark skin tone	
💂🏿‍♂	People & Body	man guard: dark skin tone	buckingham | dark skin tone | guard | helmet | london | man | palace
💂‍♀️	People & Body	woman guard	
💂‍♀	People & Body	woman guard	buckingham | guard | helmet | london | palace | woman
💂🏻‍♀️	People & Body	woman guard: light skin tone	
💂🏻‍♀	People & Body	woman guard: light skin tone	buckingham | guard | helmet | light skin tone | london | palace | woman
💂🏼‍♀️	People & Body	woman guard: medium-light skin tone	
💂🏼‍♀	People & Body	woman guard: medium-light skin tone	buckingham | guard | helmet | london | medium-light skin tone | palace | woman
💂🏽‍♀️	People & Body	woman guard: medium skin tone	
💂🏽‍♀	People & Body	woman guard: medium skin tone	buckingham | guard | helmet | london | medium skin tone | palace | woman
💂🏾‍♀️	People & Body	woman guard: medium-dark skin tone	
💂🏾‍♀	People & Body	woman guard: medium-dark skin tone	buckingham | guard | helmet | london | medium-dark skin tone | palace | woman
💂🏿‍♀️	People & Body	woman guard: dark skin tone	
💂🏿‍♀	People & Body	woman guard: dark skin tone	buckingham | dark skin tone | guard | helmet | london | palace | woman
🥷	People & Body	ninja	assassin | fight | fighter | hidden | ninja | person | secret | skills | sly | soldier | stealth | war
🥷🏻	People & Body	ninja: light skin tone	assassin | fight | fighter | hidden | light skin tone | ninja | person | secret | skills | sly | soldier | stealth | war
🥷🏼	People & Body	ninja: medium-light skin tone	assassin | fight | fighter | hidden | medium-light skin tone | ninja | person | secret | skills | sly | soldier | stealth | war
🥷🏽	People & Body	ninja: medium skin tone	assassin | fight | fighter | hidden | medium skin tone | ninja | person | secret | skills | sly | soldier | stealth | war
🥷🏾	People & Body	ninja: medium-dark skin tone	assassin | fight | fighter | hidden | medium-dark skin tone | ninja | person | secret | skills | sly | soldier | stealth | war
🥷🏿	People & Body	ninja: dark skin tone	assassin | dark skin tone | fight | fighter | hidden | ninja | person | secret | skills | sly | soldier | stealth | war
👷	People & Body	construction worker	build | construction | fix | hardhat | hat | man | person | rebuild | remodel | repair | work | worker | hard hat
👷🏻	People & Body	construction worker: light skin tone	build | construction | fix | hardhat | hat | light skin tone | man | person | rebuild | remodel | repair | work | worker | hard hat
👷🏼	People & Body	construction worker: medium-light skin tone	build | construction | fix | hardhat | hat | man | medium-light skin tone | person | rebuild | remodel | repair | work | worker | hard hat
👷🏽	People & Body	construction worker: medium skin tone	build | construction | fix | hardhat | hat | man | medium skin tone | person | rebuild | remodel | repair | work | worker | hard hat
👷🏾	People & Body	construction worker: medium-dark skin tone	build | construction | fix | hardhat | hat | man | medium-dark skin tone | person | rebuild | remodel | repair | work | worker | hard hat
👷🏿	People & Body	construction worker: dark skin tone	build | construction | dark skin tone | fix | hardhat | hat | man | person | rebuild | remodel | repair | work | worker | hard hat
👷‍♂️	People & Body	man construction worker	
👷‍♂	People & Body	man construction worker	build | construction | fix | hardhat | hat | man | rebuild | remodel | repair | work | worker | hard hat
👷🏻‍♂️	People & Body	man construction worker: light skin tone	
👷🏻‍♂	People & Body	man construction worker: light skin tone	build | construction | fix | hardhat | hat | light skin tone | man | rebuild | remodel | repair | work | worker | hard hat
👷🏼‍♂️	People & Body	man construction worker: medium-light skin tone	
👷🏼‍♂	People & Body	man construction worker: medium-light skin tone	build | construction | fix | hardhat | hat | man | medium-light skin tone | rebuild | remodel | repair | work | worker | hard hat
👷🏽‍♂️	People & Body	man construction worker: medium skin tone	
👷🏽‍♂	People & Body	man construction worker: medium skin tone	build | construction | fix | hardhat | hat | man | medium skin tone | rebuild | remodel | repair | work | worker | hard hat
👷🏾‍♂️	People & Body	man construction worker: medium-dark skin tone	
👷🏾‍♂	People & Body	man construction worker: medium-dark skin tone	build | construction | fix | hardhat | hat | man | medium-dark skin tone | rebuild | remodel | repair | work | worker | hard hat
👷🏿‍♂️	People & Body	man construction worker: dark skin tone	
👷🏿‍♂	People & Body	man construction worker: dark skin tone	build | construction | dark skin tone | fix | hardhat | hat | man | rebuild | remodel | repair | work | worker | hard hat
👷‍♀️	People & Body	woman construction worker	
👷‍♀	People & Body	woman construction worker	build | construction | fix | hardhat | hat | man | rebuild | remodel | repair | woman | work | worker | hard hat
👷🏻‍♀️	People & Body	woman construction worker: light skin tone	
👷🏻‍♀	People & Body	woman construction worker: light skin tone	build | construction | fix | hardhat | hat | light skin tone | man | rebuild | remodel | repair | woman | work | worker | hard hat
👷🏼‍♀️	People & Body	woman construction worker: medium-light skin tone	
👷🏼‍♀	People & Body	woman construction worker: medium-light skin tone	build | construction | fix | hardhat | hat | man | medium-light skin tone | rebuild | remodel | repair | woman | work | worker | hard hat
👷🏽‍♀️	People & Body	woman construction worker: medium skin tone	
👷🏽‍♀	People & Body	woman construction worker: medium skin tone	build | construction | fix | hardhat | hat | man | medium skin tone | rebuild | remodel | repair | woman | work | worker | hard hat
👷🏾‍♀️	People & Body	woman construction worker: medium-dark skin tone	
👷🏾‍♀	People & Body	woman construction worker: medium-dark skin tone	build | construction | fix | hardhat | hat | man | medium-dark skin tone | rebuild | remodel | repair | woman | work | worker | hard hat
👷🏿‍♀️	People & Body	woman construction worker: dark skin tone	
👷🏿‍♀	People & Body	woman construction worker: dark skin tone	build | construction | dark skin tone | fix | hardhat | hat | man | rebuild | remodel | repair | woman | work | worker | hard hat
🫅	People & Body	person with crown	crown | monarch | noble | person | regal | royal | royalty | king | person with crown | queen
🫅🏻	People & Body	person with crown: light skin tone	crown | light skin tone | monarch | noble | person | regal | royal | royalty | king | person with crown | queen
🫅🏼	People & Body	person with crown: medium-light skin tone	crown | medium-light skin tone | monarch | noble | person | regal | royal | royalty | king | person with crown | queen
🫅🏽	People & Body	person with crown: medium skin tone	crown | medium skin tone | monarch | noble | person | regal | royal | royalty | king | person with crown | queen
🫅🏾	People & Body	person with crown: medium-dark skin tone	crown | medium-dark skin tone | monarch | noble | person | regal | royal | royalty | king | person with crown | queen
🫅🏿	People & Body	person with crown: dark skin tone	crown | dark skin tone | monarch | noble | person | regal | royal | royalty | king | person with crown | queen
🤴	People & Body	prince	crown | fairy | fairytale | fantasy | king | prince | royal | royalty | tale | fairy tale
🤴🏻	People & Body	prince: light skin tone	crown | fairy | fairytale | fantasy | king | light skin tone | prince | royal | royalty | tale | fairy tale
🤴🏼	People & Body	prince: medium-light skin tone	crown | fairy | fairytale | fantasy | king | medium-light skin tone | prince | royal | royalty | tale | fairy tale
🤴🏽	People & Body	prince: medium skin tone	crown | fairy | fairytale | fantasy | king | medium skin tone | prince | royal | royalty | tale | fairy tale
🤴🏾	People & Body	prince: medium-dark skin tone	crown | fairy | fairytale | fantasy | king | medium-dark skin tone | prince | royal | royalty | tale | fairy tale
🤴🏿	People & Body	prince: dark skin tone	crown | dark skin tone | fairy | fairytale | fantasy | king | prince | royal | royalty | tale | fairy tale
👸	People & Body	princess	crown | fairy | fairytale | fantasy | princess | queen | royal | royalty | tale
👸🏻	People & Body	princess: light skin tone	crown | fairy | fairytale | fantasy | light skin tone | princess | queen | royal | royalty | tale
👸🏼	People & Body	princess: medium-light skin tone	crown | fairy | fairytale | fantasy | medium-light skin tone | princess | queen | royal | royalty | tale
👸🏽	People & Body	princess: medium skin tone	crown | fairy | fairytale | fantasy | medium skin tone | princess | queen | royal | royalty | tale
👸🏾	People & Body	princess: medium-dark skin tone	crown | fairy | fairytale | fantasy | medium-dark skin tone | princess | queen | royal | royalty | tale
👸🏿	People & Body	princess: dark skin tone	crown | dark skin tone | fairy | fairytale | fantasy | princess | queen | royal | royalty | tale
👳	People & Body	person wearing turban	person | turban | wearing
👳🏻	People & Body	person wearing turban: light skin tone	light skin tone | person | turban | wearing
👳🏼	People & Body	person wearing turban: medium-light skin tone	medium-light skin tone | person | turban | wearing
👳🏽	People & Body	person wearing turban: medium skin tone	medium skin tone | person | turban | wearing
👳🏾	People & Body	person wearing turban: medium-dark skin tone	medium-dark skin tone | person | turban | wearing
👳🏿	People & Body	person wearing turban: dark skin tone	dark skin tone | person | turban | wearing
👳‍♂️	People & Body	man wearing turban	
👳‍♂	People & Body	man wearing turban	man | turban | wearing
👳🏻‍♂️	People & Body	man wearing turban: light skin tone	
👳🏻‍♂	People & Body	man wearing turban: light skin tone	light skin tone | man | turban | wearing
👳🏼‍♂️	People & Body	man wearing turban: medium-light skin tone	
👳🏼‍♂	People & Body	man wearing turban: medium-light skin tone	man | medium-light skin tone | turban | wearing
👳🏽‍♂️	People & Body	man wearing turban: medium skin tone	
👳🏽‍♂	People & Body	man wearing turban: medium skin tone	man | medium skin tone | turban | wearing
👳🏾‍♂️	People & Body	man wearing turban: medium-dark skin tone	
👳🏾‍♂	People & Body	man wearing turban: medium-dark skin tone	man | medium-dark skin tone | turban | wearing
👳🏿‍♂️	People & Body	man wearing turban: dark skin tone	
👳🏿‍♂	People & Body	man wearing turban: dark skin tone	dark skin tone | man | turban | wearing
👳‍♀️	People & Body	woman wearing turban	
👳‍♀	People & Body	woman wearing turban	turban | wearing | woman
👳🏻‍♀️	People & Body	woman wearing turban: light skin tone	
👳🏻‍♀	People & Body	woman wearing turban: light skin tone	light skin tone | turban | wearing | woman
👳🏼‍♀️	People & Body	woman wearing turban: medium-light skin tone	
👳🏼‍♀	People & Body	woman wearing turban: medium-light skin tone	medium-light skin tone | turban | wearing | woman
👳🏽‍♀️	People & Body	woman wearing turban: medium skin tone	
👳🏽‍♀	People & Body	woman wearing turban: medium skin tone	medium skin tone | turban | wearing | woman
👳🏾‍♀️	People & Body	woman wearing turban: medium-dark skin tone	
👳🏾‍♀	People & Body	woman wearing turban: medium-dark skin tone	medium-dark skin tone | turban | wearing | woman
👳🏿‍♀️	People & Body	woman wearing turban: dark skin tone	
👳🏿‍♀	People & Body	woman wearing turban: dark skin tone	dark skin tone | turban | wearing | woman
👲	People & Body	person with skullcap	cap | chinese | gua | guapi | hat | mao | person | pi | skullcap
👲🏻	People & Body	person with skullcap: light skin tone	cap | chinese | gua | guapi | hat | light skin tone | mao | person | pi | skullcap
👲🏼	People & Body	person with skullcap: medium-light skin tone	cap | chinese | gua | guapi | hat | mao | medium-light skin tone | person | pi | skullcap
👲🏽	People & Body	person with skullcap: medium skin tone	cap | chinese | gua | guapi | hat | mao | medium skin tone | person | pi | skullcap
👲🏾	People & Body	person with skullcap: medium-dark skin tone	cap | chinese | gua | guapi | hat | mao | medium-dark skin tone | person | pi | skullcap
👲🏿	People & Body	person with skullcap: dark skin tone	cap | chinese | dark skin tone | gua | guapi | hat | mao | person | pi | skullcap
🧕	People & Body	woman with headscarf	bandana | head | headscarf | hijab | kerchief | mantilla | tichel | woman
🧕🏻	People & Body	woman with headscarf: light skin tone	bandana | head | headscarf | hijab | kerchief | light skin tone | mantilla | tichel | woman
🧕🏼	People & Body	woman with headscarf: medium-light skin tone	bandana | head | headscarf | hijab | kerchief | mantilla | medium-light skin tone | tichel | woman
🧕🏽	People & Body	woman with headscarf: medium skin tone	bandana | head | headscarf | hijab | kerchief | mantilla | medium skin tone | tichel | woman
🧕🏾	People & Body	woman with headscarf: medium-dark skin tone	bandana | head | headscarf | hijab | kerchief | mantilla | medium-dark skin tone | tichel | woman
🧕🏿	People & Body	woman with headscarf: dark skin tone	bandana | dark skin tone | head | headscarf | hijab | kerchief | mantilla | tichel | woman
🤵	People & Body	person in tuxedo	formal | person | tuxedo | wedding | groom | person in tux | person in tuxedo
🤵🏻	People & Body	person in tuxedo: light skin tone	formal | light skin tone | person | tuxedo | wedding | groom | person in tux | person in tuxedo
🤵🏼	People & Body	person in tuxedo: medium-light skin tone	formal | medium-light skin tone | person | tuxedo | wedding | groom | person in tux | person in tuxedo
🤵🏽	People & Body	person in tuxedo: medium skin tone	formal | medium skin tone | person | tuxedo | wedding | groom | person in tux | person in tuxedo
🤵🏾	People & Body	person in tuxedo: medium-dark skin tone	formal | medium-dark skin tone | person | tuxedo | wedding | groom | person in tux | person in tuxedo
🤵🏿	People & Body	person in tuxedo: dark skin tone	dark skin tone | formal | person | tuxedo | wedding | groom | person in tux | person in tuxedo
🤵‍♂️	People & Body	man in tuxedo	
🤵‍♂	People & Body	man in tuxedo	formal | groom | man | tuxedo | wedding | man in tux | man in tuxedo | tux
🤵🏻‍♂️	People & Body	man in tuxedo: light skin tone	
🤵🏻‍♂	People & Body	man in tuxedo: light skin tone	formal | groom | light skin tone | man | tuxedo | wedding | man in tux | man in tuxedo | tux
🤵🏼‍♂️	People & Body	man in tuxedo: medium-light skin tone	
🤵🏼‍♂	People & Body	man in tuxedo: medium-light skin tone	formal | groom | man | medium-light skin tone | tuxedo | wedding | man in tux | man in tuxedo | tux
🤵🏽‍♂️	People & Body	man in tuxedo: medium skin tone	
🤵🏽‍♂	People & Body	man in tuxedo: medium skin tone	formal | groom | man | medium skin tone | tuxedo | wedding | man in tux | man in tuxedo | tux
🤵🏾‍♂️	People & Body	man in tuxedo: medium-dark skin tone	
🤵🏾‍♂	People & Body	man in tuxedo: medium-dark skin tone	formal | groom | man | medium-dark skin tone | tuxedo | wedding | man in tux | man in tuxedo | tux
🤵🏿‍♂️	People & Body	man in tuxedo: dark skin tone	
🤵🏿‍♂	People & Body	man in tuxedo: dark skin tone	dark skin tone | formal | groom | man | tuxedo | wedding | man in tux | man in tuxedo | tux
🤵‍♀️	People & Body	woman in tuxedo	
🤵‍♀	People & Body	woman in tuxedo	formal | tuxedo | wedding | woman | woman in tux | woman in tuxedo
🤵🏻‍♀️	People & Body	woman in tuxedo: light skin tone	
🤵🏻‍♀	People & Body	woman in tuxedo: light skin tone	formal | light skin tone | tuxedo | wedding | woman | woman in tux | woman in tuxedo
🤵🏼‍♀️	People & Body	woman in tuxedo: medium-light skin tone	
🤵🏼‍♀	People & Body	woman in tuxedo: medium-light skin tone	formal | medium-light skin tone | tuxedo | wedding | woman | woman in tux | woman in tuxedo
🤵🏽‍♀️	People & Body	woman in tuxedo: medium skin tone	
🤵🏽‍♀	People & Body	woman in tuxedo: medium skin tone	formal | medium skin tone | tuxedo | wedding | woman | woman in tux | woman in tuxedo
🤵🏾‍♀️	People & Body	woman in tuxedo: medium-dark skin tone	
🤵🏾‍♀	People & Body	woman in tuxedo: medium-dark skin tone	formal | medium-dark skin tone | tuxedo | wedding | woman | woman in tux | woman in tuxedo
🤵🏿‍♀️	People & Body	woman in tuxedo: dark skin tone	
🤵🏿‍♀	People & Body	woman in tuxedo: dark skin tone	dark skin tone | formal | tuxedo | wedding | woman | woman in tux | woman in tuxedo
👰	People & Body	person with veil	person | veil | wedding
👰🏻	People & Body	person with veil: light skin tone	light skin tone | person | veil | wedding
👰🏼	People & Body	person with veil: medium-light skin tone	medium-light skin tone | person | veil | wedding
👰🏽	People & Body	person with veil: medium skin tone	medium skin tone | person | veil | wedding
👰🏾	People & Body	person with veil: medium-dark skin tone	medium-dark skin tone | person | veil | wedding
👰🏿	People & Body	person with veil: dark skin tone	dark skin tone | person | veil | wedding
👰‍♂️	People & Body	man with veil	
👰‍♂	People & Body	man with veil	man | veil | wedding
👰🏻‍♂️	People & Body	man with veil: light skin tone	
👰🏻‍♂	People & Body	man with veil: light skin tone	light skin tone | man | veil | wedding
👰🏼‍♂️	People & Body	man with veil: medium-light skin tone	
👰🏼‍♂	People & Body	man with veil: medium-light skin tone	man | medium-light skin tone | veil | wedding
👰🏽‍♂️	People & Body	man with veil: medium skin tone	
👰🏽‍♂	People & Body	man with veil: medium skin tone	man | medium skin tone | veil | wedding
👰🏾‍♂️	People & Body	man with veil: medium-dark skin tone	
👰🏾‍♂	People & Body	man with veil: medium-dark skin tone	man | medium-dark skin tone | veil | wedding
👰🏿‍♂️	People & Body	man with veil: dark skin tone	
👰🏿‍♂	People & Body	man with veil: dark skin tone	dark skin tone | man | veil | wedding
👰‍♀️	People & Body	woman with veil	
👰‍♀	People & Body	woman with veil	bride | veil | wedding | woman | woman with veil
👰🏻‍♀️	People & Body	woman with veil: light skin tone	
👰🏻‍♀	People & Body	woman with veil: light skin tone	bride | light skin tone | veil | wedding | woman | woman with veil
👰🏼‍♀️	People & Body	woman with veil: medium-light skin tone	
👰🏼‍♀	People & Body	woman with veil: medium-light skin tone	bride | medium-light skin tone | veil | wedding | woman | woman with veil
👰🏽‍♀️	People & Body	woman with veil: medium skin tone	
👰🏽‍♀	People & Body	woman with veil: medium skin tone	bride | medium skin tone | veil | wedding | woman | woman with veil
👰🏾‍♀️	People & Body	woman with veil: medium-dark skin tone	
👰🏾‍♀	People & Body	woman with veil: medium-dark skin tone	bride | medium-dark skin tone | veil | wedding | woman | woman with veil
👰🏿‍♀️	People & Body	woman with veil: dark skin tone	
👰🏿‍♀	People & Body	woman with veil: dark skin tone	bride | dark skin tone | veil | wedding | woman | woman with veil
🤰	People & Body	pregnant woman	pregnant | woman
🤰🏻	People & Body	pregnant woman: light skin tone	light skin tone | pregnant | woman
🤰🏼	People & Body	pregnant woman: medium-light skin tone	medium-light skin tone | pregnant | woman
🤰🏽	People & Body	pregnant woman: medium skin tone	medium skin tone | pregnant | woman
🤰🏾	People & Body	pregnant woman: medium-dark skin tone	medium-dark skin tone | pregnant | woman
🤰🏿	People & Body	pregnant woman: dark skin tone	dark skin tone | pregnant | woman
🫃	People & Body	pregnant man	belly | bloated | full | man | overeat | pregnant
🫃🏻	People & Body	pregnant man: light skin tone	belly | bloated | full | light skin tone | man | overeat | pregnant
🫃🏼	People & Body	pregnant man: medium-light skin tone	belly | bloated | full | man | medium-light skin tone | overeat | pregnant
🫃🏽	People & Body	pregnant man: medium skin tone	belly | bloated | full | man | medium skin tone | overeat | pregnant
🫃🏾	People & Body	pregnant man: medium-dark skin tone	belly | bloated | full | man | medium-dark skin tone | overeat | pregnant
🫃🏿	People & Body	pregnant man: dark skin tone	belly | bloated | dark skin tone | full | man | overeat | pregnant
🫄	People & Body	pregnant person	belly | bloated | full | overeat | person | pregnant | stuffed
🫄🏻	People & Body	pregnant person: light skin tone	belly | bloated | full | light skin tone | overeat | person | pregnant | stuffed
🫄🏼	People & Body	pregnant person: medium-light skin tone	belly | bloated | full | medium-light skin tone | overeat | person | pregnant | stuffed
🫄🏽	People & Body	pregnant person: medium skin tone	belly | bloated | full | medium skin tone | overeat | person | pregnant | stuffed
🫄🏾	People & Body	pregnant person: medium-dark skin tone	belly | bloated | full | medium-dark skin tone | overeat | person | pregnant | stuffed
🫄🏿	People & Body	pregnant person: dark skin tone	belly | bloated | dark skin tone | full | overeat | person | pregnant | stuffed
🤱	People & Body	breast-feeding	baby | breast | breast-feeding | feeding | mom | mother | nursing | woman
🤱🏻	People & Body	breast-feeding: light skin tone	baby | breast | breast-feeding | feeding | light skin tone | mom | mother | nursing | woman
🤱🏼	People & Body	breast-feeding: medium-light skin tone	baby | breast | breast-feeding | feeding | medium-light skin tone | mom | mother | nursing | woman
🤱🏽	People & Body	breast-feeding: medium skin tone	baby | breast | breast-feeding | feeding | medium skin tone | mom | mother | nursing | woman
🤱🏾	People & Body	breast-feeding: medium-dark skin tone	baby | breast | breast-feeding | feeding | medium-dark skin tone | mom | mother | nursing | woman
🤱🏿	People & Body	breast-feeding: dark skin tone	baby | breast | breast-feeding | dark skin tone | feeding | mom | mother | nursing | woman
👩‍🍼	People & Body	woman feeding baby	baby | feed | feeding | mom | mother | nanny | newborn | nursing | woman
👩🏻‍🍼	People & Body	woman feeding baby: light skin tone	baby | feed | feeding | light skin tone | mom | mother | nanny | newborn | nursing | woman
👩🏼‍🍼	People & Body	woman feeding baby: medium-light skin tone	baby | feed | feeding | medium-light skin tone | mom | mother | nanny | newborn | nursing | woman
👩🏽‍🍼	People & Body	woman feeding baby: medium skin tone	baby | feed | feeding | medium skin tone | mom | mother | nanny | newborn | nursing | woman
👩🏾‍🍼	People & Body	woman feeding baby: medium-dark skin tone	baby | feed | feeding | medium-dark skin tone | mom | mother | nanny | newborn | nursing | woman
👩🏿‍🍼	People & Body	woman feeding baby: dark skin tone	baby | dark skin tone | feed | feeding | mom | mother | nanny | newborn | nursing | woman
👨‍🍼	People & Body	man feeding baby	baby | dad | father | feed | feeding | man | nanny | newborn | nursing
👨🏻‍🍼	People & Body	man feeding baby: light skin tone	baby | dad | father | feed | feeding | light skin tone | man | nanny | newborn | nursing
👨🏼‍🍼	People & Body	man feeding baby: medium-light skin tone	baby | dad | father | feed | feeding | man | medium-light skin tone | nanny | newborn | nursing
👨🏽‍🍼	People & Body	man feeding baby: medium skin tone	baby | dad | father | feed | feeding | man | medium skin tone | nanny | newborn | nursing
👨🏾‍🍼	People & Body	man feeding baby: medium-dark skin tone	baby | dad | father | feed | feeding | man | medium-dark skin tone | nanny | newborn | nursing
👨🏿‍🍼	People & Body	man feeding baby: dark skin tone	baby | dad | dark skin tone | father | feed | feeding | man | nanny | newborn | nursing
🧑‍🍼	People & Body	person feeding baby	baby | feed | feeding | nanny | newborn | nursing | parent
🧑🏻‍🍼	People & Body	person feeding baby: light skin tone	baby | feed | feeding | light skin tone | nanny | newborn | nursing | parent
🧑🏼‍🍼	People & Body	person feeding baby: medium-light skin tone	baby | feed | feeding | medium-light skin tone | nanny | newborn | nursing | parent
🧑🏽‍🍼	People & Body	person feeding baby: medium skin tone	baby | feed | feeding | medium skin tone | nanny | newborn | nursing | parent
🧑🏾‍🍼	People & Body	person feeding baby: medium-dark skin tone	baby | feed | feeding | medium-dark skin tone | nanny | newborn | nursing | parent
🧑🏿‍🍼	People & Body	person feeding baby: dark skin tone	baby | dark skin tone | feed | feeding | nanny | newborn | nursing | parent
👼	People & Body	baby angel	angel | baby | church | face | fairy | fairytale | fantasy | tale
👼🏻	People & Body	baby angel: light skin tone	angel | baby | church | face | fairy | fairytale | fantasy | light skin tone | tale
👼🏼	People & Body	baby angel: medium-light skin tone	angel | baby | church | face | fairy | fairytale | fantasy | medium-light skin tone | tale
👼🏽	People & Body	baby angel: medium skin tone	angel | baby | church | face | fairy | fairytale | fantasy | medium skin tone | tale
👼🏾	People & Body	baby angel: medium-dark skin tone	angel | baby | church | face | fairy | fairytale | fantasy | medium-dark skin tone | tale
👼🏿	People & Body	baby angel: dark skin tone	angel | baby | church | dark skin tone | face | fairy | fairytale | fantasy | tale
🎅	People & Body	Santa Claus	celebration | christmas | claus | fairy | fantasy | father | holiday | merry | santa | tale | xmas | father christmas | santa | santa claus | claus | father
🎅🏻	People & Body	Santa Claus: light skin tone	celebration | christmas | claus | fairy | fantasy | father | holiday | light skin tone | merry | santa | tale | xmas | father christmas | santa | santa claus | claus | father
🎅🏼	People & Body	Santa Claus: medium-light skin tone	celebration | christmas | claus | fairy | fantasy | father | holiday | medium-light skin tone | merry | santa | tale | xmas | father christmas | santa | santa claus | claus | father
🎅🏽	People & Body	Santa Claus: medium skin tone	celebration | christmas | claus | fairy | fantasy | father | holiday | medium skin tone | merry | santa | tale | xmas | father christmas | santa | santa claus | claus | father
🎅🏾	People & Body	Santa Claus: medium-dark skin tone	celebration | christmas | claus | fairy | fantasy | father | holiday | medium-dark skin tone | merry | santa | tale | xmas | father christmas | santa | santa claus | claus | father
🎅🏿	People & Body	Santa Claus: dark skin tone	celebration | christmas | claus | dark skin tone | fairy | fantasy | father | holiday | merry | santa | tale | xmas | father christmas | santa | santa claus | claus | father
🤶	People & Body	Mrs. Claus	celebration | christmas | claus | fairy | fantasy | holiday | merry | mother | mrs | santa | tale | xmas | mrs claus | mrs santa claus | mrs. claus | claus | mother | mrs.
🤶🏻	People & Body	Mrs. Claus: light skin tone	celebration | christmas | claus | fairy | fantasy | holiday | light skin tone | merry | mother | mrs | santa | tale | xmas | mrs claus | mrs santa claus | mrs. claus | claus | mother | mrs.
🤶🏼	People & Body	Mrs. Claus: medium-light skin tone	celebration | christmas | claus | fairy | fantasy | holiday | medium-light skin tone | merry | mother | mrs | santa | tale | xmas | mrs claus | mrs santa claus | mrs. claus | claus | mother | mrs.
🤶🏽	People & Body	Mrs. Claus: medium skin tone	celebration | christmas | claus | fairy | fantasy | holiday | medium skin tone | merry | mother | mrs | santa | tale | xmas | mrs claus | mrs santa claus | mrs. claus | claus | mother | mrs.
🤶🏾	People & Body	Mrs. Claus: medium-dark skin tone	celebration | christmas | claus | fairy | fantasy | holiday | medium-dark skin tone | merry | mother | mrs | santa | tale | xmas | mrs claus | mrs santa claus | mrs. claus | claus | mother | mrs.
🤶🏿	People & Body	Mrs. Claus: dark skin tone	celebration | christmas | claus | dark skin tone | fairy | fantasy | holiday | merry | mother | mrs | santa | tale | xmas | mrs claus | mrs santa claus | mrs. claus | claus | mother | mrs.
🧑‍🎄	People & Body	Mx claus	celebration | christmas | claus | fairy | fantasy | holiday | merry | mx | santa | tale | xmas | claus | mx. claus
🧑🏻‍🎄	People & Body	Mx claus: light skin tone	celebration | christmas | claus | fairy | fantasy | holiday | light skin tone | merry | mx | santa | tale | xmas | claus | mx. claus
🧑🏼‍🎄	People & Body	Mx claus: medium-light skin tone	celebration | christmas | claus | fairy | fantasy | holiday | medium-light skin tone | merry | mx | santa | tale | xmas | claus | mx. claus
🧑🏽‍🎄	People & Body	Mx claus: medium skin tone	celebration | christmas | claus | fairy | fantasy | holiday | medium skin tone | merry | mx | santa | tale | xmas | claus | mx. claus
🧑🏾‍🎄	People & Body	Mx claus: medium-dark skin tone	celebration | christmas | claus | fairy | fantasy | holiday | medium-dark skin tone | merry | mx | santa | tale | xmas | claus | mx. claus
🧑🏿‍🎄	People & Body	Mx claus: dark skin tone	celebration | christmas | claus | dark skin tone | fairy | fantasy | holiday | merry | mx | santa | tale | xmas | claus | mx. claus
🦸	People & Body	superhero	good | hero | superhero | superpower
🦸🏻	People & Body	superhero: light skin tone	good | hero | light skin tone | superhero | superpower
🦸🏼	People & Body	superhero: medium-light skin tone	good | hero | medium-light skin tone | superhero | superpower
🦸🏽	People & Body	superhero: medium skin tone	good | hero | medium skin tone | superhero | superpower
🦸🏾	People & Body	superhero: medium-dark skin tone	good | hero | medium-dark skin tone | superhero | superpower
🦸🏿	People & Body	superhero: dark skin tone	dark skin tone | good | hero | superhero | superpower
🦸‍♂️	People & Body	man superhero	
🦸‍♂	People & Body	man superhero	good | hero | man | superhero | superpower
🦸🏻‍♂️	People & Body	man superhero: light skin tone	
🦸🏻‍♂	People & Body	man superhero: light skin tone	good | hero | light skin tone | man | superhero | superpower
🦸🏼‍♂️	People & Body	man superhero: medium-light skin tone	
🦸🏼‍♂	People & Body	man superhero: medium-light skin tone	good | hero | man | medium-light skin tone | superhero | superpower
🦸🏽‍♂️	People & Body	man superhero: medium skin tone	
🦸🏽‍♂	People & Body	man superhero: medium skin tone	good | hero | man | medium skin tone | superhero | superpower
🦸🏾‍♂️	People & Body	man superhero: medium-dark skin tone	
🦸🏾‍♂	People & Body	man superhero: medium-dark skin tone	good | hero | man | medium-dark skin tone | superhero | superpower
🦸🏿‍♂️	People & Body	man superhero: dark skin tone	
🦸🏿‍♂	People & Body	man superhero: dark skin tone	dark skin tone | good | hero | man | superhero | superpower
🦸‍♀️	People & Body	woman superhero	
🦸‍♀	People & Body	woman superhero	good | hero | heroine | superhero | superpower | woman
🦸🏻‍♀️	People & Body	woman superhero: light skin tone	
🦸🏻‍♀	People & Body	woman superhero: light skin tone	good | hero | heroine | light skin tone | superhero | superpower | woman
🦸🏼‍♀️	People & Body	woman superhero: medium-light skin tone	
🦸🏼‍♀	People & Body	woman superhero: medium-light skin tone	good | hero | heroine | medium-light skin tone | superhero | superpower | woman
🦸🏽‍♀️	People & Body	woman superhero: medium skin tone	
🦸🏽‍♀	People & Body	woman superhero: medium skin tone	good | hero | heroine | medium skin tone | superhero | superpower | woman
🦸🏾‍♀️	People & Body	woman superhero: medium-dark skin tone	
🦸🏾‍♀	People & Body	woman superhero: medium-dark skin tone	good | hero | heroine | medium-dark skin tone | superhero | superpower | woman
🦸🏿‍♀️	People & Body	woman superhero: dark skin tone	
🦸🏿‍♀	People & Body	woman superhero: dark skin tone	dark skin tone | good | hero | heroine | superhero | superpower | woman
🦹	People & Body	supervillain	bad | criminal | evil | superpower | supervillain | villain
🦹🏻	People & Body	supervillain: light skin tone	bad | criminal | evil | light skin tone | superpower | supervillain | villain
🦹🏼	People & Body	supervillain: medium-light skin tone	bad | criminal | evil | medium-light skin tone | superpower | supervillain | villain
🦹🏽	People & Body	supervillain: medium skin tone	bad | criminal | evil | medium skin tone | superpower | supervillain | villain
🦹🏾	People & Body	supervillain: medium-dark skin tone	bad | criminal | evil | medium-dark skin tone | superpower | supervillain | villain
🦹🏿	People & Body	supervillain: dark skin tone	bad | criminal | dark skin tone | evil | superpower | supervillain | villain
🦹‍♂️	People & Body	man supervillain	
🦹‍♂	People & Body	man supervillain	bad | criminal | evil | man | superpower | supervillain | villain
🦹🏻‍♂️	People & Body	man supervillain: light skin tone	
🦹🏻‍♂	People & Body	man supervillain: light skin tone	bad | criminal | evil | light skin tone | man | superpower | supervillain | villain
🦹🏼‍♂️	People & Body	man supervillain: medium-light skin tone	
🦹🏼‍♂	People & Body	man supervillain: medium-light skin tone	bad | criminal | evil | man | medium-light skin tone | superpower | supervillain | villain
🦹🏽‍♂️	People & Body	man supervillain: medium skin tone	
🦹🏽‍♂	People & Body	man supervillain: medium skin tone	bad | criminal | evil | man | medium skin tone | superpower | supervillain | villain
🦹🏾‍♂️	People & Body	man supervillain: medium-dark skin tone	
🦹🏾‍♂	People & Body	man supervillain: medium-dark skin tone	bad | criminal | evil | man | medium-dark skin tone | superpower | supervillain | villain
🦹🏿‍♂️	People & Body	man supervillain: dark skin tone	
🦹🏿‍♂	People & Body	man supervillain: dark skin tone	bad | criminal | dark skin tone | evil | man | superpower | supervillain | villain
🦹‍♀️	People & Body	woman supervillain	
🦹‍♀	People & Body	woman supervillain	bad | criminal | evil | superpower | supervillain | villain | woman
🦹🏻‍♀️	People & Body	woman supervillain: light skin tone	
🦹🏻‍♀	People & Body	woman supervillain: light skin tone	bad | criminal | evil | light skin tone | superpower | supervillain | villain | woman
🦹🏼‍♀️	People & Body	woman supervillain: medium-light skin tone	
🦹🏼‍♀	People & Body	woman supervillain: medium-light skin tone	bad | criminal | evil | medium-light skin tone | superpower | supervillain | villain | woman
🦹🏽‍♀️	People & Body	woman supervillain: medium skin tone	
🦹🏽‍♀	People & Body	woman supervillain: medium skin tone	bad | criminal | evil | medium skin tone | superpower | supervillain | villain | woman
🦹🏾‍♀️	People & Body	woman supervillain: medium-dark skin tone	
🦹🏾‍♀	People & Body	woman supervillain: medium-dark skin tone	bad | criminal | evil | medium-dark skin tone | superpower | supervillain | villain | woman
🦹🏿‍♀️	People & Body	woman supervillain: dark skin tone	
🦹🏿‍♀	People & Body	woman supervillain: dark skin tone	bad | criminal | dark skin tone | evil | superpower | supervillain | villain | woman
🧙	People & Body	mage	fantasy | mage | magic | play | sorcerer | sorceress | sorcery | spell | summon | witch | wizard
🧙🏻	People & Body	mage: light skin tone	fantasy | light skin tone | mage | magic | play | sorcerer | sorceress | sorcery | spell | summon | witch | wizard
🧙🏼	People & Body	mage: medium-light skin tone	fantasy | mage | magic | medium-light skin tone | play | sorcerer | sorceress | sorcery | spell | summon | witch | wizard
🧙🏽	People & Body	mage: medium skin tone	fantasy | mage | magic | medium skin tone | play | sorcerer | sorceress | sorcery | spell | summon | witch | wizard
🧙🏾	People & Body	mage: medium-dark skin tone	fantasy | mage | magic | medium-dark skin tone | play | sorcerer | sorceress | sorcery | spell | summon | witch | wizard
🧙🏿	People & Body	mage: dark skin tone	dark skin tone | fantasy | mage | magic | play | sorcerer | sorceress | sorcery | spell | summon | witch | wizard
🧙‍♂️	People & Body	man mage	
🧙‍♂	People & Body	man mage	fantasy | mage | magic | man | play | sorcerer | sorceress | sorcery | spell | summon | witch | wizard
🧙🏻‍♂️	People & Body	man mage: light skin tone	
🧙🏻‍♂	People & Body	man mage: light skin tone	fantasy | light skin tone | mage | magic | man | play | sorcerer | sorceress | sorcery | spell | summon | witch | wizard
🧙🏼‍♂️	People & Body	man mage: medium-light skin tone	
🧙🏼‍♂	People & Body	man mage: medium-light skin tone	fantasy | mage | magic | man | medium-light skin tone | play | sorcerer | sorceress | sorcery | spell | summon | witch | wizard
🧙🏽‍♂️	People & Body	man mage: medium skin tone	
🧙🏽‍♂	People & Body	man mage: medium skin tone	fantasy | mage | magic | man | medium skin tone | play | sorcerer | sorceress | sorcery | spell | summon | witch | wizard
🧙🏾‍♂️	People & Body	man mage: medium-dark skin tone	
🧙🏾‍♂	People & Body	man mage: medium-dark skin tone	fantasy | mage | magic | man | medium-dark skin tone | play | sorcerer | sorceress | sorcery | spell | summon | witch | wizard
🧙🏿‍♂️	People & Body	man mage: dark skin tone	
🧙🏿‍♂	People & Body	man mage: dark skin tone	dark skin tone | fantasy | mage | magic | man | play | sorcerer | sorceress | sorcery | spell | summon | witch | wizard
🧙‍♀️	People & Body	woman mage	
🧙‍♀	People & Body	woman mage	fantasy | mage | magic | play | sorcerer | sorceress | sorcery | spell | summon | witch | wizard | woman
🧙🏻‍♀️	People & Body	woman mage: light skin tone	
🧙🏻‍♀	People & Body	woman mage: light skin tone	fantasy | light skin tone | mage | magic | play | sorcerer | sorceress | sorcery | spell | summon | witch | wizard | woman
🧙🏼‍♀️	People & Body	woman mage: medium-light skin tone	
🧙🏼‍♀	People & Body	woman mage: medium-light skin tone	fantasy | mage | magic | medium-light skin tone | play | sorcerer | sorceress | sorcery | spell | summon | witch | wizard | woman
🧙🏽‍♀️	People & Body	woman mage: medium skin tone	
🧙🏽‍♀	People & Body	woman mage: medium skin tone	fantasy | mage | magic | medium skin tone | play | sorcerer | sorceress | sorcery | spell | summon | witch | wizard | woman
🧙🏾‍♀️	People & Body	woman mage: medium-dark skin tone	
🧙🏾‍♀	People & Body	woman mage: medium-dark skin tone	fantasy | mage | magic | medium-dark skin tone | play | sorcerer | sorceress | sorcery | spell | summon | witch | wizard | woman
🧙🏿‍♀️	People & Body	woman mage: dark skin tone	
🧙🏿‍♀	People & Body	woman mage: dark skin tone	dark skin tone | fantasy | mage | magic | play | sorcerer | sorceress | sorcery | spell | summon | witch | wizard | woman
🧚	People & Body	fairy	fairy | fairytale | fantasy | myth | person | pixie | tale | wings
🧚🏻	People & Body	fairy: light skin tone	fairy | fairytale | fantasy | light skin tone | myth | person | pixie | tale | wings
🧚🏼	People & Body	fairy: medium-light skin tone	fairy | fairytale | fantasy | medium-light skin tone | myth | person | pixie | tale | wings
🧚🏽	People & Body	fairy: medium skin tone	fairy | fairytale | fantasy | medium skin tone | myth | person | pixie | tale | wings
🧚🏾	People & Body	fairy: medium-dark skin tone	fairy | fairytale | fantasy | medium-dark skin tone | myth | person | pixie | tale | wings
🧚🏿	People & Body	fairy: dark skin tone	dark skin tone | fairy | fairytale | fantasy | myth | person | pixie | tale | wings
🧚‍♂️	People & Body	man fairy	
🧚‍♂	People & Body	man fairy	fairy | fairytale | fantasy | man | myth | oberon | person | pixie | puck | tale | wings
🧚🏻‍♂️	People & Body	man fairy: light skin tone	
🧚🏻‍♂	People & Body	man fairy: light skin tone	fairy | fairytale | fantasy | light skin tone | man | myth | oberon | person | pixie | puck | tale | wings
🧚🏼‍♂️	People & Body	man fairy: medium-light skin tone	
🧚🏼‍♂	People & Body	man fairy: medium-light skin tone	fairy | fairytale | fantasy | man | medium-light skin tone | myth | oberon | person | pixie | puck | tale | wings
🧚🏽‍♂️	People & Body	man fairy: medium skin tone	
🧚🏽‍♂	People & Body	man fairy: medium skin tone	fairy | fairytale | fantasy | man | medium skin tone | myth | oberon | person | pixie | puck | tale | wings
🧚🏾‍♂️	People & Body	man fairy: medium-dark skin tone	
🧚🏾‍♂	People & Body	man fairy: medium-dark skin tone	fairy | fairytale | fantasy | man | medium-dark skin tone | myth | oberon | person | pixie | puck | tale | wings
🧚🏿‍♂️	People & Body	man fairy: dark skin tone	
🧚🏿‍♂	People & Body	man fairy: dark skin tone	dark skin tone | fairy | fairytale | fantasy | man | myth | oberon | person | pixie | puck | tale | wings
🧚‍♀️	People & Body	woman fairy	
🧚‍♀	People & Body	woman fairy	fairy | fairytale | fantasy | myth | person | pixie | tale | titania | wings | woman
🧚🏻‍♀️	People & Body	woman fairy: light skin tone	
🧚🏻‍♀	People & Body	woman fairy: light skin tone	fairy | fairytale | fantasy | light skin tone | myth | person | pixie | tale | titania | wings | woman
🧚🏼‍♀️	People & Body	woman fairy: medium-light skin tone	
🧚🏼‍♀	People & Body	woman fairy: medium-light skin tone	fairy | fairytale | fantasy | medium-light skin tone | myth | person | pixie | tale | titania | wings | woman
🧚🏽‍♀️	People & Body	woman fairy: medium skin tone	
🧚🏽‍♀	People & Body	woman fairy: medium skin tone	fairy | fairytale | fantasy | medium skin tone | myth | person | pixie | tale | titania | wings | woman
🧚🏾‍♀️	People & Body	woman fairy: medium-dark skin tone	
🧚🏾‍♀	People & Body	woman fairy: medium-dark skin tone	fairy | fairytale | fantasy | medium-dark skin tone | myth | person | pixie | tale | titania | wings | woman
🧚🏿‍♀️	People & Body	woman fairy: dark skin tone	
🧚🏿‍♀	People & Body	woman fairy: dark skin tone	dark skin tone | fairy | fairytale | fantasy | myth | person | pixie | tale | titania | wings | woman
🧛	People & Body	vampire	blood | dracula | fangs | halloween | scary | supernatural | teeth | undead | vampire
🧛🏻	People & Body	vampire: light skin tone	blood | dracula | fangs | halloween | light skin tone | scary | supernatural | teeth | undead | vampire
🧛🏼	People & Body	vampire: medium-light skin tone	blood | dracula | fangs | halloween | medium-light skin tone | scary | supernatural | teeth | undead | vampire
🧛🏽	People & Body	vampire: medium skin tone	blood | dracula | fangs | halloween | medium skin tone | scary | supernatural | teeth | undead | vampire
🧛🏾	People & Body	vampire: medium-dark skin tone	blood | dracula | fangs | halloween | medium-dark skin tone | scary | supernatural | teeth | undead | vampire
🧛🏿	People & Body	vampire: dark skin tone	blood | dark skin tone | dracula | fangs | halloween | scary | supernatural | teeth | undead | vampire
🧛‍♂️	People & Body	man vampire	
🧛‍♂	People & Body	man vampire	blood | fangs | halloween | man | scary | supernatural | teeth | undead | vampire
🧛🏻‍♂️	People & Body	man vampire: light skin tone	
🧛🏻‍♂	People & Body	man vampire: light skin tone	blood | fangs | halloween | light skin tone | man | scary | supernatural | teeth | undead | vampire
🧛🏼‍♂️	People & Body	man vampire: medium-light skin tone	
🧛🏼‍♂	People & Body	man vampire: medium-light skin tone	blood | fangs | halloween | man | medium-light skin tone | scary | supernatural | teeth | undead | vampire
🧛🏽‍♂️	People & Body	man vampire: medium skin tone	
🧛🏽‍♂	People & Body	man vampire: medium skin tone	blood | fangs | halloween | man | medium skin tone | scary | supernatural | teeth | undead | vampire
🧛🏾‍♂️	People & Body	man vampire: medium-dark skin tone	
🧛🏾‍♂	People & Body	man vampire: medium-dark skin tone	blood | fangs | halloween | man | medium-dark skin tone | scary | supernatural | teeth | undead | vampire
🧛🏿‍♂️	People & Body	man vampire: dark skin tone	
🧛🏿‍♂	People & Body	man vampire: dark skin tone	blood | dark skin tone | fangs | halloween | man | scary | supernatural | teeth | undead | vampire
🧛‍♀️	People & Body	woman vampire	
🧛‍♀	People & Body	woman vampire	blood | fangs | halloween | scary | supernatural | teeth | undead | vampire | woman
🧛🏻‍♀️	People & Body	woman vampire: light skin tone	
🧛🏻‍♀	People & Body	woman vampire: light skin tone	blood | fangs | halloween | light skin tone | scary | supernatural | teeth | undead | vampire | woman
🧛🏼‍♀️	People & Body	woman vampire: medium-light skin tone	
🧛🏼‍♀	People & Body	woman vampire: medium-light skin tone	blood | fangs | halloween | medium-light skin tone | scary | supernatural | teeth | undead | vampire | woman
🧛🏽‍♀️	People & Body	woman vampire: medium skin tone	
🧛🏽‍♀	People & Body	woman vampire: medium skin tone	blood | fangs | halloween | medium skin tone | scary | supernatural | teeth | undead | vampire | woman
🧛🏾‍♀️	People & Body	woman vampire: medium-dark skin tone	
🧛🏾‍♀	People & Body	woman vampire: medium-dark skin tone	blood | fangs | halloween | medium-dark skin tone | scary | supernatural | teeth | undead | vampire | woman
🧛🏿‍♀️	People & Body	woman vampire: dark skin tone	
🧛🏿‍♀	People & Body	woman vampire: dark skin tone	blood | dark skin tone | fangs | halloween | scary | supernatural | teeth | undead | vampire | woman
🧜	People & Body	merperson	creature | fairytale | folklore | merperson | ocean | sea | siren | trident
🧜🏻	People & Body	merperson: light skin tone	creature | fairytale | folklore | light skin tone | merperson | ocean | sea | siren | trident
🧜🏼	People & Body	merperson: medium-light skin tone	creature | fairytale | folklore | medium-light skin tone | merperson | ocean | sea | siren | trident
🧜🏽	People & Body	merperson: medium skin tone	creature | fairytale | folklore | medium skin tone | merperson | ocean | sea | siren | trident
🧜🏾	People & Body	merperson: medium-dark skin tone	creature | fairytale | folklore | medium-dark skin tone | merperson | ocean | sea | siren | trident
🧜🏿	People & Body	merperson: dark skin tone	creature | dark skin tone | fairytale | folklore | merperson | ocean | sea | siren | trident
🧜‍♂️	People & Body	merman	
🧜‍♂	People & Body	merman	creature | fairytale | folklore | merman | neptune | ocean | poseidon | sea | siren | trident | triton
🧜🏻‍♂️	People & Body	merman: light skin tone	
🧜🏻‍♂	People & Body	merman: light skin tone	creature | fairytale | folklore | light skin tone | merman | neptune | ocean | poseidon | sea | siren | trident | triton
🧜🏼‍♂️	People & Body	merman: medium-light skin tone	
🧜🏼‍♂	People & Body	merman: medium-light skin tone	creature | fairytale | folklore | medium-light skin tone | merman | neptune | ocean | poseidon | sea | siren | trident | triton
🧜🏽‍♂️	People & Body	merman: medium skin tone	
🧜🏽‍♂	People & Body	merman: medium skin tone	creature | fairytale | folklore | medium skin tone | merman | neptune | ocean | poseidon | sea | siren | trident | triton
🧜🏾‍♂️	People & Body	merman: medium-dark skin tone	
🧜🏾‍♂	People & Body	merman: medium-dark skin tone	creature | fairytale | folklore | medium-dark skin tone | merman | neptune | ocean | poseidon | sea | siren | trident | triton
🧜🏿‍♂️	People & Body	merman: dark skin tone	
🧜🏿‍♂	People & Body	merman: dark skin tone	creature | dark skin tone | fairytale | folklore | merman | neptune | ocean | poseidon | sea | siren | trident | triton
🧜‍♀️	People & Body	mermaid	
🧜‍♀	People & Body	mermaid	creature | fairytale | folklore | mermaid | merwoman | ocean | sea | siren | trident
🧜🏻‍♀️	People & Body	mermaid: light skin tone	
🧜🏻‍♀	People & Body	mermaid: light skin tone	creature | fairytale | folklore | light skin tone | mermaid | merwoman | ocean | sea | siren | trident
🧜🏼‍♀️	People & Body	mermaid: medium-light skin tone	
🧜🏼‍♀	People & Body	mermaid: medium-light skin tone	creature | fairytale | folklore | medium-light skin tone | mermaid | merwoman | ocean | sea | siren | trident
🧜🏽‍♀️	People & Body	mermaid: medium skin tone	
🧜🏽‍♀	People & Body	mermaid: medium skin tone	creature | fairytale | folklore | medium skin tone | mermaid | merwoman | ocean | sea | siren | trident
🧜🏾‍♀️	People & Body	mermaid: medium-dark skin tone	
🧜🏾‍♀	People & Body	mermaid: medium-dark skin tone	creature | fairytale | folklore | medium-dark skin tone | mermaid | merwoman | ocean | sea | siren | trident
🧜🏿‍♀️	People & Body	mermaid: dark skin tone	
🧜🏿‍♀	People & Body	mermaid: dark skin tone	creature | dark skin tone | fairytale | folklore | mermaid | merwoman | ocean | sea | siren | trident
🧝	People & Body	elf	elf | elves | enchantment | fantasy | folklore | magic | magical | myth
🧝🏻	People & Body	elf: light skin tone	elf | elves | enchantment | fantasy | folklore | light skin tone | magic | magical | myth
🧝🏼	People & Body	elf: medium-light skin tone	elf | elves | enchantment | fantasy | folklore | magic | magical | medium-light skin tone | myth
🧝🏽	People & Body	elf: medium skin tone	elf | elves | enchantment | fantasy | folklore | magic | magical | medium skin tone | myth
🧝🏾	People & Body	elf: medium-dark skin tone	elf | elves | enchantment | fantasy | folklore | magic | magical | medium-dark skin tone | myth
🧝🏿	People & Body	elf: dark skin tone	dark skin tone | elf | elves | enchantment | fantasy | folklore | magic | magical | myth
🧝‍♂️	People & Body	man elf	
🧝‍♂	People & Body	man elf	elf | elves | enchantment | fantasy | folklore | magic | magical | man | myth
🧝🏻‍♂️	People & Body	man elf: light skin tone	
🧝🏻‍♂	People & Body	man elf: light skin tone	elf | elves | enchantment | fantasy | folklore | light skin tone | magic | magical | man | myth
🧝🏼‍♂️	People & Body	man elf: medium-light skin tone	
🧝🏼‍♂	People & Body	man elf: medium-light skin tone	elf | elves | enchantment | fantasy | folklore | magic | magical | man | medium-light skin tone | myth
🧝🏽‍♂️	People & Body	man elf: medium skin tone	
🧝🏽‍♂	People & Body	man elf: medium skin tone	elf | elves | enchantment | fantasy | folklore | magic | magical | man | medium skin tone | myth
🧝🏾‍♂️	People & Body	man elf: medium-dark skin tone	
🧝🏾‍♂	People & Body	man elf: medium-dark skin tone	elf | elves | enchantment | fantasy | folklore | magic | magical | man | medium-dark skin tone | myth
🧝🏿‍♂️	People & Body	man elf: dark skin tone	
🧝🏿‍♂	People & Body	man elf: dark skin tone	dark skin tone | elf | elves | enchantment | fantasy | folklore | magic | magical | man | myth
🧝‍♀️	People & Body	woman elf	
🧝‍♀	People & Body	woman elf	elf | elves | enchantment | fantasy | folklore | magic | magical | myth | woman
🧝🏻‍♀️	People & Body	woman elf: light skin tone	
🧝🏻‍♀	People & Body	woman elf: light skin tone	elf | elves | enchantment | fantasy | folklore | light skin tone | magic | magical | myth | woman
🧝🏼‍♀️	People & Body	woman elf: medium-light skin tone	
🧝🏼‍♀	People & Body	woman elf: medium-light skin tone	elf | elves | enchantment | fantasy | folklore | magic | magical | medium-light skin tone | myth | woman
🧝🏽‍♀️	People & Body	woman elf: medium skin tone	
🧝🏽‍♀	People & Body	woman elf: medium skin tone	elf | elves | enchantment | fantasy | folklore | magic | magical | medium skin tone | myth | woman
🧝🏾‍♀️	People & Body	woman elf: medium-dark skin tone	
🧝🏾‍♀	People & Body	woman elf: medium-dark skin tone	elf | elves | enchantment | fantasy | folklore | magic | magical | medium-dark skin tone | myth | woman
🧝🏿‍♀️	People & Body	woman elf: dark skin tone	
🧝🏿‍♀	People & Body	woman elf: dark skin tone	dark skin tone | elf | elves | enchantment | fantasy | folklore | magic | magical | myth | woman
🧞	People & Body	genie	djinn | fantasy | genie | jinn | lamp | myth | rub | wishes
🧞‍♂️	People & Body	man genie	
🧞‍♂	People & Body	man genie	djinn | fantasy | genie | jinn | lamp | man | myth | rub | wishes
🧞‍♀️	People & Body	woman genie	
🧞‍♀	People & Body	woman genie	djinn | fantasy | genie | jinn | lamp | myth | rub | wishes | woman
🧟	People & Body	zombie	apocalypse | dead | halloween | horror | scary | undead | walking | zombie
🧟‍♂️	People & Body	man zombie	
🧟‍♂	People & Body	man zombie	apocalypse | dead | halloween | horror | man | scary | undead | walking | zombie
🧟‍♀️	People & Body	woman zombie	
🧟‍♀	People & Body	woman zombie	apocalypse | dead | halloween | horror | scary | undead | walking | woman | zombie
🧌	People & Body	troll	fairy | fantasy | monster | tale | troll | trolling
💆	People & Body	person getting massage	face | getting | headache | massage | person | relax | relaxing | salon | soothe | spa | tension | therapy | treatment
💆🏻	People & Body	person getting massage: light skin tone	face | getting | headache | light skin tone | massage | person | relax | relaxing | salon | soothe | spa | tension | therapy | treatment
💆🏼	People & Body	person getting massage: medium-light skin tone	face | getting | headache | massage | medium-light skin tone | person | relax | relaxing | salon | soothe | spa | tension | therapy | treatment
💆🏽	People & Body	person getting massage: medium skin tone	face | getting | headache | massage | medium skin tone | person | relax | relaxing | salon | soothe | spa | tension | therapy | treatment
💆🏾	People & Body	person getting massage: medium-dark skin tone	face | getting | headache | massage | medium-dark skin tone | person | relax | relaxing | salon | soothe | spa | tension | therapy | treatment
💆🏿	People & Body	person getting massage: dark skin tone	dark skin tone | face | getting | headache | massage | person | relax | relaxing | salon | soothe | spa | tension | therapy | treatment
💆‍♂️	People & Body	man getting massage	
💆‍♂	People & Body	man getting massage	face | getting | headache | man | massage | relax | relaxing | salon | soothe | spa | tension | therapy | treatment
💆🏻‍♂️	People & Body	man getting massage: light skin tone	
💆🏻‍♂	People & Body	man getting massage: light skin tone	face | getting | headache | light skin tone | man | massage | relax | relaxing | salon | soothe | spa | tension | therapy | treatment
💆🏼‍♂️	People & Body	man getting massage: medium-light skin tone	
💆🏼‍♂	People & Body	man getting massage: medium-light skin tone	face | getting | headache | man | massage | medium-light skin tone | relax | relaxing | salon | soothe | spa | tension | therapy | treatment
💆🏽‍♂️	People & Body	man getting massage: medium skin tone	
💆🏽‍♂	People & Body	man getting massage: medium skin tone	face | getting | headache | man | massage | medium skin tone | relax | relaxing | salon | soothe | spa | tension | therapy | treatment
💆🏾‍♂️	People & Body	man getting massage: medium-dark skin tone	
💆🏾‍♂	People & Body	man getting massage: medium-dark skin tone	face | getting | headache | man | massage | medium-dark skin tone | relax | relaxing | salon | soothe | spa | tension | therapy | treatment
💆🏿‍♂️	People & Body	man getting massage: dark skin tone	
💆🏿‍♂	People & Body	man getting massage: dark skin tone	dark skin tone | face | getting | headache | man | massage | relax | relaxing | salon | soothe | spa | tension | therapy | treatment
💆‍♀️	People & Body	woman getting massage	
💆‍♀	People & Body	woman getting massage	face | getting | headache | massage | relax | relaxing | salon | soothe | spa | tension | therapy | treatment | woman
💆🏻‍♀️	People & Body	woman getting massage: light skin tone	
💆🏻‍♀	People & Body	woman getting massage: light skin tone	face | getting | headache | light skin tone | massage | relax | relaxing | salon | soothe | spa | tension | therapy | treatment | woman
💆🏼‍♀️	People & Body	woman getting massage: medium-light skin tone	
💆🏼‍♀	People & Body	woman getting massage: medium-light skin tone	face | getting | headache | massage | medium-light skin tone | relax | relaxing | salon | soothe | spa | tension | therapy | treatment | woman
💆🏽‍♀️	People & Body	woman getting massage: medium skin tone	
💆🏽‍♀	People & Body	woman getting massage: medium skin tone	face | getting | headache | massage | medium skin tone | relax | relaxing | salon | soothe | spa | tension | therapy | treatment | woman
💆🏾‍♀️	People & Body	woman getting massage: medium-dark skin tone	
💆🏾‍♀	People & Body	woman getting massage: medium-dark skin tone	face | getting | headache | massage | medium-dark skin tone | relax | relaxing | salon | soothe | spa | tension | therapy | treatment | woman
💆🏿‍♀️	People & Body	woman getting massage: dark skin tone	
💆🏿‍♀	People & Body	woman getting massage: dark skin tone	dark skin tone | face | getting | headache | massage | relax | relaxing | salon | soothe | spa | tension | therapy | treatment | woman
💇	People & Body	person getting haircut	barber | beauty | chop | cosmetology | cut | groom | hair | haircut | parlor | person | shears | style | parlour | person getting haircut | salon
💇🏻	People & Body	person getting haircut: light skin tone	barber | beauty | chop | cosmetology | cut | groom | hair | haircut | light skin tone | parlor | person | shears | style | parlour | person getting haircut | salon
💇🏼	People & Body	person getting haircut: medium-light skin tone	barber | beauty | chop | cosmetology | cut | groom | hair | haircut | medium-light skin tone | parlor | person | shears | style | parlour | person getting haircut | salon
💇🏽	People & Body	person getting haircut: medium skin tone	barber | beauty | chop | cosmetology | cut | groom | hair | haircut | medium skin tone | parlor | person | shears | style | parlour | person getting haircut | salon
💇🏾	People & Body	person getting haircut: medium-dark skin tone	barber | beauty | chop | cosmetology | cut | groom | hair | haircut | medium-dark skin tone | parlor | person | shears | style | parlour | person getting haircut | salon
💇🏿	People & Body	person getting haircut: dark skin tone	barber | beauty | chop | cosmetology | cut | dark skin tone | groom | hair | haircut | parlor | person | shears | style | parlour | person getting haircut | salon
💇‍♂️	People & Body	man getting haircut	
💇‍♂	People & Body	man getting haircut	barber | beauty | chop | cosmetology | cut | groom | hair | haircut | man | parlor | person | shears | style | parlour | hairdresser | man getting haircut
💇🏻‍♂️	People & Body	man getting haircut: light skin tone	
💇🏻‍♂	People & Body	man getting haircut: light skin tone	barber | beauty | chop | cosmetology | cut | groom | hair | haircut | light skin tone | man | parlor | person | shears | style | parlour | hairdresser | man getting haircut
💇🏼‍♂️	People & Body	man getting haircut: medium-light skin tone	
💇🏼‍♂	People & Body	man getting haircut: medium-light skin tone	barber | beauty | chop | cosmetology | cut | groom | hair | haircut | man | medium-light skin tone | parlor | person | shears | style | parlour | hairdresser | man getting haircut
💇🏽‍♂️	People & Body	man getting haircut: medium skin tone	
💇🏽‍♂	People & Body	man getting haircut: medium skin tone	barber | beauty | chop | cosmetology | cut | groom | hair | haircut | man | medium skin tone | parlor | person | shears | style | parlour | hairdresser | man getting haircut
💇🏾‍♂️	People & Body	man getting haircut: medium-dark skin tone	
💇🏾‍♂	People & Body	man getting haircut: medium-dark skin tone	barber | beauty | chop | cosmetology | cut | groom | hair | haircut | man | medium-dark skin tone | parlor | person | shears | style | parlour | hairdresser | man getting haircut
💇🏿‍♂️	People & Body	man getting haircut: dark skin tone	
💇🏿‍♂	People & Body	man getting haircut: dark skin tone	barber | beauty | chop | cosmetology | cut | dark skin tone | groom | hair | haircut | man | parlor | person | shears | style | parlour | hairdresser | man getting haircut
💇‍♀️	People & Body	woman getting haircut	
💇‍♀	People & Body	woman getting haircut	barber | beauty | chop | cosmetology | cut | groom | hair | haircut | parlor | person | shears | style | woman | parlour | hairdresser | woman getting haircut
💇🏻‍♀️	People & Body	woman getting haircut: light skin tone	
💇🏻‍♀	People & Body	woman getting haircut: light skin tone	barber | beauty | chop | cosmetology | cut | groom | hair | haircut | light skin tone | parlor | person | shears | style | woman | parlour | hairdresser | woman getting haircut
💇🏼‍♀️	People & Body	woman getting haircut: medium-light skin tone	
💇🏼‍♀	People & Body	woman getting haircut: medium-light skin tone	barber | beauty | chop | cosmetology | cut | groom | hair | haircut | medium-light skin tone | parlor | person | shears | style | woman | parlour | hairdresser | woman getting haircut
💇🏽‍♀️	People & Body	woman getting haircut: medium skin tone	
💇🏽‍♀	People & Body	woman getting haircut: medium skin tone	barber | beauty | chop | cosmetology | cut | groom | hair | haircut | medium skin tone | parlor | person | shears | style | woman | parlour | hairdresser | woman getting haircut
💇🏾‍♀️	People & Body	woman getting haircut: medium-dark skin tone	
💇🏾‍♀	People & Body	woman getting haircut: medium-dark skin tone	barber | beauty | chop | cosmetology | cut | groom | hair | haircut | medium-dark skin tone | parlor | person | shears | style | woman | parlour | hairdresser | woman getting haircut
💇🏿‍♀️	People & Body	woman getting haircut: dark skin tone	
💇🏿‍♀	People & Body	woman getting haircut: dark skin tone	barber | beauty | chop | cosmetology | cut | dark skin tone | groom | hair | haircut | parlor | person | shears | style | woman | parlour | hairdresser | woman getting haircut
🚶	People & Body	person walking	amble | gait | hike | man | pace | pedestrian | person | stride | stroll | walk | walking
🚶🏻	People & Body	person walking: light skin tone	amble | gait | hike | light skin tone | man | pace | pedestrian | person | stride | stroll | walk | walking
🚶🏼	People & Body	person walking: medium-light skin tone	amble | gait | hike | man | medium-light skin tone | pace | pedestrian | person | stride | stroll | walk | walking
🚶🏽	People & Body	person walking: medium skin tone	amble | gait | hike | man | medium skin tone | pace | pedestrian | person | stride | stroll | walk | walking
🚶🏾	People & Body	person walking: medium-dark skin tone	amble | gait | hike | man | medium-dark skin tone | pace | pedestrian | person | stride | stroll | walk | walking
🚶🏿	People & Body	person walking: dark skin tone	amble | dark skin tone | gait | hike | man | pace | pedestrian | person | stride | stroll | walk | walking
🚶‍♂️	People & Body	man walking	
🚶‍♂	People & Body	man walking	amble | gait | hike | man | pace | pedestrian | stride | stroll | walk | walking
🚶🏻‍♂️	People & Body	man walking: light skin tone	
🚶🏻‍♂	People & Body	man walking: light skin tone	amble | gait | hike | light skin tone | man | pace | pedestrian | stride | stroll | walk | walking
🚶🏼‍♂️	People & Body	man walking: medium-light skin tone	
🚶🏼‍♂	People & Body	man walking: medium-light skin tone	amble | gait | hike | man | medium-light skin tone | pace | pedestrian | stride | stroll | walk | walking
🚶🏽‍♂️	People & Body	man walking: medium skin tone	
🚶🏽‍♂	People & Body	man walking: medium skin tone	amble | gait | hike | man | medium skin tone | pace | pedestrian | stride | stroll | walk | walking
🚶🏾‍♂️	People & Body	man walking: medium-dark skin tone	
🚶🏾‍♂	People & Body	man walking: medium-dark skin tone	amble | gait | hike | man | medium-dark skin tone | pace | pedestrian | stride | stroll | walk | walking
🚶🏿‍♂️	People & Body	man walking: dark skin tone	
🚶🏿‍♂	People & Body	man walking: dark skin tone	amble | dark skin tone | gait | hike | man | pace | pedestrian | stride | stroll | walk | walking
🚶‍♀️	People & Body	woman walking	
🚶‍♀	People & Body	woman walking	amble | gait | hike | man | pace | pedestrian | stride | stroll | walk | walking | woman
🚶🏻‍♀️	People & Body	woman walking: light skin tone	
🚶🏻‍♀	People & Body	woman walking: light skin tone	amble | gait | hike | light skin tone | man | pace | pedestrian | stride | stroll | walk | walking | woman
🚶🏼‍♀️	People & Body	woman walking: medium-light skin tone	
🚶🏼‍♀	People & Body	woman walking: medium-light skin tone	amble | gait | hike | man | medium-light skin tone | pace | pedestrian | stride | stroll | walk | walking | woman
🚶🏽‍♀️	People & Body	woman walking: medium skin tone	
🚶🏽‍♀	People & Body	woman walking: medium skin tone	amble | gait | hike | man | medium skin tone | pace | pedestrian | stride | stroll | walk | walking | woman
🚶🏾‍♀️	People & Body	woman walking: medium-dark skin tone	
🚶🏾‍♀	People & Body	woman walking: medium-dark skin tone	amble | gait | hike | man | medium-dark skin tone | pace | pedestrian | stride | stroll | walk | walking | woman
🚶🏿‍♀️	People & Body	woman walking: dark skin tone	
🚶🏿‍♀	People & Body	woman walking: dark skin tone	amble | dark skin tone | gait | hike | man | pace | pedestrian | stride | stroll | walk | walking | woman
🚶‍➡️	People & Body	person walking facing right	
🚶‍➡	People & Body	person walking facing right	amble | facing | gait | hike | man | pace | pedestrian | person | right | stride | stroll | walk | walking
🚶🏻‍➡️	People & Body	person walking facing right: light skin tone	
🚶🏻‍➡	People & Body	person walking facing right: light skin tone	amble | facing | gait | hike | light skin tone | man | pace | pedestrian | person | right | stride | stroll | walk | walking
🚶🏼‍➡️	People & Body	person walking facing right: medium-light skin tone	
🚶🏼‍➡	People & Body	person walking facing right: medium-light skin tone	amble | facing | gait | hike | man | medium-light skin tone | pace | pedestrian | person | right | stride | stroll | walk | walking
🚶🏽‍➡️	People & Body	person walking facing right: medium skin tone	
🚶🏽‍➡	People & Body	person walking facing right: medium skin tone	amble | facing | gait | hike | man | medium skin tone | pace | pedestrian | person | right | stride | stroll | walk | walking
🚶🏾‍➡️	People & Body	person walking facing right: medium-dark skin tone	
🚶🏾‍➡	People & Body	person walking facing right: medium-dark skin tone	amble | facing | gait | hike | man | medium-dark skin tone | pace | pedestrian | person | right | stride | stroll | walk | walking
🚶🏿‍➡️	People & Body	person walking facing right: dark skin tone	
🚶🏿‍➡	People & Body	person walking facing right: dark skin tone	amble | dark skin tone | facing | gait | hike | man | pace | pedestrian | person | right | stride | stroll | walk | walking
🚶‍♀️‍➡️	People & Body	woman walking facing right	
🚶‍♀‍➡️	People & Body	woman walking facing right	
🚶‍♀️‍➡	People & Body	woman walking facing right	
🚶‍♀‍➡	People & Body	woman walking facing right	amble | facing | gait | hike | man | pace | pedestrian | right | stride | stroll | walk | walking | woman
🚶🏻‍♀️‍➡️	People & Body	woman walking facing right: light skin tone	
🚶🏻‍♀‍➡️	People & Body	woman walking facing right: light skin tone	
🚶🏻‍♀️‍➡	People & Body	woman walking facing right: light skin tone	
🚶🏻‍♀‍➡	People & Body	woman walking facing right: light skin tone	amble | facing | gait | hike | light skin tone | man | pace | pedestrian | right | stride | stroll | walk | walking | woman
🚶🏼‍♀️‍➡️	People & Body	woman walking facing right: medium-light skin tone	
🚶🏼‍♀‍➡️	People & Body	woman walking facing right: medium-light skin tone	
🚶🏼‍♀️‍➡	People & Body	woman walking facing right: medium-light skin tone	
🚶🏼‍♀‍➡	People & Body	woman walking facing right: medium-light skin tone	amble | facing | gait | hike | man | medium-light skin tone | pace | pedestrian | right | stride | stroll | walk | walking | woman
🚶🏽‍♀️‍➡️	People & Body	woman walking facing right: medium skin tone	
🚶🏽‍♀‍➡️	People & Body	woman walking facing right: medium skin tone	
🚶🏽‍♀️‍➡	People & Body	woman walking facing right: medium skin tone	
🚶🏽‍♀‍➡	People & Body	woman walking facing right: medium skin tone	amble | facing | gait | hike | man | medium skin tone | pace | pedestrian | right | stride | stroll | walk | walking | woman
🚶🏾‍♀️‍➡️	People & Body	woman walking facing right: medium-dark skin tone	
🚶🏾‍♀‍➡️	People & Body	woman walking facing right: medium-dark skin tone	
🚶🏾‍♀️‍➡	People & Body	woman walking facing right: medium-dark skin tone	
🚶🏾‍♀‍➡	People & Body	woman walking facing right: medium-dark skin tone	amble | facing | gait | hike | man | medium-dark skin tone | pace | pedestrian | right | stride | stroll | walk | walking | woman
🚶🏿‍♀️‍➡️	People & Body	woman walking facing right: dark skin tone	
🚶🏿‍♀‍➡️	People & Body	woman walking facing right: dark skin tone	
🚶🏿‍♀️‍➡	People & Body	woman walking facing right: dark skin tone	
🚶🏿‍♀‍➡	People & Body	woman walking facing right: dark skin tone	amble | dark skin tone | facing | gait | hike | man | pace | pedestrian | right | stride | stroll | walk | walking | woman
🚶‍♂️‍➡️	People & Body	man walking facing right	
🚶‍♂‍➡️	People & Body	man walking facing right	
🚶‍♂️‍➡	People & Body	man walking facing right	
🚶‍♂‍➡	People & Body	man walking facing right	amble | facing | gait | hike | man | pace | pedestrian | right | stride | stroll | walk | walking
🚶🏻‍♂️‍➡️	People & Body	man walking facing right: light skin tone	
🚶🏻‍♂‍➡️	People & Body	man walking facing right: light skin tone	
🚶🏻‍♂️‍➡	People & Body	man walking facing right: light skin tone	
🚶🏻‍♂‍➡	People & Body	man walking facing right: light skin tone	amble | facing | gait | hike | light skin tone | man | pace | pedestrian | right | stride | stroll | walk | walking
🚶🏼‍♂️‍➡️	People & Body	man walking facing right: medium-light skin tone	
🚶🏼‍♂‍➡️	People & Body	man walking facing right: medium-light skin tone	
🚶🏼‍♂️‍➡	People & Body	man walking facing right: medium-light skin tone	
🚶🏼‍♂‍➡	People & Body	man walking facing right: medium-light skin tone	amble | facing | gait | hike | man | medium-light skin tone | pace | pedestrian | right | stride | stroll | walk | walking
🚶🏽‍♂️‍➡️	People & Body	man walking facing right: medium skin tone	
🚶🏽‍♂‍➡️	People & Body	man walking facing right: medium skin tone	
🚶🏽‍♂️‍➡	People & Body	man walking facing right: medium skin tone	
🚶🏽‍♂‍➡	People & Body	man walking facing right: medium skin tone	amble | facing | gait | hike | man | medium skin tone | pace | pedestrian | right | stride | stroll | walk | walking
🚶🏾‍♂️‍➡️	People & Body	man walking facing right: medium-dark skin tone	
🚶🏾‍♂‍➡️	People & Body	man walking facing right: medium-dark skin tone	
🚶🏾‍♂️‍➡	People & Body	man walking facing right: medium-dark skin tone	
🚶🏾‍♂‍➡	People & Body	man walking facing right: medium-dark skin tone	amble | facing | gait | hike | man | medium-dark skin tone | pace | pedestrian | right | stride | stroll | walk | walking
🚶🏿‍♂️‍➡️	People & Body	man walking facing right: dark skin tone	
🚶🏿‍♂‍➡️	People & Body	man walking facing right: dark skin tone	
🚶🏿‍♂️‍➡	People & Body	man walking facing right: dark skin tone	
🚶🏿‍♂‍➡	People & Body	man walking facing right: dark skin tone	amble | dark skin tone | facing | gait | hike | man | pace | pedestrian | right | stride | stroll | walk | walking
🧍	People & Body	person standing	person | stand | standing
🧍🏻	People & Body	person standing: light skin tone	light skin tone | person | stand | standing
🧍🏼	People & Body	person standing: medium-light skin tone	medium-light skin tone | person | stand | standing
🧍🏽	People & Body	person standing: medium skin tone	medium skin tone | person | stand | standing
🧍🏾	People & Body	person standing: medium-dark skin tone	medium-dark skin tone | person | stand | standing
🧍🏿	People & Body	person standing: dark skin tone	dark skin tone | person | stand | standing
🧍‍♂️	People & Body	man standing	
🧍‍♂	People & Body	man standing	man | stand | standing
🧍🏻‍♂️	People & Body	man standing: light skin tone	
🧍🏻‍♂	People & Body	man standing: light skin tone	light skin tone | man | stand | standing
🧍🏼‍♂️	People & Body	man standing: medium-light skin tone	
🧍🏼‍♂	People & Body	man standing: medium-light skin tone	man | medium-light skin tone | stand | standing
🧍🏽‍♂️	People & Body	man standing: medium skin tone	
🧍🏽‍♂	People & Body	man standing: medium skin tone	man | medium skin tone | stand | standing
🧍🏾‍♂️	People & Body	man standing: medium-dark skin tone	
🧍🏾‍♂	People & Body	man standing: medium-dark skin tone	man | medium-dark skin tone | stand | standing
🧍🏿‍♂️	People & Body	man standing: dark skin tone	
🧍🏿‍♂	People & Body	man standing: dark skin tone	dark skin tone | man | stand | standing
🧍‍♀️	People & Body	woman standing	
🧍‍♀	People & Body	woman standing	stand | standing | woman
🧍🏻‍♀️	People & Body	woman standing: light skin tone	
🧍🏻‍♀	People & Body	woman standing: light skin tone	light skin tone | stand | standing | woman
🧍🏼‍♀️	People & Body	woman standing: medium-light skin tone	
🧍🏼‍♀	People & Body	woman standing: medium-light skin tone	medium-light skin tone | stand | standing | woman
🧍🏽‍♀️	People & Body	woman standing: medium skin tone	
🧍🏽‍♀	People & Body	woman standing: medium skin tone	medium skin tone | stand | standing | woman
🧍🏾‍♀️	People & Body	woman standing: medium-dark skin tone	
🧍🏾‍♀	People & Body	woman standing: medium-dark skin tone	medium-dark skin tone | stand | standing | woman
🧍🏿‍♀️	People & Body	woman standing: dark skin tone	
🧍🏿‍♀	People & Body	woman standing: dark skin tone	dark skin tone | stand | standing | woman
🧎	People & Body	person kneeling	kneel | kneeling | knees | person
🧎🏻	People & Body	person kneeling: light skin tone	kneel | kneeling | knees | light skin tone | person
🧎🏼	People & Body	person kneeling: medium-light skin tone	kneel | kneeling | knees | medium-light skin tone | person
🧎🏽	People & Body	person kneeling: medium skin tone	kneel | kneeling | knees | medium skin tone | person
🧎🏾	People & Body	person kneeling: medium-dark skin tone	kneel | kneeling | knees | medium-dark skin tone | person
🧎🏿	People & Body	person kneeling: dark skin tone	dark skin tone | kneel | kneeling | knees | person
🧎‍♂️	People & Body	man kneeling	
🧎‍♂	People & Body	man kneeling	kneel | kneeling | knees | man
🧎🏻‍♂️	People & Body	man kneeling: light skin tone	
🧎🏻‍♂	People & Body	man kneeling: light skin tone	kneel | kneeling | knees | light skin tone | man
🧎🏼‍♂️	People & Body	man kneeling: medium-light skin tone	
🧎🏼‍♂	People & Body	man kneeling: medium-light skin tone	kneel | kneeling | knees | man | medium-light skin tone
🧎🏽‍♂️	People & Body	man kneeling: medium skin tone	
🧎🏽‍♂	People & Body	man kneeling: medium skin tone	kneel | kneeling | knees | man | medium skin tone
🧎🏾‍♂️	People & Body	man kneeling: medium-dark skin tone	
🧎🏾‍♂	People & Body	man kneeling: medium-dark skin tone	kneel | kneeling | knees | man | medium-dark skin tone
🧎🏿‍♂️	People & Body	man kneeling: dark skin tone	
🧎🏿‍♂	People & Body	man kneeling: dark skin tone	dark skin tone | kneel | kneeling | knees | man
🧎‍♀️	People & Body	woman kneeling	
🧎‍♀	People & Body	woman kneeling	kneel | kneeling | knees | woman
🧎🏻‍♀️	People & Body	woman kneeling: light skin tone	
🧎🏻‍♀	People & Body	woman kneeling: light skin tone	kneel | kneeling | knees | light skin tone | woman
🧎🏼‍♀️	People & Body	woman kneeling: medium-light skin tone	
🧎🏼‍♀	People & Body	woman kneeling: medium-light skin tone	kneel | kneeling | knees | medium-light skin tone | woman
🧎🏽‍♀️	People & Body	woman kneeling: medium skin tone	
🧎🏽‍♀	People & Body	woman kneeling: medium skin tone	kneel | kneeling | knees | medium skin tone | woman
🧎🏾‍♀️	People & Body	woman kneeling: medium-dark skin tone	
🧎🏾‍♀	People & Body	woman kneeling: medium-dark skin tone	kneel | kneeling | knees | medium-dark skin tone | woman
🧎🏿‍♀️	People & Body	woman kneeling: dark skin tone	
🧎🏿‍♀	People & Body	woman kneeling: dark skin tone	dark skin tone | kneel | kneeling | knees | woman
🧎‍➡️	People & Body	person kneeling facing right	
🧎‍➡	People & Body	person kneeling facing right	facing | kneel | kneeling | knees | person | right
🧎🏻‍➡️	People & Body	person kneeling facing right: light skin tone	
🧎🏻‍➡	People & Body	person kneeling facing right: light skin tone	facing | kneel | kneeling | knees | light skin tone | person | right
🧎🏼‍➡️	People & Body	person kneeling facing right: medium-light skin tone	
🧎🏼‍➡	People & Body	person kneeling facing right: medium-light skin tone	facing | kneel | kneeling | knees | medium-light skin tone | person | right
🧎🏽‍➡️	People & Body	person kneeling facing right: medium skin tone	
🧎🏽‍➡	People & Body	person kneeling facing right: medium skin tone	facing | kneel | kneeling | knees | medium skin tone | person | right
🧎🏾‍➡️	People & Body	person kneeling facing right: medium-dark skin tone	
🧎🏾‍➡	People & Body	person kneeling facing right: medium-dark skin tone	facing | kneel | kneeling | knees | medium-dark skin tone | person | right
🧎🏿‍➡️	People & Body	person kneeling facing right: dark skin tone	
🧎🏿‍➡	People & Body	person kneeling facing right: dark skin tone	dark skin tone | facing | kneel | kneeling | knees | person | right
🧎‍♀️‍➡️	People & Body	woman kneeling facing right	
🧎‍♀‍➡️	People & Body	woman kneeling facing right	
🧎‍♀️‍➡	People & Body	woman kneeling facing right	
🧎‍♀‍➡	People & Body	woman kneeling facing right	facing | kneel | kneeling | knees | right | woman
🧎🏻‍♀️‍➡️	People & Body	woman kneeling facing right: light skin tone	
🧎🏻‍♀‍➡️	People & Body	woman kneeling facing right: light skin tone	
🧎🏻‍♀️‍➡	People & Body	woman kneeling facing right: light skin tone	
🧎🏻‍♀‍➡	People & Body	woman kneeling facing right: light skin tone	facing | kneel | kneeling | knees | light skin tone | right | woman
🧎🏼‍♀️‍➡️	People & Body	woman kneeling facing right: medium-light skin tone	
🧎🏼‍♀‍➡️	People & Body	woman kneeling facing right: medium-light skin tone	
🧎🏼‍♀️‍➡	People & Body	woman kneeling facing right: medium-light skin tone	
🧎🏼‍♀‍➡	People & Body	woman kneeling facing right: medium-light skin tone	facing | kneel | kneeling | knees | medium-light skin tone | right | woman
🧎🏽‍♀️‍➡️	People & Body	woman kneeling facing right: medium skin tone	
🧎🏽‍♀‍➡️	People & Body	woman kneeling facing right: medium skin tone	
🧎🏽‍♀️‍➡	People & Body	woman kneeling facing right: medium skin tone	
🧎🏽‍♀‍➡	People & Body	woman kneeling facing right: medium skin tone	facing | kneel | kneeling | knees | medium skin tone | right | woman
🧎🏾‍♀️‍➡️	People & Body	woman kneeling facing right: medium-dark skin tone	
🧎🏾‍♀‍➡️	People & Body	woman kneeling facing right: medium-dark skin tone	
🧎🏾‍♀️‍➡	People & Body	woman kneeling facing right: medium-dark skin tone	
🧎🏾‍♀‍➡	People & Body	woman kneeling facing right: medium-dark skin tone	facing | kneel | kneeling | knees | medium-dark skin tone | right | woman
🧎🏿‍♀️‍➡️	People & Body	woman kneeling facing right: dark skin tone	
🧎🏿‍♀‍➡️	People & Body	woman kneeling facing right: dark skin tone	
🧎🏿‍♀️‍➡	People & Body	woman kneeling facing right: dark skin tone	
🧎🏿‍♀‍➡	People & Body	woman kneeling facing right: dark skin tone	dark skin tone | facing | kneel | kneeling | knees | right | woman
🧎‍♂️‍➡️	People & Body	man kneeling facing right	
🧎‍♂‍➡️	People & Body	man kneeling facing right	
🧎‍♂️‍➡	People & Body	man kneeling facing right	
🧎‍♂‍➡	People & Body	man kneeling facing right	facing | kneel | kneeling | knees | man | right
🧎🏻‍♂️‍➡️	People & Body	man kneeling facing right: light skin tone	
🧎🏻‍♂‍➡️	People & Body	man kneeling facing right: light skin tone	
🧎🏻‍♂️‍➡	People & Body	man kneeling facing right: light skin tone	
🧎🏻‍♂‍➡	People & Body	man kneeling facing right: light skin tone	facing | kneel | kneeling | knees | light skin tone | man | right
🧎🏼‍♂️‍➡️	People & Body	man kneeling facing right: medium-light skin tone	
🧎🏼‍♂‍➡️	People & Body	man kneeling facing right: medium-light skin tone	
🧎🏼‍♂️‍➡	People & Body	man kneeling facing right: medium-light skin tone	
🧎🏼‍♂‍➡	People & Body	man kneeling facing right: medium-light skin tone	facing | kneel | kneeling | knees | man | medium-light skin tone | right
🧎🏽‍♂️‍➡️	People & Body	man kneeling facing right: medium skin tone	
🧎🏽‍♂‍➡️	People & Body	man kneeling facing right: medium skin tone	
🧎🏽‍♂️‍➡	People & Body	man kneeling facing right: medium skin tone	
🧎🏽‍♂‍➡	People & Body	man kneeling facing right: medium skin tone	facing | kneel | kneeling | knees | man | medium skin tone | right
🧎🏾‍♂️‍➡️	People & Body	man kneeling facing right: medium-dark skin tone	
🧎🏾‍♂‍➡️	People & Body	man kneeling facing right: medium-dark skin tone	
🧎🏾‍♂️‍➡	People & Body	man kneeling facing right: medium-dark skin tone	
🧎🏾‍♂‍➡	People & Body	man kneeling facing right: medium-dark skin tone	facing | kneel | kneeling | knees | man | medium-dark skin tone | right
🧎🏿‍♂️‍➡️	People & Body	man kneeling facing right: dark skin tone	
🧎🏿‍♂‍➡️	People & Body	man kneeling facing right: dark skin tone	
🧎🏿‍♂️‍➡	People & Body	man kneeling facing right: dark skin tone	
🧎🏿‍♂‍➡	People & Body	man kneeling facing right: dark skin tone	dark skin tone | facing | kneel | kneeling | knees | man | right
🧑‍🦯	People & Body	person with white cane	accessibility | blind | cane | person | probing | white | person with guide cane | person with white cane | person with long mobility cane
🧑🏻‍🦯	People & Body	person with white cane: light skin tone	accessibility | blind | cane | light skin tone | person | probing | white | person with guide cane | person with white cane | person with long mobility cane
🧑🏼‍🦯	People & Body	person with white cane: medium-light skin tone	accessibility | blind | cane | medium-light skin tone | person | probing | white | person with guide cane | person with white cane | person with long mobility cane
🧑🏽‍🦯	People & Body	person with white cane: medium skin tone	accessibility | blind | cane | medium skin tone | person | probing | white | person with guide cane | person with white cane | person with long mobility cane
🧑🏾‍🦯	People & Body	person with white cane: medium-dark skin tone	accessibility | blind | cane | medium-dark skin tone | person | probing | white | person with guide cane | person with white cane | person with long mobility cane
🧑🏿‍🦯	People & Body	person with white cane: dark skin tone	accessibility | blind | cane | dark skin tone | person | probing | white | person with guide cane | person with white cane | person with long mobility cane
🧑‍🦯‍➡️	People & Body	person with white cane facing right	
🧑‍🦯‍➡	People & Body	person with white cane facing right	accessibility | blind | cane | facing | person | probing | right | white | person with guide cane | person with white cane | person with long mobility cane
🧑🏻‍🦯‍➡️	People & Body	person with white cane facing right: light skin tone	
🧑🏻‍🦯‍➡	People & Body	person with white cane facing right: light skin tone	accessibility | blind | cane | facing | light skin tone | person | probing | right | white | person with guide cane | person with white cane | person with long mobility cane
🧑🏼‍🦯‍➡️	People & Body	person with white cane facing right: medium-light skin tone	
🧑🏼‍🦯‍➡	People & Body	person with white cane facing right: medium-light skin tone	accessibility | blind | cane | facing | medium-light skin tone | person | probing | right | white | person with guide cane | person with white cane | person with long mobility cane
🧑🏽‍🦯‍➡️	People & Body	person with white cane facing right: medium skin tone	
🧑🏽‍🦯‍➡	People & Body	person with white cane facing right: medium skin tone	accessibility | blind | cane | facing | medium skin tone | person | probing | right | white | person with guide cane | person with white cane | person with long mobility cane
🧑🏾‍🦯‍➡️	People & Body	person with white cane facing right: medium-dark skin tone	
🧑🏾‍🦯‍➡	People & Body	person with white cane facing right: medium-dark skin tone	accessibility | blind | cane | facing | medium-dark skin tone | person | probing | right | white | person with guide cane | person with white cane | person with long mobility cane
🧑🏿‍🦯‍➡️	People & Body	person with white cane facing right: dark skin tone	
🧑🏿‍🦯‍➡	People & Body	person with white cane facing right: dark skin tone	accessibility | blind | cane | dark skin tone | facing | person | probing | right | white | person with guide cane | person with white cane | person with long mobility cane
👨‍🦯	People & Body	man with white cane	accessibility | blind | cane | man | probing | white | man with guide cane
👨🏻‍🦯	People & Body	man with white cane: light skin tone	accessibility | blind | cane | light skin tone | man | probing | white | man with guide cane
👨🏼‍🦯	People & Body	man with white cane: medium-light skin tone	accessibility | blind | cane | man | medium-light skin tone | probing | white | man with guide cane
👨🏽‍🦯	People & Body	man with white cane: medium skin tone	accessibility | blind | cane | man | medium skin tone | probing | white | man with guide cane
👨🏾‍🦯	People & Body	man with white cane: medium-dark skin tone	accessibility | blind | cane | man | medium-dark skin tone | probing | white | man with guide cane
👨🏿‍🦯	People & Body	man with white cane: dark skin tone	accessibility | blind | cane | dark skin tone | man | probing | white | man with guide cane
👨‍🦯‍➡️	People & Body	man with white cane facing right	
👨‍🦯‍➡	People & Body	man with white cane facing right	accessibility | blind | cane | facing | man | probing | right | white | man with guide cane
👨🏻‍🦯‍➡️	People & Body	man with white cane facing right: light skin tone	
👨🏻‍🦯‍➡	People & Body	man with white cane facing right: light skin tone	accessibility | blind | cane | facing | light skin tone | man | probing | right | white | man with guide cane
👨🏼‍🦯‍➡️	People & Body	man with white cane facing right: medium-light skin tone	
👨🏼‍🦯‍➡	People & Body	man with white cane facing right: medium-light skin tone	accessibility | blind | cane | facing | man | medium-light skin tone | probing | right | white | man with guide cane
👨🏽‍🦯‍➡️	People & Body	man with white cane facing right: medium skin tone	
👨🏽‍🦯‍➡	People & Body	man with white cane facing right: medium skin tone	accessibility | blind | cane | facing | man | medium skin tone | probing | right | white | man with guide cane
👨🏾‍🦯‍➡️	People & Body	man with white cane facing right: medium-dark skin tone	
👨🏾‍🦯‍➡	People & Body	man with white cane facing right: medium-dark skin tone	accessibility | blind | cane | facing | man | medium-dark skin tone | probing | right | white | man with guide cane
👨🏿‍🦯‍➡️	People & Body	man with white cane facing right: dark skin tone	
👨🏿‍🦯‍➡	People & Body	man with white cane facing right: dark skin tone	accessibility | blind | cane | dark skin tone | facing | man | probing | right | white | man with guide cane
👩‍🦯	People & Body	woman with white cane	accessibility | blind | cane | probing | white | woman | woman with guide cane
👩🏻‍🦯	People & Body	woman with white cane: light skin tone	accessibility | blind | cane | light skin tone | probing | white | woman | woman with guide cane
👩🏼‍🦯	People & Body	woman with white cane: medium-light skin tone	accessibility | blind | cane | medium-light skin tone | probing | white | woman | woman with guide cane
👩🏽‍🦯	People & Body	woman with white cane: medium skin tone	accessibility | blind | cane | medium skin tone | probing | white | woman | woman with guide cane
👩🏾‍🦯	People & Body	woman with white cane: medium-dark skin tone	accessibility | blind | cane | medium-dark skin tone | probing | white | woman | woman with guide cane
👩🏿‍🦯	People & Body	woman with white cane: dark skin tone	accessibility | blind | cane | dark skin tone | probing | white | woman | woman with guide cane
👩‍🦯‍➡️	People & Body	woman with white cane facing right	
👩‍🦯‍➡	People & Body	woman with white cane facing right	accessibility | blind | cane | facing | probing | right | white | woman | woman with guide cane
👩🏻‍🦯‍➡️	People & Body	woman with white cane facing right: light skin tone	
👩🏻‍🦯‍➡	People & Body	woman with white cane facing right: light skin tone	accessibility | blind | cane | facing | light skin tone | probing | right | white | woman | woman with guide cane
👩🏼‍🦯‍➡️	People & Body	woman with white cane facing right: medium-light skin tone	
👩🏼‍🦯‍➡	People & Body	woman with white cane facing right: medium-light skin tone	accessibility | blind | cane | facing | medium-light skin tone | probing | right | white | woman | woman with guide cane
👩🏽‍🦯‍➡️	People & Body	woman with white cane facing right: medium skin tone	
👩🏽‍🦯‍➡	People & Body	woman with white cane facing right: medium skin tone	accessibility | blind | cane | facing | medium skin tone | probing | right | white | woman | woman with guide cane
👩🏾‍🦯‍➡️	People & Body	woman with white cane facing right: medium-dark skin tone	
👩🏾‍🦯‍➡	People & Body	woman with white cane facing right: medium-dark skin tone	accessibility | blind | cane | facing | medium-dark skin tone | probing | right | white | woman | woman with guide cane
👩🏿‍🦯‍➡️	People & Body	woman with white cane facing right: dark skin tone	
👩🏿‍🦯‍➡	People & Body	woman with white cane facing right: dark skin tone	accessibility | blind | cane | dark skin tone | facing | probing | right | white | woman | woman with guide cane
🧑‍🦼	People & Body	person in motorized wheelchair	accessibility | motorized | person | wheelchair | person in motorised wheelchair | person in powered wheelchair | electric wheelchair
🧑🏻‍🦼	People & Body	person in motorized wheelchair: light skin tone	accessibility | light skin tone | motorized | person | wheelchair | person in motorised wheelchair | person in powered wheelchair | electric wheelchair
🧑🏼‍🦼	People & Body	person in motorized wheelchair: medium-light skin tone	accessibility | medium-light skin tone | motorized | person | wheelchair | person in motorised wheelchair | person in powered wheelchair | electric wheelchair
🧑🏽‍🦼	People & Body	person in motorized wheelchair: medium skin tone	accessibility | medium skin tone | motorized | person | wheelchair | person in motorised wheelchair | person in powered wheelchair | electric wheelchair
🧑🏾‍🦼	People & Body	person in motorized wheelchair: medium-dark skin tone	accessibility | medium-dark skin tone | motorized | person | wheelchair | person in motorised wheelchair | person in powered wheelchair | electric wheelchair
🧑🏿‍🦼	People & Body	person in motorized wheelchair: dark skin tone	accessibility | dark skin tone | motorized | person | wheelchair | person in motorised wheelchair | person in powered wheelchair | electric wheelchair
🧑‍🦼‍➡️	People & Body	person in motorized wheelchair facing right	
🧑‍🦼‍➡	People & Body	person in motorized wheelchair facing right	accessibility | facing | motorized | person | right | wheelchair | person in motorised wheelchair | person in powered wheelchair | electric wheelchair
🧑🏻‍🦼‍➡️	People & Body	person in motorized wheelchair facing right: light skin tone	
🧑🏻‍🦼‍➡	People & Body	person in motorized wheelchair facing right: light skin tone	accessibility | facing | light skin tone | motorized | person | right | wheelchair | person in motorised wheelchair | person in powered wheelchair | electric wheelchair
🧑🏼‍🦼‍➡️	People & Body	person in motorized wheelchair facing right: medium-light skin tone	
🧑🏼‍🦼‍➡	People & Body	person in motorized wheelchair facing right: medium-light skin tone	accessibility | facing | medium-light skin tone | motorized | person | right | wheelchair | person in motorised wheelchair | person in powered wheelchair | electric wheelchair
🧑🏽‍🦼‍➡️	People & Body	person in motorized wheelchair facing right: medium skin tone	
🧑🏽‍🦼‍➡	People & Body	person in motorized wheelchair facing right: medium skin tone	accessibility | facing | medium skin tone | motorized | person | right | wheelchair | person in motorised wheelchair | person in powered wheelchair | electric wheelchair
🧑🏾‍🦼‍➡️	People & Body	person in motorized wheelchair facing right: medium-dark skin tone	
🧑🏾‍🦼‍➡	People & Body	person in motorized wheelchair facing right: medium-dark skin tone	accessibility | facing | medium-dark skin tone | motorized | person | right | wheelchair | person in motorised wheelchair | person in powered wheelchair | electric wheelchair
🧑🏿‍🦼‍➡️	People & Body	person in motorized wheelchair facing right: dark skin tone	
🧑🏿‍🦼‍➡	People & Body	person in motorized wheelchair facing right: dark skin tone	accessibility | dark skin tone | facing | motorized | person | right | wheelchair | person in motorised wheelchair | person in powered wheelchair | electric wheelchair
👨‍🦼	People & Body	man in motorized wheelchair	accessibility | man | motorized | wheelchair | man in powered wheelchair | electric wheelchair | man in motorised wheelchair
👨🏻‍🦼	People & Body	man in motorized wheelchair: light skin tone	accessibility | light skin tone | man | motorized | wheelchair | man in powered wheelchair | electric wheelchair | man in motorised wheelchair
👨🏼‍🦼	People & Body	man in motorized wheelchair: medium-light skin tone	accessibility | man | medium-light skin tone | motorized | wheelchair | man in powered wheelchair | electric wheelchair | man in motorised wheelchair
👨🏽‍🦼	People & Body	man in motorized wheelchair: medium skin tone	accessibility | man | medium skin tone | motorized | wheelchair | man in powered wheelchair | electric wheelchair | man in motorised wheelchair
👨🏾‍🦼	People & Body	man in motorized wheelchair: medium-dark skin tone	accessibility | man | medium-dark skin tone | motorized | wheelchair | man in powered wheelchair | electric wheelchair | man in motorised wheelchair
👨🏿‍🦼	People & Body	man in motorized wheelchair: dark skin tone	accessibility | dark skin tone | man | motorized | wheelchair | man in powered wheelchair | electric wheelchair | man in motorised wheelchair
👨‍🦼‍➡️	People & Body	man in motorized wheelchair facing right	
👨‍🦼‍➡	People & Body	man in motorized wheelchair facing right	accessibility | facing | man | motorized | right | wheelchair | man in powered wheelchair | electric wheelchair | man in motorised wheelchair
👨🏻‍🦼‍➡️	People & Body	man in motorized wheelchair facing right: light skin tone	
👨🏻‍🦼‍➡	People & Body	man in motorized wheelchair facing right: light skin tone	accessibility | facing | light skin tone | man | motorized | right | wheelchair | man in powered wheelchair | electric wheelchair | man in motorised wheelchair
👨🏼‍🦼‍➡️	People & Body	man in motorized wheelchair facing right: medium-light skin tone	
👨🏼‍🦼‍➡	People & Body	man in motorized wheelchair facing right: medium-light skin tone	accessibility | facing | man | medium-light skin tone | motorized | right | wheelchair | man in powered wheelchair | electric wheelchair | man in motorised wheelchair
👨🏽‍🦼‍➡️	People & Body	man in motorized wheelchair facing right: medium skin tone	
👨🏽‍🦼‍➡	People & Body	man in motorized wheelchair facing right: medium skin tone	accessibility | facing | man | medium skin tone | motorized | right | wheelchair | man in powered wheelchair | electric wheelchair | man in motorised wheelchair
👨🏾‍🦼‍➡️	People & Body	man in motorized wheelchair facing right: medium-dark skin tone	
👨🏾‍🦼‍➡	People & Body	man in motorized wheelchair facing right: medium-dark skin tone	accessibility | facing | man | medium-dark skin tone | motorized | right | wheelchair | man in powered wheelchair | electric wheelchair | man in motorised wheelchair
👨🏿‍🦼‍➡️	People & Body	man in motorized wheelchair facing right: dark skin tone	
👨🏿‍🦼‍➡	People & Body	man in motorized wheelchair facing right: dark skin tone	accessibility | dark skin tone | facing | man | motorized | right | wheelchair | man in powered wheelchair | electric wheelchair | man in motorised wheelchair
👩‍🦼	People & Body	woman in motorized wheelchair	accessibility | motorized | wheelchair | woman | woman in powered wheelchair | electric wheelchair | woman in motorised wheelchair
👩🏻‍🦼	People & Body	woman in motorized wheelchair: light skin tone	accessibility | light skin tone | motorized | wheelchair | woman | woman in powered wheelchair | electric wheelchair | woman in motorised wheelchair
👩🏼‍🦼	People & Body	woman in motorized wheelchair: medium-light skin tone	accessibility | medium-light skin tone | motorized | wheelchair | woman | woman in powered wheelchair | electric wheelchair | woman in motorised wheelchair
👩🏽‍🦼	People & Body	woman in motorized wheelchair: medium skin tone	accessibility | medium skin tone | motorized | wheelchair | woman | woman in powered wheelchair | electric wheelchair | woman in motorised wheelchair
👩🏾‍🦼	People & Body	woman in motorized wheelchair: medium-dark skin tone	accessibility | medium-dark skin tone | motorized | wheelchair | woman | woman in powered wheelchair | electric wheelchair | woman in motorised wheelchair
👩🏿‍🦼	People & Body	woman in motorized wheelchair: dark skin tone	accessibility | dark skin tone | motorized | wheelchair | woman | woman in powered wheelchair | electric wheelchair | woman in motorised wheelchair
👩‍🦼‍➡️	People & Body	woman in motorized wheelchair facing right	
👩‍🦼‍➡	People & Body	woman in motorized wheelchair facing right	accessibility | facing | motorized | right | wheelchair | woman | woman in powered wheelchair | electric wheelchair | woman in motorised wheelchair
👩🏻‍🦼‍➡️	People & Body	woman in motorized wheelchair facing right: light skin tone	
👩🏻‍🦼‍➡	People & Body	woman in motorized wheelchair facing right: light skin tone	accessibility | facing | light skin tone | motorized | right | wheelchair | woman | woman in powered wheelchair | electric wheelchair | woman in motorised wheelchair
👩🏼‍🦼‍➡️	People & Body	woman in motorized wheelchair facing right: medium-light skin tone	
👩🏼‍🦼‍➡	People & Body	woman in motorized wheelchair facing right: medium-light skin tone	accessibility | facing | medium-light skin tone | motorized | right | wheelchair | woman | woman in powered wheelchair | electric wheelchair | woman in motorised wheelchair
👩🏽‍🦼‍➡️	People & Body	woman in motorized wheelchair facing right: medium skin tone	
👩🏽‍🦼‍➡	People & Body	woman in motorized wheelchair facing right: medium skin tone	accessibility | facing | medium skin tone | motorized | right | wheelchair | woman | woman in powered wheelchair | electric wheelchair | woman in motorised wheelchair
👩🏾‍🦼‍➡️	People & Body	woman in motorized wheelchair facing right: medium-dark skin tone	
👩🏾‍🦼‍➡	People & Body	woman in motorized wheelchair facing right: medium-dark skin tone	accessibility | facing | medium-dark skin tone | motorized | right | wheelchair | woman | woman in powered wheelchair | electric wheelchair | woman in motorised wheelchair
👩🏿‍🦼‍➡️	People & Body	woman in motorized wheelchair facing right: dark skin tone	
👩🏿‍🦼‍➡	People & Body	woman in motorized wheelchair facing right: dark skin tone	accessibility | dark skin tone | facing | motorized | right | wheelchair | woman | woman in powered wheelchair | electric wheelchair | woman in motorised wheelchair
🧑‍🦽	People & Body	person in manual wheelchair	accessibility | manual | person | wheelchair
🧑🏻‍🦽	People & Body	person in manual wheelchair: light skin tone	accessibility | light skin tone | manual | person | wheelchair
🧑🏼‍🦽	People & Body	person in manual wheelchair: medium-light skin tone	accessibility | manual | medium-light skin tone | person | wheelchair
🧑🏽‍🦽	People & Body	person in manual wheelchair: medium skin tone	accessibility | manual | medium skin tone | person | wheelchair
🧑🏾‍🦽	People & Body	person in manual wheelchair: medium-dark skin tone	accessibility | manual | medium-dark skin tone | person | wheelchair
🧑🏿‍🦽	People & Body	person in manual wheelchair: dark skin tone	accessibility | dark skin tone | manual | person | wheelchair
🧑‍🦽‍➡️	People & Body	person in manual wheelchair facing right	
🧑‍🦽‍➡	People & Body	person in manual wheelchair facing right	accessibility | facing | manual | person | right | wheelchair
🧑🏻‍🦽‍➡️	People & Body	person in manual wheelchair facing right: light skin tone	
🧑🏻‍🦽‍➡	People & Body	person in manual wheelchair facing right: light skin tone	accessibility | facing | light skin tone | manual | person | right | wheelchair
🧑🏼‍🦽‍➡️	People & Body	person in manual wheelchair facing right: medium-light skin tone	
🧑🏼‍🦽‍➡	People & Body	person in manual wheelchair facing right: medium-light skin tone	accessibility | facing | manual | medium-light skin tone | person | right | wheelchair
🧑🏽‍🦽‍➡️	People & Body	person in manual wheelchair facing right: medium skin tone	
🧑🏽‍🦽‍➡	People & Body	person in manual wheelchair facing right: medium skin tone	accessibility | facing | manual | medium skin tone | person | right | wheelchair
🧑🏾‍🦽‍➡️	People & Body	person in manual wheelchair facing right: medium-dark skin tone	
🧑🏾‍🦽‍➡	People & Body	person in manual wheelchair facing right: medium-dark skin tone	accessibility | facing | manual | medium-dark skin tone | person | right | wheelchair
🧑🏿‍🦽‍➡️	People & Body	person in manual wheelchair facing right: dark skin tone	
🧑🏿‍🦽‍➡	People & Body	person in manual wheelchair facing right: dark skin tone	accessibility | dark skin tone | facing | manual | person | right | wheelchair
👨‍🦽	People & Body	man in manual wheelchair	accessibility | man | manual | wheelchair
👨🏻‍🦽	People & Body	man in manual wheelchair: light skin tone	accessibility | light skin tone | man | manual | wheelchair
👨🏼‍🦽	People & Body	man in manual wheelchair: medium-light skin tone	accessibility | man | manual | medium-light skin tone | wheelchair
👨🏽‍🦽	People & Body	man in manual wheelchair: medium skin tone	accessibility | man | manual | medium skin tone | wheelchair
👨🏾‍🦽	People & Body	man in manual wheelchair: medium-dark skin tone	accessibility | man | manual | medium-dark skin tone | wheelchair
👨🏿‍🦽	People & Body	man in manual wheelchair: dark skin tone	accessibility | dark skin tone | man | manual | wheelchair
👨‍🦽‍➡️	People & Body	man in manual wheelchair facing right	
👨‍🦽‍➡	People & Body	man in manual wheelchair facing right	accessibility | facing | man | manual | right | wheelchair
👨🏻‍🦽‍➡️	People & Body	man in manual wheelchair facing right: light skin tone	
👨🏻‍🦽‍➡	People & Body	man in manual wheelchair facing right: light skin tone	accessibility | facing | light skin tone | man | manual | right | wheelchair
👨🏼‍🦽‍➡️	People & Body	man in manual wheelchair facing right: medium-light skin tone	
👨🏼‍🦽‍➡	People & Body	man in manual wheelchair facing right: medium-light skin tone	accessibility | facing | man | manual | medium-light skin tone | right | wheelchair
👨🏽‍🦽‍➡️	People & Body	man in manual wheelchair facing right: medium skin tone	
👨🏽‍🦽‍➡	People & Body	man in manual wheelchair facing right: medium skin tone	accessibility | facing | man | manual | medium skin tone | right | wheelchair
👨🏾‍🦽‍➡️	People & Body	man in manual wheelchair facing right: medium-dark skin tone	
👨🏾‍🦽‍➡	People & Body	man in manual wheelchair facing right: medium-dark skin tone	accessibility | facing | man | manual | medium-dark skin tone | right | wheelchair
👨🏿‍🦽‍➡️	People & Body	man in manual wheelchair facing right: dark skin tone	
👨🏿‍🦽‍➡	People & Body	man in manual wheelchair facing right: dark skin tone	accessibility | dark skin tone | facing | man | manual | right | wheelchair
👩‍🦽	People & Body	woman in manual wheelchair	accessibility | manual | wheelchair | woman
👩🏻‍🦽	People & Body	woman in manual wheelchair: light skin tone	accessibility | light skin tone | manual | wheelchair | woman
👩🏼‍🦽	People & Body	woman in manual wheelchair: medium-light skin tone	accessibility | manual | medium-light skin tone | wheelchair | woman
👩🏽‍🦽	People & Body	woman in manual wheelchair: medium skin tone	accessibility | manual | medium skin tone | wheelchair | woman
👩🏾‍🦽	People & Body	woman in manual wheelchair: medium-dark skin tone	accessibility | manual | medium-dark skin tone | wheelchair | woman
👩🏿‍🦽	People & Body	woman in manual wheelchair: dark skin tone	accessibility | dark skin tone | manual | wheelchair | woman
👩‍🦽‍➡️	People & Body	woman in manual wheelchair facing right	
👩‍🦽‍➡	People & Body	woman in manual wheelchair facing right	accessibility | facing | manual | right | wheelchair | woman
👩🏻‍🦽‍➡️	People & Body	woman in manual wheelchair facing right: light skin tone	
👩🏻‍🦽‍➡	People & Body	woman in manual wheelchair facing right: light skin tone	accessibility | facing | light skin tone | manual | right | wheelchair | woman
👩🏼‍🦽‍➡️	People & Body	woman in manual wheelchair facing right: medium-light skin tone	
👩🏼‍🦽‍➡	People & Body	woman in manual wheelchair facing right: medium-light skin tone	accessibility | facing | manual | medium-light skin tone | right | wheelchair | woman
👩🏽‍🦽‍➡️	People & Body	woman in manual wheelchair facing right: medium skin tone	
👩🏽‍🦽‍➡	People & Body	woman in manual wheelchair facing right: medium skin tone	accessibility | facing | manual | medium skin tone | right | wheelchair | woman
👩🏾‍🦽‍➡️	People & Body	woman in manual wheelchair facing right: medium-dark skin tone	
👩🏾‍🦽‍➡	People & Body	woman in manual wheelchair facing right: medium-dark skin tone	accessibility | facing | manual | medium-dark skin tone | right | wheelchair | woman
👩🏿‍🦽‍➡️	People & Body	woman in manual wheelchair facing right: dark skin tone	
👩🏿‍🦽‍➡	People & Body	woman in manual wheelchair facing right: dark skin tone	accessibility | dark skin tone | facing | manual | right | wheelchair | woman
🏃	People & Body	person running	fast | hurry | marathon | move | person | quick | race | racing | run | rush | speed
🏃🏻	People & Body	person running: light skin tone	fast | hurry | light skin tone | marathon | move | person | quick | race | racing | run | rush | speed
🏃🏼	People & Body	person running: medium-light skin tone	fast | hurry | marathon | medium-light skin tone | move | person | quick | race | racing | run | rush | speed
🏃🏽	People & Body	person running: medium skin tone	fast | hurry | marathon | medium skin tone | move | person | quick | race | racing | run | rush | speed
🏃🏾	People & Body	person running: medium-dark skin tone	fast | hurry | marathon | medium-dark skin tone | move | person | quick | race | racing | run | rush | speed
🏃🏿	People & Body	person running: dark skin tone	dark skin tone | fast | hurry | marathon | move | person | quick | race | racing | run | rush | speed
🏃‍♂️	People & Body	man running	
🏃‍♂	People & Body	man running	fast | hurry | man | marathon | move | quick | race | racing | run | rush | speed
🏃🏻‍♂️	People & Body	man running: light skin tone	
🏃🏻‍♂	People & Body	man running: light skin tone	fast | hurry | light skin tone | man | marathon | move | quick | race | racing | run | rush | speed
🏃🏼‍♂️	People & Body	man running: medium-light skin tone	
🏃🏼‍♂	People & Body	man running: medium-light skin tone	fast | hurry | man | marathon | medium-light skin tone | move | quick | race | racing | run | rush | speed
🏃🏽‍♂️	People & Body	man running: medium skin tone	
🏃🏽‍♂	People & Body	man running: medium skin tone	fast | hurry | man | marathon | medium skin tone | move | quick | race | racing | run | rush | speed
🏃🏾‍♂️	People & Body	man running: medium-dark skin tone	
🏃🏾‍♂	People & Body	man running: medium-dark skin tone	fast | hurry | man | marathon | medium-dark skin tone | move | quick | race | racing | run | rush | speed
🏃🏿‍♂️	People & Body	man running: dark skin tone	
🏃🏿‍♂	People & Body	man running: dark skin tone	dark skin tone | fast | hurry | man | marathon | move | quick | race | racing | run | rush | speed
🏃‍♀️	People & Body	woman running	
🏃‍♀	People & Body	woman running	fast | hurry | marathon | move | quick | race | racing | run | rush | speed | woman
🏃🏻‍♀️	People & Body	woman running: light skin tone	
🏃🏻‍♀	People & Body	woman running: light skin tone	fast | hurry | light skin tone | marathon | move | quick | race | racing | run | rush | speed | woman
🏃🏼‍♀️	People & Body	woman running: medium-light skin tone	
🏃🏼‍♀	People & Body	woman running: medium-light skin tone	fast | hurry | marathon | medium-light skin tone | move | quick | race | racing | run | rush | speed | woman
🏃🏽‍♀️	People & Body	woman running: medium skin tone	
🏃🏽‍♀	People & Body	woman running: medium skin tone	fast | hurry | marathon | medium skin tone | move | quick | race | racing | run | rush | speed | woman
🏃🏾‍♀️	People & Body	woman running: medium-dark skin tone	
🏃🏾‍♀	People & Body	woman running: medium-dark skin tone	fast | hurry | marathon | medium-dark skin tone | move | quick | race | racing | run | rush | speed | woman
🏃🏿‍♀️	People & Body	woman running: dark skin tone	
🏃🏿‍♀	People & Body	woman running: dark skin tone	dark skin tone | fast | hurry | marathon | move | quick | race | racing | run | rush | speed | woman
🏃‍➡️	People & Body	person running facing right	
🏃‍➡	People & Body	person running facing right	facing | fast | hurry | marathon | move | person | quick | race | racing | right | run | rush | speed
🏃🏻‍➡️	People & Body	person running facing right: light skin tone	
🏃🏻‍➡	People & Body	person running facing right: light skin tone	facing | fast | hurry | light skin tone | marathon | move | person | quick | race | racing | right | run | rush | speed
🏃🏼‍➡️	People & Body	person running facing right: medium-light skin tone	
🏃🏼‍➡	People & Body	person running facing right: medium-light skin tone	facing | fast | hurry | marathon | medium-light skin tone | move | person | quick | race | racing | right | run | rush | speed
🏃🏽‍➡️	People & Body	person running facing right: medium skin tone	
🏃🏽‍➡	People & Body	person running facing right: medium skin tone	facing | fast | hurry | marathon | medium skin tone | move | person | quick | race | racing | right | run | rush | speed
🏃🏾‍➡️	People & Body	person running facing right: medium-dark skin tone	
🏃🏾‍➡	People & Body	person running facing right: medium-dark skin tone	facing | fast | hurry | marathon | medium-dark skin tone | move | person | quick | race | racing | right | run | rush | speed
🏃🏿‍➡️	People & Body	person running facing right: dark skin tone	
🏃🏿‍➡	People & Body	person running facing right: dark skin tone	dark skin tone | facing | fast | hurry | marathon | move | person | quick | race | racing | right | run | rush | speed
🏃‍♀️‍➡️	People & Body	woman running facing right	
🏃‍♀‍➡️	People & Body	woman running facing right	
🏃‍♀️‍➡	People & Body	woman running facing right	
🏃‍♀‍➡	People & Body	woman running facing right	facing | fast | hurry | marathon | move | quick | race | racing | right | run | rush | speed | woman
🏃🏻‍♀️‍➡️	People & Body	woman running facing right: light skin tone	
🏃🏻‍♀‍➡️	People & Body	woman running facing right: light skin tone	
🏃🏻‍♀️‍➡	People & Body	woman running facing right: light skin tone	
🏃🏻‍♀‍➡	People & Body	woman running facing right: light skin tone	facing | fast | hurry | light skin tone | marathon | move | quick | race | racing | right | run | rush | speed | woman
🏃🏼‍♀️‍➡️	People & Body	woman running facing right: medium-light skin tone	
🏃🏼‍♀‍➡️	People & Body	woman running facing right: medium-light skin tone	
🏃🏼‍♀️‍➡	People & Body	woman running facing right: medium-light skin tone	
🏃🏼‍♀‍➡	People & Body	woman running facing right: medium-light skin tone	facing | fast | hurry | marathon | medium-light skin tone | move | quick | race | racing | right | run | rush | speed | woman
🏃🏽‍♀️‍➡️	People & Body	woman running facing right: medium skin tone	
🏃🏽‍♀‍➡️	People & Body	woman running facing right: medium skin tone	
🏃🏽‍♀️‍➡	People & Body	woman running facing right: medium skin tone	
🏃🏽‍♀‍➡	People & Body	woman running facing right: medium skin tone	facing | fast | hurry | marathon | medium skin tone | move | quick | race | racing | right | run | rush | speed | woman
🏃🏾‍♀️‍➡️	People & Body	woman running facing right: medium-dark skin tone	
🏃🏾‍♀‍➡️	People & Body	woman running facing right: medium-dark skin tone	
🏃🏾‍♀️‍➡	People & Body	woman running facing right: medium-dark skin tone	
🏃🏾‍♀‍➡	People & Body	woman running facing right: medium-dark skin tone	facing | fast | hurry | marathon | medium-dark skin tone | move | quick | race | racing | right | run | rush | speed | woman
🏃🏿‍♀️‍➡️	People & Body	woman running facing right: dark skin tone	
🏃🏿‍♀‍➡️	People & Body	woman running facing right: dark skin tone	
🏃🏿‍♀️‍➡	People & Body	woman running facing right: dark skin tone	
🏃🏿‍♀‍➡	People & Body	woman running facing right: dark skin tone	dark skin tone | facing | fast | hurry | marathon | move | quick | race | racing | right | run | rush | speed | woman
🏃‍♂️‍➡️	People & Body	man running facing right	
🏃‍♂‍➡️	People & Body	man running facing right	
🏃‍♂️‍➡	People & Body	man running facing right	
🏃‍♂‍➡	People & Body	man running facing right	facing | fast | hurry | man | marathon | move | quick | race | racing | right | run | rush | speed
🏃🏻‍♂️‍➡️	People & Body	man running facing right: light skin tone	
🏃🏻‍♂‍➡️	People & Body	man running facing right: light skin tone	
🏃🏻‍♂️‍➡	People & Body	man running facing right: light skin tone	
🏃🏻‍♂‍➡	People & Body	man running facing right: light skin tone	facing | fast | hurry | light skin tone | man | marathon | move | quick | race | racing | right | run | rush | speed
🏃🏼‍♂️‍➡️	People & Body	man running facing right: medium-light skin tone	
🏃🏼‍♂‍➡️	People & Body	man running facing right: medium-light skin tone	
🏃🏼‍♂️‍➡	People & Body	man running facing right: medium-light skin tone	
🏃🏼‍♂‍➡	People & Body	man running facing right: medium-light skin tone	facing | fast | hurry | man | marathon | medium-light skin tone | move | quick | race | racing | right | run | rush | speed
🏃🏽‍♂️‍➡️	People & Body	man running facing right: medium skin tone	
🏃🏽‍♂‍➡️	People & Body	man running facing right: medium skin tone	
🏃🏽‍♂️‍➡	People & Body	man running facing right: medium skin tone	
🏃🏽‍♂‍➡	People & Body	man running facing right: medium skin tone	facing | fast | hurry | man | marathon | medium skin tone | move | quick | race | racing | right | run | rush | speed
🏃🏾‍♂️‍➡️	People & Body	man running facing right: medium-dark skin tone	
🏃🏾‍♂‍➡️	People & Body	man running facing right: medium-dark skin tone	
🏃🏾‍♂️‍➡	People & Body	man running facing right: medium-dark skin tone	
🏃🏾‍♂‍➡	People & Body	man running facing right: medium-dark skin tone	facing | fast | hurry | man | marathon | medium-dark skin tone | move | quick | race | racing | right | run | rush | speed
🏃🏿‍♂️‍➡️	People & Body	man running facing right: dark skin tone	
🏃🏿‍♂‍➡️	People & Body	man running facing right: dark skin tone	
🏃🏿‍♂️‍➡	People & Body	man running facing right: dark skin tone	
🏃🏿‍♂‍➡	People & Body	man running facing right: dark skin tone	dark skin tone | facing | fast | hurry | man | marathon | move | quick | race | racing | right | run | rush | speed
💃	People & Body	woman dancing	dance | dancer | dancing | elegant | festive | flair | flamenco | groove | let’s | salsa | tango | woman
💃🏻	People & Body	woman dancing: light skin tone	dance | dancer | dancing | elegant | festive | flair | flamenco | groove | let’s | light skin tone | salsa | tango | woman
💃🏼	People & Body	woman dancing: medium-light skin tone	dance | dancer | dancing | elegant | festive | flair | flamenco | groove | let’s | medium-light skin tone | salsa | tango | woman
💃🏽	People & Body	woman dancing: medium skin tone	dance | dancer | dancing | elegant | festive | flair | flamenco | groove | let’s | medium skin tone | salsa | tango | woman
💃🏾	People & Body	woman dancing: medium-dark skin tone	dance | dancer | dancing | elegant | festive | flair | flamenco | groove | let’s | medium-dark skin tone | salsa | tango | woman
💃🏿	People & Body	woman dancing: dark skin tone	dance | dancer | dancing | dark skin tone | elegant | festive | flair | flamenco | groove | let’s | salsa | tango | woman
🕺	People & Body	man dancing	dance | dancer | dancing | elegant | festive | flair | flamenco | groove | let’s | man | salsa | tango | disco
🕺🏻	People & Body	man dancing: light skin tone	dance | dancer | dancing | elegant | festive | flair | flamenco | groove | let’s | light skin tone | man | salsa | tango | disco
🕺🏼	People & Body	man dancing: medium-light skin tone	dance | dancer | dancing | elegant | festive | flair | flamenco | groove | let’s | man | medium-light skin tone | salsa | tango | disco
🕺🏽	People & Body	man dancing: medium skin tone	dance | dancer | dancing | elegant | festive | flair | flamenco | groove | let’s | man | medium skin tone | salsa | tango | disco
🕺🏾	People & Body	man dancing: medium-dark skin tone	dance | dancer | dancing | elegant | festive | flair | flamenco | groove | let’s | man | medium-dark skin tone | salsa | tango | disco
🕺🏿	People & Body	man dancing: dark skin tone	dance | dancer | dancing | dark skin tone | elegant | festive | flair | flamenco | groove | let’s | man | salsa | tango | disco
🕴️	People & Body	person in suit levitating	
🕴	People & Body	person in suit levitating	business | levitating | person | suit
🕴🏻	People & Body	person in suit levitating: light skin tone	business | levitating | light skin tone | person | suit
🕴🏼	People & Body	person in suit levitating: medium-light skin tone	business | levitating | medium-light skin tone | person | suit
🕴🏽	People & Body	person in suit levitating: medium skin tone	business | levitating | medium skin tone | person | suit
🕴🏾	People & Body	person in suit levitating: medium-dark skin tone	business | levitating | medium-dark skin tone | person | suit
🕴🏿	People & Body	person in suit levitating: dark skin tone	business | dark skin tone | levitating | person | suit
👯	People & Body	people with bunny ears	bestie | bff | bunny | counterpart | dancer | double | ear | identical | pair | party | partying | people | soulmate | twin | twinsies
👯‍♂️	People & Body	men with bunny ears	
👯‍♂	People & Body	men with bunny ears	bestie | bff | bunny | counterpart | dancer | double | ear | identical | men | pair | party | partying | people | soulmate | twin | twinsies
👯‍♀️	People & Body	women with bunny ears	
👯‍♀	People & Body	women with bunny ears	bestie | bff | bunny | counterpart | dancer | double | ear | identical | pair | party | partying | people | soulmate | twin | twinsies | women
🧖	People & Body	person in steamy room	day | luxurious | pamper | person | relax | room | sauna | spa | steam | steambath | unwind | steam bath
🧖🏻	People & Body	person in steamy room: light skin tone	day | light skin tone | luxurious | pamper | person | relax | room | sauna | spa | steam | steambath | unwind | steam bath
🧖🏼	People & Body	person in steamy room: medium-light skin tone	day | luxurious | medium-light skin tone | pamper | person | relax | room | sauna | spa | steam | steambath | unwind | steam bath
🧖🏽	People & Body	person in steamy room: medium skin tone	day | luxurious | medium skin tone | pamper | person | relax | room | sauna | spa | steam | steambath | unwind | steam bath
🧖🏾	People & Body	person in steamy room: medium-dark skin tone	day | luxurious | medium-dark skin tone | pamper | person | relax | room | sauna | spa | steam | steambath | unwind | steam bath
🧖🏿	People & Body	person in steamy room: dark skin tone	dark skin tone | day | luxurious | pamper | person | relax | room | sauna | spa | steam | steambath | unwind | steam bath
🧖‍♂️	People & Body	man in steamy room	
🧖‍♂	People & Body	man in steamy room	day | luxurious | man | pamper | relax | room | sauna | spa | steam | steambath | unwind | steam bath
🧖🏻‍♂️	People & Body	man in steamy room: light skin tone	
🧖🏻‍♂	People & Body	man in steamy room: light skin tone	day | light skin tone | luxurious | man | pamper | relax | room | sauna | spa | steam | steambath | unwind | steam bath
🧖🏼‍♂️	People & Body	man in steamy room: medium-light skin tone	
🧖🏼‍♂	People & Body	man in steamy room: medium-light skin tone	day | luxurious | man | medium-light skin tone | pamper | relax | room | sauna | spa | steam | steambath | unwind | steam bath
🧖🏽‍♂️	People & Body	man in steamy room: medium skin tone	
🧖🏽‍♂	People & Body	man in steamy room: medium skin tone	day | luxurious | man | medium skin tone | pamper | relax | room | sauna | spa | steam | steambath | unwind | steam bath
🧖🏾‍♂️	People & Body	man in steamy room: medium-dark skin tone	
🧖🏾‍♂	People & Body	man in steamy room: medium-dark skin tone	day | luxurious | man | medium-dark skin tone | pamper | relax | room | sauna | spa | steam | steambath | unwind | steam bath
🧖🏿‍♂️	People & Body	man in steamy room: dark skin tone	
🧖🏿‍♂	People & Body	man in steamy room: dark skin tone	dark skin tone | day | luxurious | man | pamper | relax | room | sauna | spa | steam | steambath | unwind | steam bath
🧖‍♀️	People & Body	woman in steamy room	
🧖‍♀	People & Body	woman in steamy room	day | luxurious | pamper | relax | room | sauna | spa | steam | steambath | unwind | woman | steam bath
🧖🏻‍♀️	People & Body	woman in steamy room: light skin tone	
🧖🏻‍♀	People & Body	woman in steamy room: light skin tone	day | light skin tone | luxurious | pamper | relax | room | sauna | spa | steam | steambath | unwind | woman | steam bath
🧖🏼‍♀️	People & Body	woman in steamy room: medium-light skin tone	
🧖🏼‍♀	People & Body	woman in steamy room: medium-light skin tone	day | luxurious | medium-light skin tone | pamper | relax | room | sauna | spa | steam | steambath | unwind | woman | steam bath
🧖🏽‍♀️	People & Body	woman in steamy room: medium skin tone	
🧖🏽‍♀	People & Body	woman in steamy room: medium skin tone	day | luxurious | medium skin tone | pamper | relax | room | sauna | spa | steam | steambath | unwind | woman | steam bath
🧖🏾‍♀️	People & Body	woman in steamy room: medium-dark skin tone	
🧖🏾‍♀	People & Body	woman in steamy room: medium-dark skin tone	day | luxurious | medium-dark skin tone | pamper | relax | room | sauna | spa | steam | steambath | unwind | woman | steam bath
🧖🏿‍♀️	People & Body	woman in steamy room: dark skin tone	
🧖🏿‍♀	People & Body	woman in steamy room: dark skin tone	dark skin tone | day | luxurious | pamper | relax | room | sauna | spa | steam | steambath | unwind | woman | steam bath
🧗	People & Body	person climbing	climb | climber | climbing | mountain | person | rock | scale | up
🧗🏻	People & Body	person climbing: light skin tone	climb | climber | climbing | light skin tone | mountain | person | rock | scale | up
🧗🏼	People & Body	person climbing: medium-light skin tone	climb | climber | climbing | medium-light skin tone | mountain | person | rock | scale | up
🧗🏽	People & Body	person climbing: medium skin tone	climb | climber | climbing | medium skin tone | mountain | person | rock | scale | up
🧗🏾	People & Body	person climbing: medium-dark skin tone	climb | climber | climbing | medium-dark skin tone | mountain | person | rock | scale | up
🧗🏿	People & Body	person climbing: dark skin tone	climb | climber | climbing | dark skin tone | mountain | person | rock | scale | up
🧗‍♂️	People & Body	man climbing	
🧗‍♂	People & Body	man climbing	climb | climber | climbing | man | mountain | rock | scale | up
🧗🏻‍♂️	People & Body	man climbing: light skin tone	
🧗🏻‍♂	People & Body	man climbing: light skin tone	climb | climber | climbing | light skin tone | man | mountain | rock | scale | up
🧗🏼‍♂️	People & Body	man climbing: medium-light skin tone	
🧗🏼‍♂	People & Body	man climbing: medium-light skin tone	climb | climber | climbing | man | medium-light skin tone | mountain | rock | scale | up
🧗🏽‍♂️	People & Body	man climbing: medium skin tone	
🧗🏽‍♂	People & Body	man climbing: medium skin tone	climb | climber | climbing | man | medium skin tone | mountain | rock | scale | up
🧗🏾‍♂️	People & Body	man climbing: medium-dark skin tone	
🧗🏾‍♂	People & Body	man climbing: medium-dark skin tone	climb | climber | climbing | man | medium-dark skin tone | mountain | rock | scale | up
🧗🏿‍♂️	People & Body	man climbing: dark skin tone	
🧗🏿‍♂	People & Body	man climbing: dark skin tone	climb | climber | climbing | dark skin tone | man | mountain | rock | scale | up
🧗‍♀️	People & Body	woman climbing	
🧗‍♀	People & Body	woman climbing	climb | climber | climbing | mountain | rock | scale | up | woman
🧗🏻‍♀️	People & Body	woman climbing: light skin tone	
🧗🏻‍♀	People & Body	woman climbing: light skin tone	climb | climber | climbing | light skin tone | mountain | rock | scale | up | woman
🧗🏼‍♀️	People & Body	woman climbing: medium-light skin tone	
🧗🏼‍♀	People & Body	woman climbing: medium-light skin tone	climb | climber | climbing | medium-light skin tone | mountain | rock | scale | up | woman
🧗🏽‍♀️	People & Body	woman climbing: medium skin tone	
🧗🏽‍♀	People & Body	woman climbing: medium skin tone	climb | climber | climbing | medium skin tone | mountain | rock | scale | up | woman
🧗🏾‍♀️	People & Body	woman climbing: medium-dark skin tone	
🧗🏾‍♀	People & Body	woman climbing: medium-dark skin tone	climb | climber | climbing | medium-dark skin tone | mountain | rock | scale | up | woman
🧗🏿‍♀️	People & Body	woman climbing: dark skin tone	
🧗🏿‍♀	People & Body	woman climbing: dark skin tone	climb | climber | climbing | dark skin tone | mountain | rock | scale | up | woman
🤺	People & Body	person fencing	fencer | fencing | person | sword
🏇	People & Body	horse racing	horse | jockey | racehorse | racing | riding | sport
🏇🏻	People & Body	horse racing: light skin tone	horse | jockey | light skin tone | racehorse | racing | riding | sport
🏇🏼	People & Body	horse racing: medium-light skin tone	horse | jockey | medium-light skin tone | racehorse | racing | riding | sport
🏇🏽	People & Body	horse racing: medium skin tone	horse | jockey | medium skin tone | racehorse | racing | riding | sport
🏇🏾	People & Body	horse racing: medium-dark skin tone	horse | jockey | medium-dark skin tone | racehorse | racing | riding | sport
🏇🏿	People & Body	horse racing: dark skin tone	dark skin tone | horse | jockey | racehorse | racing | riding | sport
⛷️	People & Body	skier	
⛷	People & Body	skier	ski | skier | snow
🏂	People & Body	snowboarder	ski | snow | snowboard | snowboarder | sport
🏂🏻	People & Body	snowboarder: light skin tone	light skin tone | ski | snow | snowboard | snowboarder | sport
🏂🏼	People & Body	snowboarder: medium-light skin tone	medium-light skin tone | ski | snow | snowboard | snowboarder | sport
🏂🏽	People & Body	snowboarder: medium skin tone	medium skin tone | ski | snow | snowboard | snowboarder | sport
🏂🏾	People & Body	snowboarder: medium-dark skin tone	medium-dark skin tone | ski | snow | snowboard | snowboarder | sport
🏂🏿	People & Body	snowboarder: dark skin tone	dark skin tone | ski | snow | snowboard | snowboarder | sport
🏌️	People & Body	person golfing	
🏌	People & Body	person golfing	ball | birdie | caddy | driving | golf | golfing | green | person | pga | putt | range | tee | golfer | person golfing
🏌🏻	People & Body	person golfing: light skin tone	ball | birdie | caddy | driving | golf | golfing | green | light skin tone | person | pga | putt | range | tee | golfer | person golfing
🏌🏼	People & Body	person golfing: medium-light skin tone	ball | birdie | caddy | driving | golf | golfing | green | medium-light skin tone | person | pga | putt | range | tee | golfer | person golfing
🏌🏽	People & Body	person golfing: medium skin tone	ball | birdie | caddy | driving | golf | golfing | green | medium skin tone | person | pga | putt | range | tee | golfer | person golfing
🏌🏾	People & Body	person golfing: medium-dark skin tone	ball | birdie | caddy | driving | golf | golfing | green | medium-dark skin tone | person | pga | putt | range | tee | golfer | person golfing
🏌🏿	People & Body	person golfing: dark skin tone	ball | birdie | caddy | dark skin tone | driving | golf | golfing | green | person | pga | putt | range | tee | golfer | person golfing
🏌️‍♂️	People & Body	man golfing	
🏌‍♂️	People & Body	man golfing	
🏌️‍♂	People & Body	man golfing	
🏌‍♂	People & Body	man golfing	ball | birdie | caddy | driving | golf | golfing | green | man | pga | putt | range | tee | golfer | man golfing
🏌🏻‍♂️	People & Body	man golfing: light skin tone	
🏌🏻‍♂	People & Body	man golfing: light skin tone	ball | birdie | caddy | driving | golf | golfing | green | light skin tone | man | pga | putt | range | tee | golfer | man golfing
🏌🏼‍♂️	People & Body	man golfing: medium-light skin tone	
🏌🏼‍♂	People & Body	man golfing: medium-light skin tone	ball | birdie | caddy | driving | golf | golfing | green | man | medium-light skin tone | pga | putt | range | tee | golfer | man golfing
🏌🏽‍♂️	People & Body	man golfing: medium skin tone	
🏌🏽‍♂	People & Body	man golfing: medium skin tone	ball | birdie | caddy | driving | golf | golfing | green | man | medium skin tone | pga | putt | range | tee | golfer | man golfing
🏌🏾‍♂️	People & Body	man golfing: medium-dark skin tone	
🏌🏾‍♂	People & Body	man golfing: medium-dark skin tone	ball | birdie | caddy | driving | golf | golfing | green | man | medium-dark skin tone | pga | putt | range | tee | golfer | man golfing
🏌🏿‍♂️	People & Body	man golfing: dark skin tone	
🏌🏿‍♂	People & Body	man golfing: dark skin tone	ball | birdie | caddy | dark skin tone | driving | golf | golfing | green | man | pga | putt | range | tee | golfer | man golfing
🏌️‍♀️	People & Body	woman golfing	
🏌‍♀️	People & Body	woman golfing	
🏌️‍♀	People & Body	woman golfing	
🏌‍♀	People & Body	woman golfing	ball | birdie | caddy | driving | golf | golfing | green | pga | putt | range | tee | woman | golfer | woman golfing
🏌🏻‍♀️	People & Body	woman golfing: light skin tone	
🏌🏻‍♀	People & Body	woman golfing: light skin tone	ball | birdie | caddy | driving | golf | golfing | green | light skin tone | pga | putt | range | tee | woman | golfer | woman golfing
🏌🏼‍♀️	People & Body	woman golfing: medium-light skin tone	
🏌🏼‍♀	People & Body	woman golfing: medium-light skin tone	ball | birdie | caddy | driving | golf | golfing | green | medium-light skin tone | pga | putt | range | tee | woman | golfer | woman golfing
🏌🏽‍♀️	People & Body	woman golfing: medium skin tone	
🏌🏽‍♀	People & Body	woman golfing: medium skin tone	ball | birdie | caddy | driving | golf | golfing | green | medium skin tone | pga | putt | range | tee | woman | golfer | woman golfing
🏌🏾‍♀️	People & Body	woman golfing: medium-dark skin tone	
🏌🏾‍♀	People & Body	woman golfing: medium-dark skin tone	ball | birdie | caddy | driving | golf | golfing | green | medium-dark skin tone | pga | putt | range | tee | woman | golfer | woman golfing
🏌🏿‍♀️	People & Body	woman golfing: dark skin tone	
🏌🏿‍♀	People & Body	woman golfing: dark skin tone	ball | birdie | caddy | dark skin tone | driving | golf | golfing | green | pga | putt | range | tee | woman | golfer | woman golfing
🏄	People & Body	person surfing	beach | ocean | person | sport | surf | surfer | surfing | swell | waves | person surfing
🏄🏻	People & Body	person surfing: light skin tone	beach | light skin tone | ocean | person | sport | surf | surfer | surfing | swell | waves | person surfing
🏄🏼	People & Body	person surfing: medium-light skin tone	beach | medium-light skin tone | ocean | person | sport | surf | surfer | surfing | swell | waves | person surfing
🏄🏽	People & Body	person surfing: medium skin tone	beach | medium skin tone | ocean | person | sport | surf | surfer | surfing | swell | waves | person surfing
🏄🏾	People & Body	person surfing: medium-dark skin tone	beach | medium-dark skin tone | ocean | person | sport | surf | surfer | surfing | swell | waves | person surfing
🏄🏿	People & Body	person surfing: dark skin tone	beach | dark skin tone | ocean | person | sport | surf | surfer | surfing | swell | waves | person surfing
🏄‍♂️	People & Body	man surfing	
🏄‍♂	People & Body	man surfing	beach | man | ocean | sport | surf | surfer | surfing | swell | waves
🏄🏻‍♂️	People & Body	man surfing: light skin tone	
🏄🏻‍♂	People & Body	man surfing: light skin tone	beach | light skin tone | man | ocean | sport | surf | surfer | surfing | swell | waves
🏄🏼‍♂️	People & Body	man surfing: medium-light skin tone	
🏄🏼‍♂	People & Body	man surfing: medium-light skin tone	beach | man | medium-light skin tone | ocean | sport | surf | surfer | surfing | swell | waves
🏄🏽‍♂️	People & Body	man surfing: medium skin tone	
🏄🏽‍♂	People & Body	man surfing: medium skin tone	beach | man | medium skin tone | ocean | sport | surf | surfer | surfing | swell | waves
🏄🏾‍♂️	People & Body	man surfing: medium-dark skin tone	
🏄🏾‍♂	People & Body	man surfing: medium-dark skin tone	beach | man | medium-dark skin tone | ocean | sport | surf | surfer | surfing | swell | waves
🏄🏿‍♂️	People & Body	man surfing: dark skin tone	
🏄🏿‍♂	People & Body	man surfing: dark skin tone	beach | dark skin tone | man | ocean | sport | surf | surfer | surfing | swell | waves
🏄‍♀️	People & Body	woman surfing	
🏄‍♀	People & Body	woman surfing	beach | ocean | person | sport | surf | surfer | surfing | swell | waves | woman
🏄🏻‍♀️	People & Body	woman surfing: light skin tone	
🏄🏻‍♀	People & Body	woman surfing: light skin tone	beach | light skin tone | ocean | person | sport | surf | surfer | surfing | swell | waves | woman
🏄🏼‍♀️	People & Body	woman surfing: medium-light skin tone	
🏄🏼‍♀	People & Body	woman surfing: medium-light skin tone	beach | medium-light skin tone | ocean | person | sport | surf | surfer | surfing | swell | waves | woman
🏄🏽‍♀️	People & Body	woman surfing: medium skin tone	
🏄🏽‍♀	People & Body	woman surfing: medium skin tone	beach | medium skin tone | ocean | person | sport | surf | surfer | surfing | swell | waves | woman
🏄🏾‍♀️	People & Body	woman surfing: medium-dark skin tone	
🏄🏾‍♀	People & Body	woman surfing: medium-dark skin tone	beach | medium-dark skin tone | ocean | person | sport | surf | surfer | surfing | swell | waves | woman
🏄🏿‍♀️	People & Body	woman surfing: dark skin tone	
🏄🏿‍♀	People & Body	woman surfing: dark skin tone	beach | dark skin tone | ocean | person | sport | surf | surfer | surfing | swell | waves | woman
🚣	People & Body	person rowing boat	boat | canoe | cruise | fishing | lake | oar | paddle | person | raft | river | row | rowboat | rowing | person rowing boat
🚣🏻	People & Body	person rowing boat: light skin tone	boat | canoe | cruise | fishing | lake | light skin tone | oar | paddle | person | raft | river | row | rowboat | rowing | person rowing boat
🚣🏼	People & Body	person rowing boat: medium-light skin tone	boat | canoe | cruise | fishing | lake | medium-light skin tone | oar | paddle | person | raft | river | row | rowboat | rowing | person rowing boat
🚣🏽	People & Body	person rowing boat: medium skin tone	boat | canoe | cruise | fishing | lake | medium skin tone | oar | paddle | person | raft | river | row | rowboat | rowing | person rowing boat
🚣🏾	People & Body	person rowing boat: medium-dark skin tone	boat | canoe | cruise | fishing | lake | medium-dark skin tone | oar | paddle | person | raft | river | row | rowboat | rowing | person rowing boat
🚣🏿	People & Body	person rowing boat: dark skin tone	boat | canoe | cruise | dark skin tone | fishing | lake | oar | paddle | person | raft | river | row | rowboat | rowing | person rowing boat
🚣‍♂️	People & Body	man rowing boat	
🚣‍♂	People & Body	man rowing boat	boat | canoe | cruise | fishing | lake | man | oar | paddle | raft | river | row | rowboat | rowing
🚣🏻‍♂️	People & Body	man rowing boat: light skin tone	
🚣🏻‍♂	People & Body	man rowing boat: light skin tone	boat | canoe | cruise | fishing | lake | light skin tone | man | oar | paddle | raft | river | row | rowboat | rowing
🚣🏼‍♂️	People & Body	man rowing boat: medium-light skin tone	
🚣🏼‍♂	People & Body	man rowing boat: medium-light skin tone	boat | canoe | cruise | fishing | lake | man | medium-light skin tone | oar | paddle | raft | river | row | rowboat | rowing
🚣🏽‍♂️	People & Body	man rowing boat: medium skin tone	
🚣🏽‍♂	People & Body	man rowing boat: medium skin tone	boat | canoe | cruise | fishing | lake | man | medium skin tone | oar | paddle | raft | river | row | rowboat | rowing
🚣🏾‍♂️	People & Body	man rowing boat: medium-dark skin tone	
🚣🏾‍♂	People & Body	man rowing boat: medium-dark skin tone	boat | canoe | cruise | fishing | lake | man | medium-dark skin tone | oar | paddle | raft | river | row | rowboat | rowing
🚣🏿‍♂️	People & Body	man rowing boat: dark skin tone	
🚣🏿‍♂	People & Body	man rowing boat: dark skin tone	boat | canoe | cruise | dark skin tone | fishing | lake | man | oar | paddle | raft | river | row | rowboat | rowing
🚣‍♀️	People & Body	woman rowing boat	
🚣‍♀	People & Body	woman rowing boat	boat | canoe | cruise | fishing | lake | oar | paddle | raft | river | row | rowboat | rowing | woman
🚣🏻‍♀️	People & Body	woman rowing boat: light skin tone	
🚣🏻‍♀	People & Body	woman rowing boat: light skin tone	boat | canoe | cruise | fishing | lake | light skin tone | oar | paddle | raft | river | row | rowboat | rowing | woman
🚣🏼‍♀️	People & Body	woman rowing boat: medium-light skin tone	
🚣🏼‍♀	People & Body	woman rowing boat: medium-light skin tone	boat | canoe | cruise | fishing | lake | medium-light skin tone | oar | paddle | raft | river | row | rowboat | rowing | woman
🚣🏽‍♀️	People & Body	woman rowing boat: medium skin tone	
🚣🏽‍♀	People & Body	woman rowing boat: medium skin tone	boat | canoe | cruise | fishing | lake | medium skin tone | oar | paddle | raft | river | row | rowboat | rowing | woman
🚣🏾‍♀️	People & Body	woman rowing boat: medium-dark skin tone	
🚣🏾‍♀	People & Body	woman rowing boat: medium-dark skin tone	boat | canoe | cruise | fishing | lake | medium-dark skin tone | oar | paddle | raft | river | row | rowboat | rowing | woman
🚣🏿‍♀️	People & Body	woman rowing boat: dark skin tone	
🚣🏿‍♀	People & Body	woman rowing boat: dark skin tone	boat | canoe | cruise | dark skin tone | fishing | lake | oar | paddle | raft | river | row | rowboat | rowing | woman
🏊	People & Body	person swimming	freestyle | person | sport | swim | swimmer | swimming | triathlon | person swimming
🏊🏻	People & Body	person swimming: light skin tone	freestyle | light skin tone | person | sport | swim | swimmer | swimming | triathlon | person swimming
🏊🏼	People & Body	person swimming: medium-light skin tone	freestyle | medium-light skin tone | person | sport | swim | swimmer | swimming | triathlon | person swimming
🏊🏽	People & Body	person swimming: medium skin tone	freestyle | medium skin tone | person | sport | swim | swimmer | swimming | triathlon | person swimming
🏊🏾	People & Body	person swimming: medium-dark skin tone	freestyle | medium-dark skin tone | person | sport | swim | swimmer | swimming | triathlon | person swimming
🏊🏿	People & Body	person swimming: dark skin tone	dark skin tone | freestyle | person | sport | swim | swimmer | swimming | triathlon | person swimming
🏊‍♂️	People & Body	man swimming	
🏊‍♂	People & Body	man swimming	freestyle | man | sport | swim | swimmer | swimming | triathlon | man swimming
🏊🏻‍♂️	People & Body	man swimming: light skin tone	
🏊🏻‍♂	People & Body	man swimming: light skin tone	freestyle | light skin tone | man | sport | swim | swimmer | swimming | triathlon | man swimming
🏊🏼‍♂️	People & Body	man swimming: medium-light skin tone	
🏊🏼‍♂	People & Body	man swimming: medium-light skin tone	freestyle | man | medium-light skin tone | sport | swim | swimmer | swimming | triathlon | man swimming
🏊🏽‍♂️	People & Body	man swimming: medium skin tone	
🏊🏽‍♂	People & Body	man swimming: medium skin tone	freestyle | man | medium skin tone | sport | swim | swimmer | swimming | triathlon | man swimming
🏊🏾‍♂️	People & Body	man swimming: medium-dark skin tone	
🏊🏾‍♂	People & Body	man swimming: medium-dark skin tone	freestyle | man | medium-dark skin tone | sport | swim | swimmer | swimming | triathlon | man swimming
🏊🏿‍♂️	People & Body	man swimming: dark skin tone	
🏊🏿‍♂	People & Body	man swimming: dark skin tone	dark skin tone | freestyle | man | sport | swim | swimmer | swimming | triathlon | man swimming
🏊‍♀️	People & Body	woman swimming	
🏊‍♀	People & Body	woman swimming	freestyle | man | sport | swim | swimmer | swimming | triathlon | woman | woman swimming
🏊🏻‍♀️	People & Body	woman swimming: light skin tone	
🏊🏻‍♀	People & Body	woman swimming: light skin tone	freestyle | light skin tone | man | sport | swim | swimmer | swimming | triathlon | woman | woman swimming
🏊🏼‍♀️	People & Body	woman swimming: medium-light skin tone	
🏊🏼‍♀	People & Body	woman swimming: medium-light skin tone	freestyle | man | medium-light skin tone | sport | swim | swimmer | swimming | triathlon | woman | woman swimming
🏊🏽‍♀️	People & Body	woman swimming: medium skin tone	
🏊🏽‍♀	People & Body	woman swimming: medium skin tone	freestyle | man | medium skin tone | sport | swim | swimmer | swimming | triathlon | woman | woman swimming
🏊🏾‍♀️	People & Body	woman swimming: medium-dark skin tone	
🏊🏾‍♀	People & Body	woman swimming: medium-dark skin tone	freestyle | man | medium-dark skin tone | sport | swim | swimmer | swimming | triathlon | woman | woman swimming
🏊🏿‍♀️	People & Body	woman swimming: dark skin tone	
🏊🏿‍♀	People & Body	woman swimming: dark skin tone	dark skin tone | freestyle | man | sport | swim | swimmer | swimming | triathlon | woman | woman swimming
⛹️	People & Body	person bouncing ball	
⛹	People & Body	person bouncing ball	athletic | ball | basketball | bouncing | championship | dribble | net | person | player | throw
⛹🏻	People & Body	person bouncing ball: light skin tone	athletic | ball | basketball | bouncing | championship | dribble | light skin tone | net | person | player | throw
⛹🏼	People & Body	person bouncing ball: medium-light skin tone	athletic | ball | basketball | bouncing | championship | dribble | medium-light skin tone | net | person | player | throw
⛹🏽	People & Body	person bouncing ball: medium skin tone	athletic | ball | basketball | bouncing | championship | dribble | medium skin tone | net | person | player | throw
⛹🏾	People & Body	person bouncing ball: medium-dark skin tone	athletic | ball | basketball | bouncing | championship | dribble | medium-dark skin tone | net | person | player | throw
⛹🏿	People & Body	person bouncing ball: dark skin tone	athletic | ball | basketball | bouncing | championship | dark skin tone | dribble | net | person | player | throw
⛹️‍♂️	People & Body	man bouncing ball	
⛹‍♂️	People & Body	man bouncing ball	
⛹️‍♂	People & Body	man bouncing ball	
⛹‍♂	People & Body	man bouncing ball	athletic | ball | basketball | bouncing | championship | dribble | man | net | player | throw
⛹🏻‍♂️	People & Body	man bouncing ball: light skin tone	
⛹🏻‍♂	People & Body	man bouncing ball: light skin tone	athletic | ball | basketball | bouncing | championship | dribble | light skin tone | man | net | player | throw
⛹🏼‍♂️	People & Body	man bouncing ball: medium-light skin tone	
⛹🏼‍♂	People & Body	man bouncing ball: medium-light skin tone	athletic | ball | basketball | bouncing | championship | dribble | man | medium-light skin tone | net | player | throw
⛹🏽‍♂️	People & Body	man bouncing ball: medium skin tone	
⛹🏽‍♂	People & Body	man bouncing ball: medium skin tone	athletic | ball | basketball | bouncing | championship | dribble | man | medium skin tone | net | player | throw
⛹🏾‍♂️	People & Body	man bouncing ball: medium-dark skin tone	
⛹🏾‍♂	People & Body	man bouncing ball: medium-dark skin tone	athletic | ball | basketball | bouncing | championship | dribble | man | medium-dark skin tone | net | player | throw
⛹🏿‍♂️	People & Body	man bouncing ball: dark skin tone	
⛹🏿‍♂	People & Body	man bouncing ball: dark skin tone	athletic | ball | basketball | bouncing | championship | dark skin tone | dribble | man | net | player | throw
⛹️‍♀️	People & Body	woman bouncing ball	
⛹‍♀️	People & Body	woman bouncing ball	
⛹️‍♀	People & Body	woman bouncing ball	
⛹‍♀	People & Body	woman bouncing ball	athletic | ball | basketball | bouncing | championship | dribble | net | player | throw | woman
⛹🏻‍♀️	People & Body	woman bouncing ball: light skin tone	
⛹🏻‍♀	People & Body	woman bouncing ball: light skin tone	athletic | ball | basketball | bouncing | championship | dribble | light skin tone | net | player | throw | woman
⛹🏼‍♀️	People & Body	woman bouncing ball: medium-light skin tone	
⛹🏼‍♀	People & Body	woman bouncing ball: medium-light skin tone	athletic | ball | basketball | bouncing | championship | dribble | medium-light skin tone | net | player | throw | woman
⛹🏽‍♀️	People & Body	woman bouncing ball: medium skin tone	
⛹🏽‍♀	People & Body	woman bouncing ball: medium skin tone	athletic | ball | basketball | bouncing | championship | dribble | medium skin tone | net | player | throw | woman
⛹🏾‍♀️	People & Body	woman bouncing ball: medium-dark skin tone	
⛹🏾‍♀	People & Body	woman bouncing ball: medium-dark skin tone	athletic | ball | basketball | bouncing | championship | dribble | medium-dark skin tone | net | player | throw | woman
⛹🏿‍♀️	People & Body	woman bouncing ball: dark skin tone	
⛹🏿‍♀	People & Body	woman bouncing ball: dark skin tone	athletic | ball | basketball | bouncing | championship | dark skin tone | dribble | net | player | throw | woman
🏋️	People & Body	person lifting weights	
🏋	People & Body	person lifting weights	barbell | bodybuilder | deadlift | lifter | lifting | person | powerlifting | weight | weightlifter | weights | workout | person lifting weights
🏋🏻	People & Body	person lifting weights: light skin tone	barbell | bodybuilder | deadlift | lifter | lifting | light skin tone | person | powerlifting | weight | weightlifter | weights | workout | person lifting weights
🏋🏼	People & Body	person lifting weights: medium-light skin tone	barbell | bodybuilder | deadlift | lifter | lifting | medium-light skin tone | person | powerlifting | weight | weightlifter | weights | workout | person lifting weights
🏋🏽	People & Body	person lifting weights: medium skin tone	barbell | bodybuilder | deadlift | lifter | lifting | medium skin tone | person | powerlifting | weight | weightlifter | weights | workout | person lifting weights
🏋🏾	People & Body	person lifting weights: medium-dark skin tone	barbell | bodybuilder | deadlift | lifter | lifting | medium-dark skin tone | person | powerlifting | weight | weightlifter | weights | workout | person lifting weights
🏋🏿	People & Body	person lifting weights: dark skin tone	barbell | bodybuilder | dark skin tone | deadlift | lifter | lifting | person | powerlifting | weight | weightlifter | weights | workout | person lifting weights
🏋️‍♂️	People & Body	man lifting weights	
🏋‍♂️	People & Body	man lifting weights	
🏋️‍♂	People & Body	man lifting weights	
🏋‍♂	People & Body	man lifting weights	barbell | bodybuilder | deadlift | lifter | lifting | man | powerlifting | weight | weightlifter | weights | workout
🏋🏻‍♂️	People & Body	man lifting weights: light skin tone	
🏋🏻‍♂	People & Body	man lifting weights: light skin tone	barbell | bodybuilder | deadlift | lifter | lifting | light skin tone | man | powerlifting | weight | weightlifter | weights | workout
🏋🏼‍♂️	People & Body	man lifting weights: medium-light skin tone	
🏋🏼‍♂	People & Body	man lifting weights: medium-light skin tone	barbell | bodybuilder | deadlift | lifter | lifting | man | medium-light skin tone | powerlifting | weight | weightlifter | weights | workout
🏋🏽‍♂️	People & Body	man lifting weights: medium skin tone	
🏋🏽‍♂	People & Body	man lifting weights: medium skin tone	barbell | bodybuilder | deadlift | lifter | lifting | man | medium skin tone | powerlifting | weight | weightlifter | weights | workout
🏋🏾‍♂️	People & Body	man lifting weights: medium-dark skin tone	
🏋🏾‍♂	People & Body	man lifting weights: medium-dark skin tone	barbell | bodybuilder | deadlift | lifter | lifting | man | medium-dark skin tone | powerlifting | weight | weightlifter | weights | workout
🏋🏿‍♂️	People & Body	man lifting weights: dark skin tone	
🏋🏿‍♂	People & Body	man lifting weights: dark skin tone	barbell | bodybuilder | dark skin tone | deadlift | lifter | lifting | man | powerlifting | weight | weightlifter | weights | workout
🏋️‍♀️	People & Body	woman lifting weights	
🏋‍♀️	People & Body	woman lifting weights	
🏋️‍♀	People & Body	woman lifting weights	
🏋‍♀	People & Body	woman lifting weights	barbell | bodybuilder | deadlift | lifter | lifting | powerlifting | weight | weightlifter | weights | woman | workout
🏋🏻‍♀️	People & Body	woman lifting weights: light skin tone	
🏋🏻‍♀	People & Body	woman lifting weights: light skin tone	barbell | bodybuilder | deadlift | lifter | lifting | light skin tone | powerlifting | weight | weightlifter | weights | woman | workout
🏋🏼‍♀️	People & Body	woman lifting weights: medium-light skin tone	
🏋🏼‍♀	People & Body	woman lifting weights: medium-light skin tone	barbell | bodybuilder | deadlift | lifter | lifting | medium-light skin tone | powerlifting | weight | weightlifter | weights | woman | workout
🏋🏽‍♀️	People & Body	woman lifting weights: medium skin tone	
🏋🏽‍♀	People & Body	woman lifting weights: medium skin tone	barbell | bodybuilder | deadlift | lifter | lifting | medium skin tone | powerlifting | weight | weightlifter | weights | woman | workout
🏋🏾‍♀️	People & Body	woman lifting weights: medium-dark skin tone	
🏋🏾‍♀	People & Body	woman lifting weights: medium-dark skin tone	barbell | bodybuilder | deadlift | lifter | lifting | medium-dark skin tone | powerlifting | weight | weightlifter | weights | woman | workout
🏋🏿‍♀️	People & Body	woman lifting weights: dark skin tone	
🏋🏿‍♀	People & Body	woman lifting weights: dark skin tone	barbell | bodybuilder | dark skin tone | deadlift | lifter | lifting | powerlifting | weight | weightlifter | weights | woman | workout
🚴	People & Body	person biking	bicycle | bicyclist | bike | biking | cycle | cyclist | person | riding | sport | person biking | person riding a bike
🚴🏻	People & Body	person biking: light skin tone	bicycle | bicyclist | bike | biking | cycle | cyclist | light skin tone | person | riding | sport | person biking | person riding a bike
🚴🏼	People & Body	person biking: medium-light skin tone	bicycle | bicyclist | bike | biking | cycle | cyclist | medium-light skin tone | person | riding | sport | person biking | person riding a bike
🚴🏽	People & Body	person biking: medium skin tone	bicycle | bicyclist | bike | biking | cycle | cyclist | medium skin tone | person | riding | sport | person biking | person riding a bike
🚴🏾	People & Body	person biking: medium-dark skin tone	bicycle | bicyclist | bike | biking | cycle | cyclist | medium-dark skin tone | person | riding | sport | person biking | person riding a bike
🚴🏿	People & Body	person biking: dark skin tone	bicycle | bicyclist | bike | biking | cycle | cyclist | dark skin tone | person | riding | sport | person biking | person riding a bike
🚴‍♂️	People & Body	man biking	
🚴‍♂	People & Body	man biking	bicycle | bicyclist | bike | biking | cycle | cyclist | man | riding | sport | cycling | man riding a bike
🚴🏻‍♂️	People & Body	man biking: light skin tone	
🚴🏻‍♂	People & Body	man biking: light skin tone	bicycle | bicyclist | bike | biking | cycle | cyclist | light skin tone | man | riding | sport | cycling | man riding a bike
🚴🏼‍♂️	People & Body	man biking: medium-light skin tone	
🚴🏼‍♂	People & Body	man biking: medium-light skin tone	bicycle | bicyclist | bike | biking | cycle | cyclist | man | medium-light skin tone | riding | sport | cycling | man riding a bike
🚴🏽‍♂️	People & Body	man biking: medium skin tone	
🚴🏽‍♂	People & Body	man biking: medium skin tone	bicycle | bicyclist | bike | biking | cycle | cyclist | man | medium skin tone | riding | sport | cycling | man riding a bike
🚴🏾‍♂️	People & Body	man biking: medium-dark skin tone	
🚴🏾‍♂	People & Body	man biking: medium-dark skin tone	bicycle | bicyclist | bike | biking | cycle | cyclist | man | medium-dark skin tone | riding | sport | cycling | man riding a bike
🚴🏿‍♂️	People & Body	man biking: dark skin tone	
🚴🏿‍♂	People & Body	man biking: dark skin tone	bicycle | bicyclist | bike | biking | cycle | cyclist | dark skin tone | man | riding | sport | cycling | man riding a bike
🚴‍♀️	People & Body	woman biking	
🚴‍♀	People & Body	woman biking	bicycle | bicyclist | bike | biking | cycle | cyclist | riding | sport | woman | cycling | woman riding a bike
🚴🏻‍♀️	People & Body	woman biking: light skin tone	
🚴🏻‍♀	People & Body	woman biking: light skin tone	bicycle | bicyclist | bike | biking | cycle | cyclist | light skin tone | riding | sport | woman | cycling | woman riding a bike
🚴🏼‍♀️	People & Body	woman biking: medium-light skin tone	
🚴🏼‍♀	People & Body	woman biking: medium-light skin tone	bicycle | bicyclist | bike | biking | cycle | cyclist | medium-light skin tone | riding | sport | woman | cycling | woman riding a bike
🚴🏽‍♀️	People & Body	woman biking: medium skin tone	
🚴🏽‍♀	People & Body	woman biking: medium skin tone	bicycle | bicyclist | bike | biking | cycle | cyclist | medium skin tone | riding | sport | woman | cycling | woman riding a bike
🚴🏾‍♀️	People & Body	woman biking: medium-dark skin tone	
🚴🏾‍♀	People & Body	woman biking: medium-dark skin tone	bicycle | bicyclist | bike | biking | cycle | cyclist | medium-dark skin tone | riding | sport | woman | cycling | woman riding a bike
🚴🏿‍♀️	People & Body	woman biking: dark skin tone	
🚴🏿‍♀	People & Body	woman biking: dark skin tone	bicycle | bicyclist | bike | biking | cycle | cyclist | dark skin tone | riding | sport | woman | cycling | woman riding a bike
🚵	People & Body	person mountain biking	bicycle | bicyclist | bike | biking | cycle | cyclist | mountain | person | riding | sport
🚵🏻	People & Body	person mountain biking: light skin tone	bicycle | bicyclist | bike | biking | cycle | cyclist | light skin tone | mountain | person | riding | sport
🚵🏼	People & Body	person mountain biking: medium-light skin tone	bicycle | bicyclist | bike | biking | cycle | cyclist | medium-light skin tone | mountain | person | riding | sport
🚵🏽	People & Body	person mountain biking: medium skin tone	bicycle | bicyclist | bike | biking | cycle | cyclist | medium skin tone | mountain | person | riding | sport
🚵🏾	People & Body	person mountain biking: medium-dark skin tone	bicycle | bicyclist | bike | biking | cycle | cyclist | medium-dark skin tone | mountain | person | riding | sport
🚵🏿	People & Body	person mountain biking: dark skin tone	bicycle | bicyclist | bike | biking | cycle | cyclist | dark skin tone | mountain | person | riding | sport
🚵‍♂️	People & Body	man mountain biking	
🚵‍♂	People & Body	man mountain biking	bicycle | bicyclist | bike | biking | cycle | cyclist | man | mountain | riding | sport
🚵🏻‍♂️	People & Body	man mountain biking: light skin tone	
🚵🏻‍♂	People & Body	man mountain biking: light skin tone	bicycle | bicyclist | bike | biking | cycle | cyclist | light skin tone | man | mountain | riding | sport
🚵🏼‍♂️	People & Body	man mountain biking: medium-light skin tone	
🚵🏼‍♂	People & Body	man mountain biking: medium-light skin tone	bicycle | bicyclist | bike | biking | cycle | cyclist | man | medium-light skin tone | mountain | riding | sport
🚵🏽‍♂️	People & Body	man mountain biking: medium skin tone	
🚵🏽‍♂	People & Body	man mountain biking: medium skin tone	bicycle | bicyclist | bike | biking | cycle | cyclist | man | medium skin tone | mountain | riding | sport
🚵🏾‍♂️	People & Body	man mountain biking: medium-dark skin tone	
🚵🏾‍♂	People & Body	man mountain biking: medium-dark skin tone	bicycle | bicyclist | bike | biking | cycle | cyclist | man | medium-dark skin tone | mountain | riding | sport
🚵🏿‍♂️	People & Body	man mountain biking: dark skin tone	
🚵🏿‍♂	People & Body	man mountain biking: dark skin tone	bicycle | bicyclist | bike | biking | cycle | cyclist | dark skin tone | man | mountain | riding | sport
🚵‍♀️	People & Body	woman mountain biking	
🚵‍♀	People & Body	woman mountain biking	bicycle | bicyclist | bike | biking | cycle | cyclist | mountain | riding | sport | woman
🚵🏻‍♀️	People & Body	woman mountain biking: light skin tone	
🚵🏻‍♀	People & Body	woman mountain biking: light skin tone	bicycle | bicyclist | bike | biking | cycle | cyclist | light skin tone | mountain | riding | sport | woman
🚵🏼‍♀️	People & Body	woman mountain biking: medium-light skin tone	
🚵🏼‍♀	People & Body	woman mountain biking: medium-light skin tone	bicycle | bicyclist | bike | biking | cycle | cyclist | medium-light skin tone | mountain | riding | sport | woman
🚵🏽‍♀️	People & Body	woman mountain biking: medium skin tone	
🚵🏽‍♀	People & Body	woman mountain biking: medium skin tone	bicycle | bicyclist | bike | biking | cycle | cyclist | medium skin tone | mountain | riding | sport | woman
🚵🏾‍♀️	People & Body	woman mountain biking: medium-dark skin tone	
🚵🏾‍♀	People & Body	woman mountain biking: medium-dark skin tone	bicycle | bicyclist | bike | biking | cycle | cyclist | medium-dark skin tone | mountain | riding | sport | woman
🚵🏿‍♀️	People & Body	woman mountain biking: dark skin tone	
🚵🏿‍♀	People & Body	woman mountain biking: dark skin tone	bicycle | bicyclist | bike | biking | cycle | cyclist | dark skin tone | mountain | riding | sport | woman
🤸	People & Body	person cartwheeling	active | cartwheel | cartwheeling | excited | flip | gymnastics | happy | person | somersault
🤸🏻	People & Body	person cartwheeling: light skin tone	active | cartwheel | cartwheeling | excited | flip | gymnastics | happy | light skin tone | person | somersault
🤸🏼	People & Body	person cartwheeling: medium-light skin tone	active | cartwheel | cartwheeling | excited | flip | gymnastics | happy | medium-light skin tone | person | somersault
🤸🏽	People & Body	person cartwheeling: medium skin tone	active | cartwheel | cartwheeling | excited | flip | gymnastics | happy | medium skin tone | person | somersault
🤸🏾	People & Body	person cartwheeling: medium-dark skin tone	active | cartwheel | cartwheeling | excited | flip | gymnastics | happy | medium-dark skin tone | person | somersault
🤸🏿	People & Body	person cartwheeling: dark skin tone	active | cartwheel | cartwheeling | dark skin tone | excited | flip | gymnastics | happy | person | somersault
🤸‍♂️	People & Body	man cartwheeling	
🤸‍♂	People & Body	man cartwheeling	active | cartwheel | cartwheeling | excited | flip | gymnastics | happy | man | somersault
🤸🏻‍♂️	People & Body	man cartwheeling: light skin tone	
🤸🏻‍♂	People & Body	man cartwheeling: light skin tone	active | cartwheel | cartwheeling | excited | flip | gymnastics | happy | light skin tone | man | somersault
🤸🏼‍♂️	People & Body	man cartwheeling: medium-light skin tone	
🤸🏼‍♂	People & Body	man cartwheeling: medium-light skin tone	active | cartwheel | cartwheeling | excited | flip | gymnastics | happy | man | medium-light skin tone | somersault
🤸🏽‍♂️	People & Body	man cartwheeling: medium skin tone	
🤸🏽‍♂	People & Body	man cartwheeling: medium skin tone	active | cartwheel | cartwheeling | excited | flip | gymnastics | happy | man | medium skin tone | somersault
🤸🏾‍♂️	People & Body	man cartwheeling: medium-dark skin tone	
🤸🏾‍♂	People & Body	man cartwheeling: medium-dark skin tone	active | cartwheel | cartwheeling | excited | flip | gymnastics | happy | man | medium-dark skin tone | somersault
🤸🏿‍♂️	People & Body	man cartwheeling: dark skin tone	
🤸🏿‍♂	People & Body	man cartwheeling: dark skin tone	active | cartwheel | cartwheeling | dark skin tone | excited | flip | gymnastics | happy | man | somersault
🤸‍♀️	People & Body	woman cartwheeling	
🤸‍♀	People & Body	woman cartwheeling	active | cartwheel | cartwheeling | excited | flip | gymnastics | happy | somersault | woman
🤸🏻‍♀️	People & Body	woman cartwheeling: light skin tone	
🤸🏻‍♀	People & Body	woman cartwheeling: light skin tone	active | cartwheel | cartwheeling | excited | flip | gymnastics | happy | light skin tone | somersault | woman
🤸🏼‍♀️	People & Body	woman cartwheeling: medium-light skin tone	
🤸🏼‍♀	People & Body	woman cartwheeling: medium-light skin tone	active | cartwheel | cartwheeling | excited | flip | gymnastics | happy | medium-light skin tone | somersault | woman
🤸🏽‍♀️	People & Body	woman cartwheeling: medium skin tone	
🤸🏽‍♀	People & Body	woman cartwheeling: medium skin tone	active | cartwheel | cartwheeling | excited | flip | gymnastics | happy | medium skin tone | somersault | woman
🤸🏾‍♀️	People & Body	woman cartwheeling: medium-dark skin tone	
🤸🏾‍♀	People & Body	woman cartwheeling: medium-dark skin tone	active | cartwheel | cartwheeling | excited | flip | gymnastics | happy | medium-dark skin tone | somersault | woman
🤸🏿‍♀️	People & Body	woman cartwheeling: dark skin tone	
🤸🏿‍♀	People & Body	woman cartwheeling: dark skin tone	active | cartwheel | cartwheeling | dark skin tone | excited | flip | gymnastics | happy | somersault | woman
🤼	People & Body	people wrestling	combat | duel | grapple | people | ring | tournament | wrestle | wrestling
🤼‍♂️	People & Body	men wrestling	
🤼‍♂	People & Body	men wrestling	combat | duel | grapple | men | ring | tournament | wrestle | wrestling
🤼‍♀️	People & Body	women wrestling	
🤼‍♀	People & Body	women wrestling	combat | duel | grapple | ring | tournament | women | wrestle | wrestling
🤽	People & Body	person playing water polo	person | playing | polo | sport | swimming | water | waterpolo
🤽🏻	People & Body	person playing water polo: light skin tone	light skin tone | person | playing | polo | sport | swimming | water | waterpolo
🤽🏼	People & Body	person playing water polo: medium-light skin tone	medium-light skin tone | person | playing | polo | sport | swimming | water | waterpolo
🤽🏽	People & Body	person playing water polo: medium skin tone	medium skin tone | person | playing | polo | sport | swimming | water | waterpolo
🤽🏾	People & Body	person playing water polo: medium-dark skin tone	medium-dark skin tone | person | playing | polo | sport | swimming | water | waterpolo
🤽🏿	People & Body	person playing water polo: dark skin tone	dark skin tone | person | playing | polo | sport | swimming | water | waterpolo
🤽‍♂️	People & Body	man playing water polo	
🤽‍♂	People & Body	man playing water polo	man | playing | polo | sport | swimming | water | waterpolo
🤽🏻‍♂️	People & Body	man playing water polo: light skin tone	
🤽🏻‍♂	People & Body	man playing water polo: light skin tone	light skin tone | man | playing | polo | sport | swimming | water | waterpolo
🤽🏼‍♂️	People & Body	man playing water polo: medium-light skin tone	
🤽🏼‍♂	People & Body	man playing water polo: medium-light skin tone	man | medium-light skin tone | playing | polo | sport | swimming | water | waterpolo
🤽🏽‍♂️	People & Body	man playing water polo: medium skin tone	
🤽🏽‍♂	People & Body	man playing water polo: medium skin tone	man | medium skin tone | playing | polo | sport | swimming | water | waterpolo
🤽🏾‍♂️	People & Body	man playing water polo: medium-dark skin tone	
🤽🏾‍♂	People & Body	man playing water polo: medium-dark skin tone	man | medium-dark skin tone | playing | polo | sport | swimming | water | waterpolo
🤽🏿‍♂️	People & Body	man playing water polo: dark skin tone	
🤽🏿‍♂	People & Body	man playing water polo: dark skin tone	dark skin tone | man | playing | polo | sport | swimming | water | waterpolo
🤽‍♀️	People & Body	woman playing water polo	
🤽‍♀	People & Body	woman playing water polo	playing | polo | sport | swimming | water | waterpolo | woman
🤽🏻‍♀️	People & Body	woman playing water polo: light skin tone	
🤽🏻‍♀	People & Body	woman playing water polo: light skin tone	light skin tone | playing | polo | sport | swimming | water | waterpolo | woman
🤽🏼‍♀️	People & Body	woman playing water polo: medium-light skin tone	
🤽🏼‍♀	People & Body	woman playing water polo: medium-light skin tone	medium-light skin tone | playing | polo | sport | swimming | water | waterpolo | woman
🤽🏽‍♀️	People & Body	woman playing water polo: medium skin tone	
🤽🏽‍♀	People & Body	woman playing water polo: medium skin tone	medium skin tone | playing | polo | sport | swimming | water | waterpolo | woman
🤽🏾‍♀️	People & Body	woman playing water polo: medium-dark skin tone	
🤽🏾‍♀	People & Body	woman playing water polo: medium-dark skin tone	medium-dark skin tone | playing | polo | sport | swimming | water | waterpolo | woman
🤽🏿‍♀️	People & Body	woman playing water polo: dark skin tone	
🤽🏿‍♀	People & Body	woman playing water polo: dark skin tone	dark skin tone | playing | polo | sport | swimming | water | waterpolo | woman
🤾	People & Body	person playing handball	athletics | ball | catch | chuck | handball | hurl | lob | person | pitch | playing | sport | throw | toss
🤾🏻	People & Body	person playing handball: light skin tone	athletics | ball | catch | chuck | handball | hurl | light skin tone | lob | person | pitch | playing | sport | throw | toss
🤾🏼	People & Body	person playing handball: medium-light skin tone	athletics | ball | catch | chuck | handball | hurl | lob | medium-light skin tone | person | pitch | playing | sport | throw | toss
🤾🏽	People & Body	person playing handball: medium skin tone	athletics | ball | catch | chuck | handball | hurl | lob | medium skin tone | person | pitch | playing | sport | throw | toss
🤾🏾	People & Body	person playing handball: medium-dark skin tone	athletics | ball | catch | chuck | handball | hurl | lob | medium-dark skin tone | person | pitch | playing | sport | throw | toss
🤾🏿	People & Body	person playing handball: dark skin tone	athletics | ball | catch | chuck | dark skin tone | handball | hurl | lob | person | pitch | playing | sport | throw | toss
🤾‍♂️	People & Body	man playing handball	
🤾‍♂	People & Body	man playing handball	athletics | ball | catch | chuck | handball | hurl | lob | man | pitch | playing | sport | throw | toss
🤾🏻‍♂️	People & Body	man playing handball: light skin tone	
🤾🏻‍♂	People & Body	man playing handball: light skin tone	athletics | ball | catch | chuck | handball | hurl | light skin tone | lob | man | pitch | playing | sport | throw | toss
🤾🏼‍♂️	People & Body	man playing handball: medium-light skin tone	
🤾🏼‍♂	People & Body	man playing handball: medium-light skin tone	athletics | ball | catch | chuck | handball | hurl | lob | man | medium-light skin tone | pitch | playing | sport | throw | toss
🤾🏽‍♂️	People & Body	man playing handball: medium skin tone	
🤾🏽‍♂	People & Body	man playing handball: medium skin tone	athletics | ball | catch | chuck | handball | hurl | lob | man | medium skin tone | pitch | playing | sport | throw | toss
🤾🏾‍♂️	People & Body	man playing handball: medium-dark skin tone	
🤾🏾‍♂	People & Body	man playing handball: medium-dark skin tone	athletics | ball | catch | chuck | handball | hurl | lob | man | medium-dark skin tone | pitch | playing | sport | throw | toss
🤾🏿‍♂️	People & Body	man playing handball: dark skin tone	
🤾🏿‍♂	People & Body	man playing handball: dark skin tone	athletics | ball | catch | chuck | dark skin tone | handball | hurl | lob | man | pitch | playing | sport | throw | toss
🤾‍♀️	People & Body	woman playing handball	
🤾‍♀	People & Body	woman playing handball	athletics | ball | catch | chuck | handball | hurl | lob | pitch | playing | sport | throw | toss | woman
🤾🏻‍♀️	People & Body	woman playing handball: light skin tone	
🤾🏻‍♀	People & Body	woman playing handball: light skin tone	athletics | ball | catch | chuck | handball | hurl | light skin tone | lob | pitch | playing | sport | throw | toss | woman
🤾🏼‍♀️	People & Body	woman playing handball: medium-light skin tone	
🤾🏼‍♀	People & Body	woman playing handball: medium-light skin tone	athletics | ball | catch | chuck | handball | hurl | lob | medium-light skin tone | pitch | playing | sport | throw | toss | woman
🤾🏽‍♀️	People & Body	woman playing handball: medium skin tone	
🤾🏽‍♀	People & Body	woman playing handball: medium skin tone	athletics | ball | catch | chuck | handball | hurl | lob | medium skin tone | pitch | playing | sport | throw | toss | woman
🤾🏾‍♀️	People & Body	woman playing handball: medium-dark skin tone	
🤾🏾‍♀	People & Body	woman playing handball: medium-dark skin tone	athletics | ball | catch | chuck | handball | hurl | lob | medium-dark skin tone | pitch | playing | sport | throw | toss | woman
🤾🏿‍♀️	People & Body	woman playing handball: dark skin tone	
🤾🏿‍♀	People & Body	woman playing handball: dark skin tone	athletics | ball | catch | chuck | dark skin tone | handball | hurl | lob | pitch | playing | sport | throw | toss | woman
🤹	People & Body	person juggling	act | balance | balancing | handle | juggle | juggling | manage | multitask | person | skill | multi-task | person juggling
🤹🏻	People & Body	person juggling: light skin tone	act | balance | balancing | handle | juggle | juggling | light skin tone | manage | multitask | person | skill | multi-task | person juggling
🤹🏼	People & Body	person juggling: medium-light skin tone	act | balance | balancing | handle | juggle | juggling | manage | medium-light skin tone | multitask | person | skill | multi-task | person juggling
🤹🏽	People & Body	person juggling: medium skin tone	act | balance | balancing | handle | juggle | juggling | manage | medium skin tone | multitask | person | skill | multi-task | person juggling
🤹🏾	People & Body	person juggling: medium-dark skin tone	act | balance | balancing | handle | juggle | juggling | manage | medium-dark skin tone | multitask | person | skill | multi-task | person juggling
🤹🏿	People & Body	person juggling: dark skin tone	act | balance | balancing | dark skin tone | handle | juggle | juggling | manage | multitask | person | skill | multi-task | person juggling
🤹‍♂️	People & Body	man juggling	
🤹‍♂	People & Body	man juggling	act | balance | balancing | handle | juggle | juggling | man | manage | multitask | skill | multi-task
🤹🏻‍♂️	People & Body	man juggling: light skin tone	
🤹🏻‍♂	People & Body	man juggling: light skin tone	act | balance | balancing | handle | juggle | juggling | light skin tone | man | manage | multitask | skill | multi-task
🤹🏼‍♂️	People & Body	man juggling: medium-light skin tone	
🤹🏼‍♂	People & Body	man juggling: medium-light skin tone	act | balance | balancing | handle | juggle | juggling | man | manage | medium-light skin tone | multitask | skill | multi-task
🤹🏽‍♂️	People & Body	man juggling: medium skin tone	
🤹🏽‍♂	People & Body	man juggling: medium skin tone	act | balance | balancing | handle | juggle | juggling | man | manage | medium skin tone | multitask | skill | multi-task
🤹🏾‍♂️	People & Body	man juggling: medium-dark skin tone	
🤹🏾‍♂	People & Body	man juggling: medium-dark skin tone	act | balance | balancing | handle | juggle | juggling | man | manage | medium-dark skin tone | multitask | skill | multi-task
🤹🏿‍♂️	People & Body	man juggling: dark skin tone	
🤹🏿‍♂	People & Body	man juggling: dark skin tone	act | balance | balancing | dark skin tone | handle | juggle | juggling | man | manage | multitask | skill | multi-task
🤹‍♀️	People & Body	woman juggling	
🤹‍♀	People & Body	woman juggling	act | balance | balancing | handle | juggle | juggling | manage | multitask | skill | woman | multi-task
🤹🏻‍♀️	People & Body	woman juggling: light skin tone	
🤹🏻‍♀	People & Body	woman juggling: light skin tone	act | balance | balancing | handle | juggle | juggling | light skin tone | manage | multitask | skill | woman | multi-task
🤹🏼‍♀️	People & Body	woman juggling: medium-light skin tone	
🤹🏼‍♀	People & Body	woman juggling: medium-light skin tone	act | balance | balancing | handle | juggle | juggling | manage | medium-light skin tone | multitask | skill | woman | multi-task
🤹🏽‍♀️	People & Body	woman juggling: medium skin tone	
🤹🏽‍♀	People & Body	woman juggling: medium skin tone	act | balance | balancing | handle | juggle | juggling | manage | medium skin tone | multitask | skill | woman | multi-task
🤹🏾‍♀️	People & Body	woman juggling: medium-dark skin tone	
🤹🏾‍♀	People & Body	woman juggling: medium-dark skin tone	act | balance | balancing | handle | juggle | juggling | manage | medium-dark skin tone | multitask | skill | woman | multi-task
🤹🏿‍♀️	People & Body	woman juggling: dark skin tone	
🤹🏿‍♀	People & Body	woman juggling: dark skin tone	act | balance | balancing | dark skin tone | handle | juggle | juggling | manage | multitask | skill | woman | multi-task
🧘	People & Body	person in lotus position	cross | legged | legs | lotus | meditation | peace | person | position | relax | serenity | yoga | yogi | zen
🧘🏻	People & Body	person in lotus position: light skin tone	cross | legged | legs | light skin tone | lotus | meditation | peace | person | position | relax | serenity | yoga | yogi | zen
🧘🏼	People & Body	person in lotus position: medium-light skin tone	cross | legged | legs | lotus | meditation | medium-light skin tone | peace | person | position | relax | serenity | yoga | yogi | zen
🧘🏽	People & Body	person in lotus position: medium skin tone	cross | legged | legs | lotus | meditation | medium skin tone | peace | person | position | relax | serenity | yoga | yogi | zen
🧘🏾	People & Body	person in lotus position: medium-dark skin tone	cross | legged | legs | lotus | meditation | medium-dark skin tone | peace | person | position | relax | serenity | yoga | yogi | zen
🧘🏿	People & Body	person in lotus position: dark skin tone	cross | dark skin tone | legged | legs | lotus | meditation | peace | person | position | relax | serenity | yoga | yogi | zen
🧘‍♂️	People & Body	man in lotus position	
🧘‍♂	People & Body	man in lotus position	cross | legged | legs | lotus | man | meditation | peace | position | relax | serenity | yoga | yogi | zen
🧘🏻‍♂️	People & Body	man in lotus position: light skin tone	
🧘🏻‍♂	People & Body	man in lotus position: light skin tone	cross | legged | legs | light skin tone | lotus | man | meditation | peace | position | relax | serenity | yoga | yogi | zen
🧘🏼‍♂️	People & Body	man in lotus position: medium-light skin tone	
🧘🏼‍♂	People & Body	man in lotus position: medium-light skin tone	cross | legged | legs | lotus | man | meditation | medium-light skin tone | peace | position | relax | serenity | yoga | yogi | zen
🧘🏽‍♂️	People & Body	man in lotus position: medium skin tone	
🧘🏽‍♂	People & Body	man in lotus position: medium skin tone	cross | legged | legs | lotus | man | meditation | medium skin tone | peace | position | relax | serenity | yoga | yogi | zen
🧘🏾‍♂️	People & Body	man in lotus position: medium-dark skin tone	
🧘🏾‍♂	People & Body	man in lotus position: medium-dark skin tone	cross | legged | legs | lotus | man | meditation | medium-dark skin tone | peace | position | relax | serenity | yoga | yogi | zen
🧘🏿‍♂️	People & Body	man in lotus position: dark skin tone	
🧘🏿‍♂	People & Body	man in lotus position: dark skin tone	cross | dark skin tone | legged | legs | lotus | man | meditation | peace | position | relax | serenity | yoga | yogi | zen
🧘‍♀️	People & Body	woman in lotus position	
🧘‍♀	People & Body	woman in lotus position	cross | legged | legs | lotus | meditation | peace | position | relax | serenity | woman | yoga | yogi | zen
🧘🏻‍♀️	People & Body	woman in lotus position: light skin tone	
🧘🏻‍♀	People & Body	woman in lotus position: light skin tone	cross | legged | legs | light skin tone | lotus | meditation | peace | position | relax | serenity | woman | yoga | yogi | zen
🧘🏼‍♀️	People & Body	woman in lotus position: medium-light skin tone	
🧘🏼‍♀	People & Body	woman in lotus position: medium-light skin tone	cross | legged | legs | lotus | meditation | medium-light skin tone | peace | position | relax | serenity | woman | yoga | yogi | zen
🧘🏽‍♀️	People & Body	woman in lotus position: medium skin tone	
🧘🏽‍♀	People & Body	woman in lotus position: medium skin tone	cross | legged | legs | lotus | meditation | medium skin tone | peace | position | relax | serenity | woman | yoga | yogi | zen
🧘🏾‍♀️	People & Body	woman in lotus position: medium-dark skin tone	
🧘🏾‍♀	People & Body	woman in lotus position: medium-dark skin tone	cross | legged | legs | lotus | meditation | medium-dark skin tone | peace | position | relax | serenity | woman | yoga | yogi | zen
🧘🏿‍♀️	People & Body	woman in lotus position: dark skin tone	
🧘🏿‍♀	People & Body	woman in lotus position: dark skin tone	cross | dark skin tone | legged | legs | lotus | meditation | peace | position | relax | serenity | woman | yoga | yogi | zen
🛀	People & Body	person taking bath	bath | bathtub | person | taking | tub | person taking bath
🛀🏻	People & Body	person taking bath: light skin tone	bath | bathtub | light skin tone | person | taking | tub | person taking bath
🛀🏼	People & Body	person taking bath: medium-light skin tone	bath | bathtub | medium-light skin tone | person | taking | tub | person taking bath
🛀🏽	People & Body	person taking bath: medium skin tone	bath | bathtub | medium skin tone | person | taking | tub | person taking bath
🛀🏾	People & Body	person taking bath: medium-dark skin tone	bath | bathtub | medium-dark skin tone | person | taking | tub | person taking bath
🛀🏿	People & Body	person taking bath: dark skin tone	bath | bathtub | dark skin tone | person | taking | tub | person taking bath
🛌	People & Body	person in bed	bed | bedtime | good | goodnight | hotel | nap | night | person | sleep | tired | zzz | person in bed | sleeping
🛌🏻	People & Body	person in bed: light skin tone	bed | bedtime | good | goodnight | hotel | light skin tone | nap | night | person | sleep | tired | zzz | person in bed | sleeping
🛌🏼	People & Body	person in bed: medium-light skin tone	bed | bedtime | good | goodnight | hotel | medium-light skin tone | nap | night | person | sleep | tired | zzz | person in bed | sleeping
🛌🏽	People & Body	person in bed: medium skin tone	bed | bedtime | good | goodnight | hotel | medium skin tone | nap | night | person | sleep | tired | zzz | person in bed | sleeping
🛌🏾	People & Body	person in bed: medium-dark skin tone	bed | bedtime | good | goodnight | hotel | medium-dark skin tone | nap | night | person | sleep | tired | zzz | person in bed | sleeping
🛌🏿	People & Body	person in bed: dark skin tone	bed | bedtime | dark skin tone | good | goodnight | hotel | nap | night | person | sleep | tired | zzz | person in bed | sleeping
🧑‍🤝‍🧑	People & Body	people holding hands	bae | bestie | bff | couple | dating | flirt | friends | hand | hold | people | twins
🧑🏻‍🤝‍🧑🏻	People & Body	people holding hands: light skin tone	bae | bestie | bff | couple | dating | flirt | friends | hand | hold | light skin tone | people | twins
🧑🏻‍🤝‍🧑🏼	People & Body	people holding hands: light skin tone, medium-light skin tone	bae | bestie | bff | couple | dating | flirt | friends | hand | hold | light skin tone | medium-light skin tone | people | twins
🧑🏻‍🤝‍🧑🏽	People & Body	people holding hands: light skin tone, medium skin tone	bae | bestie | bff | couple | dating | flirt | friends | hand | hold | light skin tone | medium skin tone | people | twins
🧑🏻‍🤝‍🧑🏾	People & Body	people holding hands: light skin tone, medium-dark skin tone	bae | bestie | bff | couple | dating | flirt | friends | hand | hold | light skin tone | medium-dark skin tone | people | twins
🧑🏻‍🤝‍🧑🏿	People & Body	people holding hands: light skin tone, dark skin tone	bae | bestie | bff | couple | dark skin tone | dating | flirt | friends | hand | hold | light skin tone | people | twins
🧑🏼‍🤝‍🧑🏻	People & Body	people holding hands: medium-light skin tone, light skin tone	bae | bestie | bff | couple | dating | flirt | friends | hand | hold | light skin tone | medium-light skin tone | people | twins
🧑🏼‍🤝‍🧑🏼	People & Body	people holding hands: medium-light skin tone	bae | bestie | bff | couple | dating | flirt | friends | hand | hold | medium-light skin tone | people | twins
🧑🏼‍🤝‍🧑🏽	People & Body	people holding hands: medium-light skin tone, medium skin tone	bae | bestie | bff | couple | dating | flirt | friends | hand | hold | medium skin tone | medium-light skin tone | people | twins
🧑🏼‍🤝‍🧑🏾	People & Body	people holding hands: medium-light skin tone, medium-dark skin tone	bae | bestie | bff | couple | dating | flirt | friends | hand | hold | medium-dark skin tone | medium-light skin tone | people | twins
🧑🏼‍🤝‍🧑🏿	People & Body	people holding hands: medium-light skin tone, dark skin tone	bae | bestie | bff | couple | dark skin tone | dating | flirt | friends | hand | hold | medium-light skin tone | people | twins
🧑🏽‍🤝‍🧑🏻	People & Body	people holding hands: medium skin tone, light skin tone	bae | bestie | bff | couple | dating | flirt | friends | hand | hold | light skin tone | medium skin tone | people | twins
🧑🏽‍🤝‍🧑🏼	People & Body	people holding hands: medium skin tone, medium-light skin tone	bae | bestie | bff | couple | dating | flirt | friends | hand | hold | medium skin tone | medium-light skin tone | people | twins
🧑🏽‍🤝‍🧑🏽	People & Body	people holding hands: medium skin tone	bae | bestie | bff | couple | dating | flirt | friends | hand | hold | medium skin tone | people | twins
🧑🏽‍🤝‍🧑🏾	People & Body	people holding hands: medium skin tone, medium-dark skin tone	bae | bestie | bff | couple | dating | flirt | friends | hand | hold | medium skin tone | medium-dark skin tone | people | twins
🧑🏽‍🤝‍🧑🏿	People & Body	people holding hands: medium skin tone, dark skin tone	bae | bestie | bff | couple | dark skin tone | dating | flirt | friends | hand | hold | medium skin tone | people | twins
🧑🏾‍🤝‍🧑🏻	People & Body	people holding hands: medium-dark skin tone, light skin tone	bae | bestie | bff | couple | dating | flirt | friends | hand | hold | light skin tone | medium-dark skin tone | people | twins
🧑🏾‍🤝‍🧑🏼	People & Body	people holding hands: medium-dark skin tone, medium-light skin tone	bae | bestie | bff | couple | dating | flirt | friends | hand | hold | medium-dark skin tone | medium-light skin tone | people | twins
🧑🏾‍🤝‍🧑🏽	People & Body	people holding hands: medium-dark skin tone, medium skin tone	bae | bestie | bff | couple | dating | flirt | friends | hand | hold | medium skin tone | medium-dark skin tone | people | twins
🧑🏾‍🤝‍🧑🏾	People & Body	people holding hands: medium-dark skin tone	bae | bestie | bff | couple | dating | flirt | friends | hand | hold | medium-dark skin tone | people | twins
🧑🏾‍🤝‍🧑🏿	People & Body	people holding hands: medium-dark skin tone, dark skin tone	bae | bestie | bff | couple | dark skin tone | dating | flirt | friends | hand | hold | medium-dark skin tone | people | twins
🧑🏿‍🤝‍🧑🏻	People & Body	people holding hands: dark skin tone, light skin tone	bae | bestie | bff | couple | dark skin tone | dating | flirt | friends | hand | hold | light skin tone | people | twins
🧑🏿‍🤝‍🧑🏼	People & Body	people holding hands: dark skin tone, medium-light skin tone	bae | bestie | bff | couple | dark skin tone | dating | flirt | friends | hand | hold | medium-light skin tone | people | twins
🧑🏿‍🤝‍🧑🏽	People & Body	people holding hands: dark skin tone, medium skin tone	bae | bestie | bff | couple | dark skin tone | dating | flirt | friends | hand | hold | medium skin tone | people | twins
🧑🏿‍🤝‍🧑🏾	People & Body	people holding hands: dark skin tone, medium-dark skin tone	bae | bestie | bff | couple | dark skin tone | dating | flirt | friends | hand | hold | medium-dark skin tone | people | twins
🧑🏿‍🤝‍🧑🏿	People & Body	people holding hands: dark skin tone	bae | bestie | bff | couple | dark skin tone | dating | flirt | friends | hand | hold | people | twins
👭	People & Body	women holding hands	bae | bestie | bff | couple | dating | flirt | friends | girls | hand | hold | sisters | twins | women
👭🏻	People & Body	women holding hands: light skin tone	bae | bestie | bff | couple | dating | flirt | friends | girls | hand | hold | light skin tone | sisters | twins | women
👩🏻‍🤝‍👩🏼	People & Body	women holding hands: light skin tone, medium-light skin tone	bae | bestie | bff | couple | dating | flirt | friends | girls | hand | hold | light skin tone | medium-light skin tone | sisters | twins | women
👩🏻‍🤝‍👩🏽	People & Body	women holding hands: light skin tone, medium skin tone	bae | bestie | bff | couple | dating | flirt | friends | girls | hand | hold | light skin tone | medium skin tone | sisters | twins | women
👩🏻‍🤝‍👩🏾	People & Body	women holding hands: light skin tone, medium-dark skin tone	bae | bestie | bff | couple | dating | flirt | friends | girls | hand | hold | light skin tone | medium-dark skin tone | sisters | twins | women
👩🏻‍🤝‍👩🏿	People & Body	women holding hands: light skin tone, dark skin tone	bae | bestie | bff | couple | dark skin tone | dating | flirt | friends | girls | hand | hold | light skin tone | sisters | twins | women
👩🏼‍🤝‍👩🏻	People & Body	women holding hands: medium-light skin tone, light skin tone	bae | bestie | bff | couple | dating | flirt | friends | girls | hand | hold | light skin tone | medium-light skin tone | sisters | twins | women
👭🏼	People & Body	women holding hands: medium-light skin tone	bae | bestie | bff | couple | dating | flirt | friends | girls | hand | hold | medium-light skin tone | sisters | twins | women
👩🏼‍🤝‍👩🏽	People & Body	women holding hands: medium-light skin tone, medium skin tone	bae | bestie | bff | couple | dating | flirt | friends | girls | hand | hold | medium skin tone | medium-light skin tone | sisters | twins | women
👩🏼‍🤝‍👩🏾	People & Body	women holding hands: medium-light skin tone, medium-dark skin tone	bae | bestie | bff | couple | dating | flirt | friends | girls | hand | hold | medium-dark skin tone | medium-light skin tone | sisters | twins | women
👩🏼‍🤝‍👩🏿	People & Body	women holding hands: medium-light skin tone, dark skin tone	bae | bestie | bff | couple | dark skin tone | dating | flirt | friends | girls | hand | hold | medium-light skin tone | sisters | twins | women
👩🏽‍🤝‍👩🏻	People & Body	women holding hands: medium skin tone, light skin tone	bae | bestie | bff | couple | dating | flirt | friends | girls | hand | hold | light skin tone | medium skin tone | sisters | twins | women
👩🏽‍🤝‍👩🏼	People & Body	women holding hands: medium skin tone, medium-light skin tone	bae | bestie | bff | couple | dating | flirt | friends | girls | hand | hold | medium skin tone | medium-light skin tone | sisters | twins | women
👭🏽	People & Body	women holding hands: medium skin tone	bae | bestie | bff | couple | dating | flirt | friends | girls | hand | hold | medium skin tone | sisters | twins | women
👩🏽‍🤝‍👩🏾	People & Body	women holding hands: medium skin tone, medium-dark skin tone	bae | bestie | bff | couple | dating | flirt | friends | girls | hand | hold | medium skin tone | medium-dark skin tone | sisters | twins | women
👩🏽‍🤝‍👩🏿	People & Body	women holding hands: medium skin tone, dark skin tone	bae | bestie | bff | couple | dark skin tone | dating | flirt | friends | girls | hand | hold | medium skin tone | sisters | twins | women
👩🏾‍🤝‍👩🏻	People & Body	women holding hands: medium-dark skin tone, light skin tone	bae | bestie | bff | couple | dating | flirt | friends | girls | hand | hold | light skin tone | medium-dark skin tone | sisters | twins | women
👩🏾‍🤝‍👩🏼	People & Body	women holding hands: medium-dark skin tone, medium-light skin tone	bae | bestie | bff | couple | dating | flirt | friends | girls | hand | hold | medium-dark skin tone | medium-light skin tone | sisters | twins | women
👩🏾‍🤝‍👩🏽	People & Body	women holding hands: medium-dark skin tone, medium skin tone	bae | bestie | bff | couple | dating | flirt | friends | girls | hand | hold | medium skin tone | medium-dark skin tone | sisters | twins | women
👭🏾	People & Body	women holding hands: medium-dark skin tone	bae | bestie | bff | couple | dating | flirt | friends | girls | hand | hold | medium-dark skin tone | sisters | twins | women
👩🏾‍🤝‍👩🏿	People & Body	women holding hands: medium-dark skin tone, dark skin tone	bae | bestie | bff | couple | dark skin tone | dating | flirt | friends | girls | hand | hold | medium-dark skin tone | sisters | twins | women
👩🏿‍🤝‍👩🏻	People & Body	women holding hands: dark skin tone, light skin tone	bae | bestie | bff | couple | dark skin tone | dating | flirt | friends | girls | hand | hold | light skin tone | sisters | twins | women
👩🏿‍🤝‍👩🏼	People & Body	women holding hands: dark skin tone, medium-light skin tone	bae | bestie | bff | couple | dark skin tone | dating | flirt | friends | girls | hand | hold | medium-light skin tone | sisters | twins | women
👩🏿‍🤝‍👩🏽	People & Body	women holding hands: dark skin tone, medium skin tone	bae | bestie | bff | couple | dark skin tone | dating | flirt | friends | girls | hand | hold | medium skin tone | sisters | twins | women
👩🏿‍🤝‍👩🏾	People & Body	women holding hands: dark skin tone, medium-dark skin tone	bae | bestie | bff | couple | dark skin tone | dating | flirt | friends | girls | hand | hold | medium-dark skin tone | sisters | twins | women
👭🏿	People & Body	women holding hands: dark skin tone	bae | bestie | bff | couple | dark skin tone | dating | flirt | friends | girls | hand | hold | sisters | twins | women
👫	People & Body	woman and man holding hands	bae | bestie | bff | couple | dating | flirt | friends | hand | hold | man | twins | woman | man and woman holding hands | woman and man holding hands
👫🏻	People & Body	woman and man holding hands: light skin tone	bae | bestie | bff | couple | dating | flirt | friends | hand | hold | light skin tone | man | twins | woman | man and woman holding hands | woman and man holding hands
👩🏻‍🤝‍👨🏼	People & Body	woman and man holding hands: light skin tone, medium-light skin tone	bae | bestie | bff | couple | dating | flirt | friends | hand | hold | light skin tone | man | medium-light skin tone | twins | woman | man and woman holding hands | woman and man holding hands
👩🏻‍🤝‍👨🏽	People & Body	woman and man holding hands: light skin tone, medium skin tone	bae | bestie | bff | couple | dating | flirt | friends | hand | hold | light skin tone | man | medium skin tone | twins | woman | man and woman holding hands | woman and man holding hands
👩🏻‍🤝‍👨🏾	People & Body	woman and man holding hands: light skin tone, medium-dark skin tone	bae | bestie | bff | couple | dating | flirt | friends | hand | hold | light skin tone | man | medium-dark skin tone | twins | woman | man and woman holding hands | woman and man holding hands
👩🏻‍🤝‍👨🏿	People & Body	woman and man holding hands: light skin tone, dark skin tone	bae | bestie | bff | couple | dark skin tone | dating | flirt | friends | hand | hold | light skin tone | man | twins | woman | man and woman holding hands | woman and man holding hands
👩🏼‍🤝‍👨🏻	People & Body	woman and man holding hands: medium-light skin tone, light skin tone	bae | bestie | bff | couple | dating | flirt | friends | hand | hold | light skin tone | man | medium-light skin tone | twins | woman | man and woman holding hands | woman and man holding hands
👫🏼	People & Body	woman and man holding hands: medium-light skin tone	bae | bestie | bff | couple | dating | flirt | friends | hand | hold | man | medium-light skin tone | twins | woman | man and woman holding hands | woman and man holding hands
👩🏼‍🤝‍👨🏽	People & Body	woman and man holding hands: medium-light skin tone, medium skin tone	bae | bestie | bff | couple | dating | flirt | friends | hand | hold | man | medium skin tone | medium-light skin tone | twins | woman | man and woman holding hands | woman and man holding hands
👩🏼‍🤝‍👨🏾	People & Body	woman and man holding hands: medium-light skin tone, medium-dark skin tone	bae | bestie | bff | couple | dating | flirt | friends | hand | hold | man | medium-dark skin tone | medium-light skin tone | twins | woman | man and woman holding hands | woman and man holding hands
👩🏼‍🤝‍👨🏿	People & Body	woman and man holding hands: medium-light skin tone, dark skin tone	bae | bestie | bff | couple | dark skin tone | dating | flirt | friends | hand | hold | man | medium-light skin tone | twins | woman | man and woman holding hands | woman and man holding hands
👩🏽‍🤝‍👨🏻	People & Body	woman and man holding hands: medium skin tone, light skin tone	bae | bestie | bff | couple | dating | flirt | friends | hand | hold | light skin tone | man | medium skin tone | twins | woman | man and woman holding hands | woman and man holding hands
👩🏽‍🤝‍👨🏼	People & Body	woman and man holding hands: medium skin tone, medium-light skin tone	bae | bestie | bff | couple | dating | flirt | friends | hand | hold | man | medium skin tone | medium-light skin tone | twins | woman | man and woman holding hands | woman and man holding hands
👫🏽	People & Body	woman and man holding hands: medium skin tone	bae | bestie | bff | couple | dating | flirt | friends | hand | hold | man | medium skin tone | twins | woman | man and woman holding hands | woman and man holding hands
👩🏽‍🤝‍👨🏾	People & Body	woman and man holding hands: medium skin tone, medium-dark skin tone	bae | bestie | bff | couple | dating | flirt | friends | hand | hold | man | medium skin tone | medium-dark skin tone | twins | woman | man and woman holding hands | woman and man holding hands
👩🏽‍🤝‍👨🏿	People & Body	woman and man holding hands: medium skin tone, dark skin tone	bae | bestie | bff | couple | dark skin tone | dating | flirt | friends | hand | hold | man | medium skin tone | twins | woman | man and woman holding hands | woman and man holding hands
👩🏾‍🤝‍👨🏻	People & Body	woman and man holding hands: medium-dark skin tone, light skin tone	bae | bestie | bff | couple | dating | flirt | friends | hand | hold | light skin tone | man | medium-dark skin tone | twins | woman | man and woman holding hands | woman and man holding hands
👩🏾‍🤝‍👨🏼	People & Body	woman and man holding hands: medium-dark skin tone, medium-light skin tone	bae | bestie | bff | couple | dating | flirt | friends | hand | hold | man | medium-dark skin tone | medium-light skin tone | twins | woman | man and woman holding hands | woman and man holding hands
👩🏾‍🤝‍👨🏽	People & Body	woman and man holding hands: medium-dark skin tone, medium skin tone	bae | bestie | bff | couple | dating | flirt | friends | hand | hold | man | medium skin tone | medium-dark skin tone | twins | woman | man and woman holding hands | woman and man holding hands
👫🏾	People & Body	woman and man holding hands: medium-dark skin tone	bae | bestie | bff | couple | dating | flirt | friends | hand | hold | man | medium-dark skin tone | twins | woman | man and woman holding hands | woman and man holding hands
👩🏾‍🤝‍👨🏿	People & Body	woman and man holding hands: medium-dark skin tone, dark skin tone	bae | bestie | bff | couple | dark skin tone | dating | flirt | friends | hand | hold | man | medium-dark skin tone | twins | woman | man and woman holding hands | woman and man holding hands
👩🏿‍🤝‍👨🏻	People & Body	woman and man holding hands: dark skin tone, light skin tone	bae | bestie | bff | couple | dark skin tone | dating | flirt | friends | hand | hold | light skin tone | man | twins | woman | man and woman holding hands | woman and man holding hands
👩🏿‍🤝‍👨🏼	People & Body	woman and man holding hands: dark skin tone, medium-light skin tone	bae | bestie | bff | couple | dark skin tone | dating | flirt | friends | hand | hold | man | medium-light skin tone | twins | woman | man and woman holding hands | woman and man holding hands
👩🏿‍🤝‍👨🏽	People & Body	woman and man holding hands: dark skin tone, medium skin tone	bae | bestie | bff | couple | dark skin tone | dating | flirt | friends | hand | hold | man | medium skin tone | twins | woman | man and woman holding hands | woman and man holding hands
👩🏿‍🤝‍👨🏾	People & Body	woman and man holding hands: dark skin tone, medium-dark skin tone	bae | bestie | bff | couple | dark skin tone | dating | flirt | friends | hand | hold | man | medium-dark skin tone | twins | woman | man and woman holding hands | woman and man holding hands
👫🏿	People & Body	woman and man holding hands: dark skin tone	bae | bestie | bff | couple | dark skin tone | dating | flirt | friends | hand | hold | man | twins | woman | man and woman holding hands | woman and man holding hands
👬	People & Body	men holding hands	bae | bestie | bff | boys | brothers | couple | dating | flirt | friends | hand | hold | men | twins | gemini | holding hands | man | men holding hands | zodiac
👬🏻	People & Body	men holding hands: light skin tone	bae | bestie | bff | boys | brothers | couple | dating | flirt | friends | hand | hold | light skin tone | men | twins | gemini | holding hands | man | men holding hands | zodiac
👨🏻‍🤝‍👨🏼	People & Body	men holding hands: light skin tone, medium-light skin tone	bae | bestie | bff | boys | brothers | couple | dating | flirt | friends | hand | hold | light skin tone | medium-light skin tone | men | twins | gemini | holding hands | man | men holding hands | zodiac
👨🏻‍🤝‍👨🏽	People & Body	men holding hands: light skin tone, medium skin tone	bae | bestie | bff | boys | brothers | couple | dating | flirt | friends | hand | hold | light skin tone | medium skin tone | men | twins | gemini | holding hands | man | men holding hands | zodiac
👨🏻‍🤝‍👨🏾	People & Body	men holding hands: light skin tone, medium-dark skin tone	bae | bestie | bff | boys | brothers | couple | dating | flirt | friends | hand | hold | light skin tone | medium-dark skin tone | men | twins | gemini | holding hands | man | men holding hands | zodiac
👨🏻‍🤝‍👨🏿	People & Body	men holding hands: light skin tone, dark skin tone	bae | bestie | bff | boys | brothers | couple | dark skin tone | dating | flirt | friends | hand | hold | light skin tone | men | twins | gemini | holding hands | man | men holding hands | zodiac
👨🏼‍🤝‍👨🏻	People & Body	men holding hands: medium-light skin tone, light skin tone	bae | bestie | bff | boys | brothers | couple | dating | flirt | friends | hand | hold | light skin tone | medium-light skin tone | men | twins | gemini | holding hands | man | men holding hands | zodiac
👬🏼	People & Body	men holding hands: medium-light skin tone	bae | bestie | bff | boys | brothers | couple | dating | flirt | friends | hand | hold | medium-light skin tone | men | twins | gemini | holding hands | man | men holding hands | zodiac
👨🏼‍🤝‍👨🏽	People & Body	men holding hands: medium-light skin tone, medium skin tone	bae | bestie | bff | boys | brothers | couple | dating | flirt | friends | hand | hold | medium skin tone | medium-light skin tone | men | twins | gemini | holding hands | man | men holding hands | zodiac
👨🏼‍🤝‍👨🏾	People & Body	men holding hands: medium-light skin tone, medium-dark skin tone	bae | bestie | bff | boys | brothers | couple | dating | flirt | friends | hand | hold | medium-dark skin tone | medium-light skin tone | men | twins | gemini | holding hands | man | men holding hands | zodiac
👨🏼‍🤝‍👨🏿	People & Body	men holding hands: medium-light skin tone, dark skin tone	bae | bestie | bff | boys | brothers | couple | dark skin tone | dating | flirt | friends | hand | hold | medium-light skin tone | men | twins | gemini | holding hands | man | men holding hands | zodiac
👨🏽‍🤝‍👨🏻	People & Body	men holding hands: medium skin tone, light skin tone	bae | bestie | bff | boys | brothers | couple | dating | flirt | friends | hand | hold | light skin tone | medium skin tone | men | twins | gemini | holding hands | man | men holding hands | zodiac
👨🏽‍🤝‍👨🏼	People & Body	men holding hands: medium skin tone, medium-light skin tone	bae | bestie | bff | boys | brothers | couple | dating | flirt | friends | hand | hold | medium skin tone | medium-light skin tone | men | twins | gemini | holding hands | man | men holding hands | zodiac
👬🏽	People & Body	men holding hands: medium skin tone	bae | bestie | bff | boys | brothers | couple | dating | flirt | friends | hand | hold | medium skin tone | men | twins | gemini | holding hands | man | men holding hands | zodiac
👨🏽‍🤝‍👨🏾	People & Body	men holding hands: medium skin tone, medium-dark skin tone	bae | bestie | bff | boys | brothers | couple | dating | flirt | friends | hand | hold | medium skin tone | medium-dark skin tone | men | twins | gemini | holding hands | man | men holding hands | zodiac
👨🏽‍🤝‍👨🏿	People & Body	men holding hands: medium skin tone, dark skin tone	bae | bestie | bff | boys | brothers | couple | dark skin tone | dating | flirt | friends | hand | hold | medium skin tone | men | twins | gemini | holding hands | man | men holding hands | zodiac
👨🏾‍🤝‍👨🏻	People & Body	men holding hands: medium-dark skin tone, light skin tone	bae | bestie | bff | boys | brothers | couple | dating | flirt | friends | hand | hold | light skin tone | medium-dark skin tone | men | twins | gemini | holding hands | man | men holding hands | zodiac
👨🏾‍🤝‍👨🏼	People & Body	men holding hands: medium-dark skin tone, medium-light skin tone	bae | bestie | bff | boys | brothers | couple | dating | flirt | friends | hand | hold | medium-dark skin tone | medium-light skin tone | men | twins | gemini | holding hands | man | men holding hands | zodiac
👨🏾‍🤝‍👨🏽	People & Body	men holding hands: medium-dark skin tone, medium skin tone	bae | bestie | bff | boys | brothers | couple | dating | flirt | friends | hand | hold | medium skin tone | medium-dark skin tone | men | twins | gemini | holding hands | man | men holding hands | zodiac
👬🏾	People & Body	men holding hands: medium-dark skin tone	bae | bestie | bff | boys | brothers | couple | dating | flirt | friends | hand | hold | medium-dark skin tone | men | twins | gemini | holding hands | man | men holding hands | zodiac
👨🏾‍🤝‍👨🏿	People & Body	men holding hands: medium-dark skin tone, dark skin tone	bae | bestie | bff | boys | brothers | couple | dark skin tone | dating | flirt | friends | hand | hold | medium-dark skin tone | men | twins | gemini | holding hands | man | men holding hands | zodiac
👨🏿‍🤝‍👨🏻	People & Body	men holding hands: dark skin tone, light skin tone	bae | bestie | bff | boys | brothers | couple | dark skin tone | dating | flirt | friends | hand | hold | light skin tone | men | twins | gemini | holding hands | man | men holding hands | zodiac
👨🏿‍🤝‍👨🏼	People & Body	men holding hands: dark skin tone, medium-light skin tone	bae | bestie | bff | boys | brothers | couple | dark skin tone | dating | flirt | friends | hand | hold | medium-light skin tone | men | twins | gemini | holding hands | man | men holding hands | zodiac
👨🏿‍🤝‍👨🏽	People & Body	men holding hands: dark skin tone, medium skin tone	bae | bestie | bff | boys | brothers | couple | dark skin tone | dating | flirt | friends | hand | hold | medium skin tone | men | twins | gemini | holding hands | man | men holding hands | zodiac
👨🏿‍🤝‍👨🏾	People & Body	men holding hands: dark skin tone, medium-dark skin tone	bae | bestie | bff | boys | brothers | couple | dark skin tone | dating | flirt | friends | hand | hold | medium-dark skin tone | men | twins | gemini | holding hands | man | men holding hands | zodiac
👬🏿	People & Body	men holding hands: dark skin tone	bae | bestie | bff | boys | brothers | couple | dark skin tone | dating | flirt | friends | hand | hold | men | twins | gemini | holding hands | man | men holding hands | zodiac
💏	People & Body	kiss	anniversary | babe | bae | couple | date | dating | heart | kiss | love | mwah | person | romance | together | xoxo | muah
💏🏻	People & Body	kiss: light skin tone	anniversary | babe | bae | couple | date | dating | heart | kiss | light skin tone | love | mwah | person | romance | together | xoxo | muah
💏🏼	People & Body	kiss: medium-light skin tone	anniversary | babe | bae | couple | date | dating | heart | kiss | love | medium-light skin tone | mwah | person | romance | together | xoxo | muah
💏🏽	People & Body	kiss: medium skin tone	anniversary | babe | bae | couple | date | dating | heart | kiss | love | medium skin tone | mwah | person | romance | together | xoxo | muah
💏🏾	People & Body	kiss: medium-dark skin tone	anniversary | babe | bae | couple | date | dating | heart | kiss | love | medium-dark skin tone | mwah | person | romance | together | xoxo | muah
💏🏿	People & Body	kiss: dark skin tone	anniversary | babe | bae | couple | dark skin tone | date | dating | heart | kiss | love | mwah | person | romance | together | xoxo | muah
🧑🏻‍❤️‍💋‍🧑🏼	People & Body	kiss: person, person, light skin tone, medium-light skin tone	
🧑🏻‍❤‍💋‍🧑🏼	People & Body	kiss: person, person, light skin tone, medium-light skin tone	anniversary | babe | bae | couple | date | dating | heart | kiss | light skin tone | love | medium-light skin tone | mwah | person | romance | together | xoxo | muah
🧑🏻‍❤️‍💋‍🧑🏽	People & Body	kiss: person, person, light skin tone, medium skin tone	
🧑🏻‍❤‍💋‍🧑🏽	People & Body	kiss: person, person, light skin tone, medium skin tone	anniversary | babe | bae | couple | date | dating | heart | kiss | light skin tone | love | medium skin tone | mwah | person | romance | together | xoxo | muah
🧑🏻‍❤️‍💋‍🧑🏾	People & Body	kiss: person, person, light skin tone, medium-dark skin tone	
🧑🏻‍❤‍💋‍🧑🏾	People & Body	kiss: person, person, light skin tone, medium-dark skin tone	anniversary | babe | bae | couple | date | dating | heart | kiss | light skin tone | love | medium-dark skin tone | mwah | person | romance | together | xoxo | muah
🧑🏻‍❤️‍💋‍🧑🏿	People & Body	kiss: person, person, light skin tone, dark skin tone	
🧑🏻‍❤‍💋‍🧑🏿	People & Body	kiss: person, person, light skin tone, dark skin tone	anniversary | babe | bae | couple | dark skin tone | date | dating | heart | kiss | light skin tone | love | mwah | person | romance | together | xoxo | muah
🧑🏼‍❤️‍💋‍🧑🏻	People & Body	kiss: person, person, medium-light skin tone, light skin tone	
🧑🏼‍❤‍💋‍🧑🏻	People & Body	kiss: person, person, medium-light skin tone, light skin tone	anniversary | babe | bae | couple | date | dating | heart | kiss | light skin tone | love | medium-light skin tone | mwah | person | romance | together | xoxo | muah
🧑🏼‍❤️‍💋‍🧑🏽	People & Body	kiss: person, person, medium-light skin tone, medium skin tone	
🧑🏼‍❤‍💋‍🧑🏽	People & Body	kiss: person, person, medium-light skin tone, medium skin tone	anniversary | babe | bae | couple | date | dating | heart | kiss | love | medium skin tone | medium-light skin tone | mwah | person | romance | together | xoxo | muah
🧑🏼‍❤️‍💋‍🧑🏾	People & Body	kiss: person, person, medium-light skin tone, medium-dark skin tone	
🧑🏼‍❤‍💋‍🧑🏾	People & Body	kiss: person, person, medium-light skin tone, medium-dark skin tone	anniversary | babe | bae | couple | date | dating | heart | kiss | love | medium-dark skin tone | medium-light skin tone | mwah | person | romance | together | xoxo | muah
🧑🏼‍❤️‍💋‍🧑🏿	People & Body	kiss: person, person, medium-light skin tone, dark skin tone	
🧑🏼‍❤‍💋‍🧑🏿	People & Body	kiss: person, person, medium-light skin tone, dark skin tone	anniversary | babe | bae | couple | dark skin tone | date | dating | heart | kiss | love | medium-light skin tone | mwah | person | romance | together | xoxo | muah
🧑🏽‍❤️‍💋‍🧑🏻	People & Body	kiss: person, person, medium skin tone, light skin tone	
🧑🏽‍❤‍💋‍🧑🏻	People & Body	kiss: person, person, medium skin tone, light skin tone	anniversary | babe | bae | couple | date | dating | heart | kiss | light skin tone | love | medium skin tone | mwah | person | romance | together | xoxo | muah
🧑🏽‍❤️‍💋‍🧑🏼	People & Body	kiss: person, person, medium skin tone, medium-light skin tone	
🧑🏽‍❤‍💋‍🧑🏼	People & Body	kiss: person, person, medium skin tone, medium-light skin tone	anniversary | babe | bae | couple | date | dating | heart | kiss | love | medium skin tone | medium-light skin tone | mwah | person | romance | together | xoxo | muah
🧑🏽‍❤️‍💋‍🧑🏾	People & Body	kiss: person, person, medium skin tone, medium-dark skin tone	
🧑🏽‍❤‍💋‍🧑🏾	People & Body	kiss: person, person, medium skin tone, medium-dark skin tone	anniversary | babe | bae | couple | date | dating | heart | kiss | love | medium skin tone | medium-dark skin tone | mwah | person | romance | together | xoxo | muah
🧑🏽‍❤️‍💋‍🧑🏿	People & Body	kiss: person, person, medium skin tone, dark skin tone	
🧑🏽‍❤‍💋‍🧑🏿	People & Body	kiss: person, person, medium skin tone, dark skin tone	anniversary | babe | bae | couple | dark skin tone | date | dating | heart | kiss | love | medium skin tone | mwah | person | romance | together | xoxo | muah
🧑🏾‍❤️‍💋‍🧑🏻	People & Body	kiss: person, person, medium-dark skin tone, light skin tone	
🧑🏾‍❤‍💋‍🧑🏻	People & Body	kiss: person, person, medium-dark skin tone, light skin tone	anniversary | babe | bae | couple | date | dating | heart | kiss | light skin tone | love | medium-dark skin tone | mwah | person | romance | together | xoxo | muah
🧑🏾‍❤️‍💋‍🧑🏼	People & Body	kiss: person, person, medium-dark skin tone, medium-light skin tone	
🧑🏾‍❤‍💋‍🧑🏼	People & Body	kiss: person, person, medium-dark skin tone, medium-light skin tone	anniversary | babe | bae | couple | date | dating | heart | kiss | love | medium-dark skin tone | medium-light skin tone | mwah | person | romance | together | xoxo | muah
🧑🏾‍❤️‍💋‍🧑🏽	People & Body	kiss: person, person, medium-dark skin tone, medium skin tone	
🧑🏾‍❤‍💋‍🧑🏽	People & Body	kiss: person, person, medium-dark skin tone, medium skin tone	anniversary | babe | bae | couple | date | dating | heart | kiss | love | medium skin tone | medium-dark skin tone | mwah | person | romance | together | xoxo | muah
🧑🏾‍❤️‍💋‍🧑🏿	People & Body	kiss: person, person, medium-dark skin tone, dark skin tone	
🧑🏾‍❤‍💋‍🧑🏿	People & Body	kiss: person, person, medium-dark skin tone, dark skin tone	anniversary | babe | bae | couple | dark skin tone | date | dating | heart | kiss | love | medium-dark skin tone | mwah | person | romance | together | xoxo | muah
🧑🏿‍❤️‍💋‍🧑🏻	People & Body	kiss: person, person, dark skin tone, light skin tone	
🧑🏿‍❤‍💋‍🧑🏻	People & Body	kiss: person, person, dark skin tone, light skin tone	anniversary | babe | bae | couple | dark skin tone | date | dating | heart | kiss | light skin tone | love | mwah | person | romance | together | xoxo | muah
🧑🏿‍❤️‍💋‍🧑🏼	People & Body	kiss: person, person, dark skin tone, medium-light skin tone	
🧑🏿‍❤‍💋‍🧑🏼	People & Body	kiss: person, person, dark skin tone, medium-light skin tone	anniversary | babe | bae | couple | dark skin tone | date | dating | heart | kiss | love | medium-light skin tone | mwah | person | romance | together | xoxo | muah
🧑🏿‍❤️‍💋‍🧑🏽	People & Body	kiss: person, person, dark skin tone, medium skin tone	
🧑🏿‍❤‍💋‍🧑🏽	People & Body	kiss: person, person, dark skin tone, medium skin tone	anniversary | babe | bae | couple | dark skin tone | date | dating | heart | kiss | love | medium skin tone | mwah | person | romance | together | xoxo | muah
🧑🏿‍❤️‍💋‍🧑🏾	People & Body	kiss: person, person, dark skin tone, medium-dark skin tone	
🧑🏿‍❤‍💋‍🧑🏾	People & Body	kiss: person, person, dark skin tone, medium-dark skin tone	anniversary | babe | bae | couple | dark skin tone | date | dating | heart | kiss | love | medium-dark skin tone | mwah | person | romance | together | xoxo | muah
👩‍❤️‍💋‍👨	People & Body	kiss: woman, man	
👩‍❤‍💋‍👨	People & Body	kiss: woman, man	anniversary | babe | bae | couple | date | dating | heart | kiss | love | man | mwah | person | romance | together | woman | xoxo | muah
👩🏻‍❤️‍💋‍👨🏻	People & Body	kiss: woman, man, light skin tone	
👩🏻‍❤‍💋‍👨🏻	People & Body	kiss: woman, man, light skin tone	anniversary | babe | bae | couple | date | dating | heart | kiss | light skin tone | love | man | mwah | person | romance | together | woman | xoxo | muah
👩🏻‍❤️‍💋‍👨🏼	People & Body	kiss: woman, man, light skin tone, medium-light skin tone	
👩🏻‍❤‍💋‍👨🏼	People & Body	kiss: woman, man, light skin tone, medium-light skin tone	anniversary | babe | bae | couple | date | dating | heart | kiss | light skin tone | love | man | medium-light skin tone | mwah | person | romance | together | woman | xoxo | muah
👩🏻‍❤️‍💋‍👨🏽	People & Body	kiss: woman, man, light skin tone, medium skin tone	
👩🏻‍❤‍💋‍👨🏽	People & Body	kiss: woman, man, light skin tone, medium skin tone	anniversary | babe | bae | couple | date | dating | heart | kiss | light skin tone | love | man | medium skin tone | mwah | person | romance | together | woman | xoxo | muah
👩🏻‍❤️‍💋‍👨🏾	People & Body	kiss: woman, man, light skin tone, medium-dark skin tone	
👩🏻‍❤‍💋‍👨🏾	People & Body	kiss: woman, man, light skin tone, medium-dark skin tone	anniversary | babe | bae | couple | date | dating | heart | kiss | light skin tone | love | man | medium-dark skin tone | mwah | person | romance | together | woman | xoxo | muah
👩🏻‍❤️‍💋‍👨🏿	People & Body	kiss: woman, man, light skin tone, dark skin tone	
👩🏻‍❤‍💋‍👨🏿	People & Body	kiss: woman, man, light skin tone, dark skin tone	anniversary | babe | bae | couple | dark skin tone | date | dating | heart | kiss | light skin tone | love | man | mwah | person | romance | together | woman | xoxo | muah
👩🏼‍❤️‍💋‍👨🏻	People & Body	kiss: woman, man, medium-light skin tone, light skin tone	
👩🏼‍❤‍💋‍👨🏻	People & Body	kiss: woman, man, medium-light skin tone, light skin tone	anniversary | babe | bae | couple | date | dating | heart | kiss | light skin tone | love | man | medium-light skin tone | mwah | person | romance | together | woman | xoxo | muah
👩🏼‍❤️‍💋‍👨🏼	People & Body	kiss: woman, man, medium-light skin tone	
👩🏼‍❤‍💋‍👨🏼	People & Body	kiss: woman, man, medium-light skin tone	anniversary | babe | bae | couple | date | dating | heart | kiss | love | man | medium-light skin tone | mwah | person | romance | together | woman | xoxo | muah
👩🏼‍❤️‍💋‍👨🏽	People & Body	kiss: woman, man, medium-light skin tone, medium skin tone	
👩🏼‍❤‍💋‍👨🏽	People & Body	kiss: woman, man, medium-light skin tone, medium skin tone	anniversary | babe | bae | couple | date | dating | heart | kiss | love | man | medium skin tone | medium-light skin tone | mwah | person | romance | together | woman | xoxo | muah
👩🏼‍❤️‍💋‍👨🏾	People & Body	kiss: woman, man, medium-light skin tone, medium-dark skin tone	
👩🏼‍❤‍💋‍👨🏾	People & Body	kiss: woman, man, medium-light skin tone, medium-dark skin tone	anniversary | babe | bae | couple | date | dating | heart | kiss | love | man | medium-dark skin tone | medium-light skin tone | mwah | person | romance | together | woman | xoxo | muah
👩🏼‍❤️‍💋‍👨🏿	People & Body	kiss: woman, man, medium-light skin tone, dark skin tone	
👩🏼‍❤‍💋‍👨🏿	People & Body	kiss: woman, man, medium-light skin tone, dark skin tone	anniversary | babe | bae | couple | dark skin tone | date | dating | heart | kiss | love | man | medium-light skin tone | mwah | person | romance | together | woman | xoxo | muah
👩🏽‍❤️‍💋‍👨🏻	People & Body	kiss: woman, man, medium skin tone, light skin tone	
👩🏽‍❤‍💋‍👨🏻	People & Body	kiss: woman, man, medium skin tone, light skin tone	anniversary | babe | bae | couple | date | dating | heart | kiss | light skin tone | love | man | medium skin tone | mwah | person | romance | together | woman | xoxo | muah
👩🏽‍❤️‍💋‍👨🏼	People & Body	kiss: woman, man, medium skin tone, medium-light skin tone	
👩🏽‍❤‍💋‍👨🏼	People & Body	kiss: woman, man, medium skin tone, medium-light skin tone	anniversary | babe | bae | couple | date | dating | heart | kiss | love | man | medium skin tone | medium-light skin tone | mwah | person | romance | together | woman | xoxo | muah
👩🏽‍❤️‍💋‍👨🏽	People & Body	kiss: woman, man, medium skin tone	
👩🏽‍❤‍💋‍👨🏽	People & Body	kiss: woman, man, medium skin tone	anniversary | babe | bae | couple | date | dating | heart | kiss | love | man | medium skin tone | mwah | person | romance | together | woman | xoxo | muah
👩🏽‍❤️‍💋‍👨🏾	People & Body	kiss: woman, man, medium skin tone, medium-dark skin tone	
👩🏽‍❤‍💋‍👨🏾	People & Body	kiss: woman, man, medium skin tone, medium-dark skin tone	anniversary | babe | bae | couple | date | dating | heart | kiss | love | man | medium skin tone | medium-dark skin tone | mwah | person | romance | together | woman | xoxo | muah
👩🏽‍❤️‍💋‍👨🏿	People & Body	kiss: woman, man, medium skin tone, dark skin tone	
👩🏽‍❤‍💋‍👨🏿	People & Body	kiss: woman, man, medium skin tone, dark skin tone	anniversary | babe | bae | couple | dark skin tone | date | dating | heart | kiss | love | man | medium skin tone | mwah | person | romance | together | woman | xoxo | muah
👩🏾‍❤️‍💋‍👨🏻	People & Body	kiss: woman, man, medium-dark skin tone, light skin tone	
👩🏾‍❤‍💋‍👨🏻	People & Body	kiss: woman, man, medium-dark skin tone, light skin tone	anniversary | babe | bae | couple | date | dating | heart | kiss | light skin tone | love | man | medium-dark skin tone | mwah | person | romance | together | woman | xoxo | muah
👩🏾‍❤️‍💋‍👨🏼	People & Body	kiss: woman, man, medium-dark skin tone, medium-light skin tone	
👩🏾‍❤‍💋‍👨🏼	People & Body	kiss: woman, man, medium-dark skin tone, medium-light skin tone	anniversary | babe | bae | couple | date | dating | heart | kiss | love | man | medium-dark skin tone | medium-light skin tone | mwah | person | romance | together | woman | xoxo | muah
👩🏾‍❤️‍💋‍👨🏽	People & Body	kiss: woman, man, medium-dark skin tone, medium skin tone	
👩🏾‍❤‍💋‍👨🏽	People & Body	kiss: woman, man, medium-dark skin tone, medium skin tone	anniversary | babe | bae | couple | date | dating | heart | kiss | love | man | medium skin tone | medium-dark skin tone | mwah | person | romance | together | woman | xoxo | muah
👩🏾‍❤️‍💋‍👨🏾	People & Body	kiss: woman, man, medium-dark skin tone	
👩🏾‍❤‍💋‍👨🏾	People & Body	kiss: woman, man, medium-dark skin tone	anniversary | babe | bae | couple | date | dating | heart | kiss | love | man | medium-dark skin tone | mwah | person | romance | together | woman | xoxo | muah
👩🏾‍❤️‍💋‍👨🏿	People & Body	kiss: woman, man, medium-dark skin tone, dark skin tone	
👩🏾‍❤‍💋‍👨🏿	People & Body	kiss: woman, man, medium-dark skin tone, dark skin tone	anniversary | babe | bae | couple | dark skin tone | date | dating | heart | kiss | love | man | medium-dark skin tone | mwah | person | romance | together | woman | xoxo | muah
👩🏿‍❤️‍💋‍👨🏻	People & Body	kiss: woman, man, dark skin tone, light skin tone	
👩🏿‍❤‍💋‍👨🏻	People & Body	kiss: woman, man, dark skin tone, light skin tone	anniversary | babe | bae | couple | dark skin tone | date | dating | heart | kiss | light skin tone | love | man | mwah | person | romance | together | woman | xoxo | muah
👩🏿‍❤️‍💋‍👨🏼	People & Body	kiss: woman, man, dark skin tone, medium-light skin tone	
👩🏿‍❤‍💋‍👨🏼	People & Body	kiss: woman, man, dark skin tone, medium-light skin tone	anniversary | babe | bae | couple | dark skin tone | date | dating | heart | kiss | love | man | medium-light skin tone | mwah | person | romance | together | woman | xoxo | muah
👩🏿‍❤️‍💋‍👨🏽	People & Body	kiss: woman, man, dark skin tone, medium skin tone	
👩🏿‍❤‍💋‍👨🏽	People & Body	kiss: woman, man, dark skin tone, medium skin tone	anniversary | babe | bae | couple | dark skin tone | date | dating | heart | kiss | love | man | medium skin tone | mwah | person | romance | together | woman | xoxo | muah
👩🏿‍❤️‍💋‍👨🏾	People & Body	kiss: woman, man, dark skin tone, medium-dark skin tone	
👩🏿‍❤‍💋‍👨🏾	People & Body	kiss: woman, man, dark skin tone, medium-dark skin tone	anniversary | babe | bae | couple | dark skin tone | date | dating | heart | kiss | love | man | medium-dark skin tone | mwah | person | romance | together | woman | xoxo | muah
👩🏿‍❤️‍💋‍👨🏿	People & Body	kiss: woman, man, dark skin tone	
👩🏿‍❤‍💋‍👨🏿	People & Body	kiss: woman, man, dark skin tone	anniversary | babe | bae | couple | dark skin tone | date | dating | heart | kiss | love | man | mwah | person | romance | together | woman | xoxo | muah
👨‍❤️‍💋‍👨	People & Body	kiss: man, man	
👨‍❤‍💋‍👨	People & Body	kiss: man, man	anniversary | babe | bae | couple | date | dating | heart | kiss | love | man | mwah | person | romance | together | xoxo | muah
👨🏻‍❤️‍💋‍👨🏻	People & Body	kiss: man, man, light skin tone	
👨🏻‍❤‍💋‍👨🏻	People & Body	kiss: man, man, light skin tone	anniversary | babe | bae | couple | date | dating | heart | kiss | light skin tone | love | man | mwah | person | romance | together | xoxo | muah
👨🏻‍❤️‍💋‍👨🏼	People & Body	kiss: man, man, light skin tone, medium-light skin tone	
👨🏻‍❤‍💋‍👨🏼	People & Body	kiss: man, man, light skin tone, medium-light skin tone	anniversary | babe | bae | couple | date | dating | heart | kiss | light skin tone | love | man | medium-light skin tone | mwah | person | romance | together | xoxo | muah
👨🏻‍❤️‍💋‍👨🏽	People & Body	kiss: man, man, light skin tone, medium skin tone	
👨🏻‍❤‍💋‍👨🏽	People & Body	kiss: man, man, light skin tone, medium skin tone	anniversary | babe | bae | couple | date | dating | heart | kiss | light skin tone | love | man | medium skin tone | mwah | person | romance | together | xoxo | muah
👨🏻‍❤️‍💋‍👨🏾	People & Body	kiss: man, man, light skin tone, medium-dark skin tone	
👨🏻‍❤‍💋‍👨🏾	People & Body	kiss: man, man, light skin tone, medium-dark skin tone	anniversary | babe | bae | couple | date | dating | heart | kiss | light skin tone | love | man | medium-dark skin tone | mwah | person | romance | together | xoxo | muah
👨🏻‍❤️‍💋‍👨🏿	People & Body	kiss: man, man, light skin tone, dark skin tone	
👨🏻‍❤‍💋‍👨🏿	People & Body	kiss: man, man, light skin tone, dark skin tone	anniversary | babe | bae | couple | dark skin tone | date | dating | heart | kiss | light skin tone | love | man | mwah | person | romance | together | xoxo | muah
👨🏼‍❤️‍💋‍👨🏻	People & Body	kiss: man, man, medium-light skin tone, light skin tone	
👨🏼‍❤‍💋‍👨🏻	People & Body	kiss: man, man, medium-light skin tone, light skin tone	anniversary | babe | bae | couple | date | dating | heart | kiss | light skin tone | love | man | medium-light skin tone | mwah | person | romance | together | xoxo | muah
👨🏼‍❤️‍💋‍👨🏼	People & Body	kiss: man, man, medium-light skin tone	
👨🏼‍❤‍💋‍👨🏼	People & Body	kiss: man, man, medium-light skin tone	anniversary | babe | bae | couple | date | dating | heart | kiss | love | man | medium-light skin tone | mwah | person | romance | together | xoxo | muah
👨🏼‍❤️‍💋‍👨🏽	People & Body	kiss: man, man, medium-light skin tone, medium skin tone	
👨🏼‍❤‍💋‍👨🏽	People & Body	kiss: man, man, medium-light skin tone, medium skin tone	anniversary | babe | bae | couple | date | dating | heart | kiss | love | man | medium skin tone | medium-light skin tone | mwah | person | romance | together | xoxo | muah
👨🏼‍❤️‍💋‍👨🏾	People & Body	kiss: man, man, medium-light skin tone, medium-dark skin tone	
👨🏼‍❤‍💋‍👨🏾	People & Body	kiss: man, man, medium-light skin tone, medium-dark skin tone	anniversary | babe | bae | couple | date | dating | heart | kiss | love | man | medium-dark skin tone | medium-light skin tone | mwah | person | romance | together | xoxo | muah
👨🏼‍❤️‍💋‍👨🏿	People & Body	kiss: man, man, medium-light skin tone, dark skin tone	
👨🏼‍❤‍💋‍👨🏿	People & Body	kiss: man, man, medium-light skin tone, dark skin tone	anniversary | babe | bae | couple | dark skin tone | date | dating | heart | kiss | love | man | medium-light skin tone | mwah | person | romance | together | xoxo | muah
👨🏽‍❤️‍💋‍👨🏻	People & Body	kiss: man, man, medium skin tone, light skin tone	
👨🏽‍❤‍💋‍👨🏻	People & Body	kiss: man, man, medium skin tone, light skin tone	anniversary | babe | bae | couple | date | dating | heart | kiss | light skin tone | love | man | medium skin tone | mwah | person | romance | together | xoxo | muah
👨🏽‍❤️‍💋‍👨🏼	People & Body	kiss: man, man, medium skin tone, medium-light skin tone	
👨🏽‍❤‍💋‍👨🏼	People & Body	kiss: man, man, medium skin tone, medium-light skin tone	anniversary | babe | bae | couple | date | dating | heart | kiss | love | man | medium skin tone | medium-light skin tone | mwah | person | romance | together | xoxo | muah
👨🏽‍❤️‍💋‍👨🏽	People & Body	kiss: man, man, medium skin tone	
👨🏽‍❤‍💋‍👨🏽	People & Body	kiss: man, man, medium skin tone	anniversary | babe | bae | couple | date | dating | heart | kiss | love | man | medium skin tone | mwah | person | romance | together | xoxo | muah
👨🏽‍❤️‍💋‍👨🏾	People & Body	kiss: man, man, medium skin tone, medium-dark skin tone	
👨🏽‍❤‍💋‍👨🏾	People & Body	kiss: man, man, medium skin tone, medium-dark skin tone	anniversary | babe | bae | couple | date | dating | heart | kiss | love | man | medium skin tone | medium-dark skin tone | mwah | person | romance | together | xoxo | muah
👨🏽‍❤️‍💋‍👨🏿	People & Body	kiss: man, man, medium skin tone, dark skin tone	
👨🏽‍❤‍💋‍👨🏿	People & Body	kiss: man, man, medium skin tone, dark skin tone	anniversary | babe | bae | couple | dark skin tone | date | dating | heart | kiss | love | man | medium skin tone | mwah | person | romance | together | xoxo | muah
👨🏾‍❤️‍💋‍👨🏻	People & Body	kiss: man, man, medium-dark skin tone, light skin tone	
👨🏾‍❤‍💋‍👨🏻	People & Body	kiss: man, man, medium-dark skin tone, light skin tone	anniversary | babe | bae | couple | date | dating | heart | kiss | light skin tone | love | man | medium-dark skin tone | mwah | person | romance | together | xoxo | muah
👨🏾‍❤️‍💋‍👨🏼	People & Body	kiss: man, man, medium-dark skin tone, medium-light skin tone	
👨🏾‍❤‍💋‍👨🏼	People & Body	kiss: man, man, medium-dark skin tone, medium-light skin tone	anniversary | babe | bae | couple | date | dating | heart | kiss | love | man | medium-dark skin tone | medium-light skin tone | mwah | person | romance | together | xoxo | muah
👨🏾‍❤️‍💋‍👨🏽	People & Body	kiss: man, man, medium-dark skin tone, medium skin tone	
👨🏾‍❤‍💋‍👨🏽	People & Body	kiss: man, man, medium-dark skin tone, medium skin tone	anniversary | babe | bae | couple | date | dating | heart | kiss | love | man | medium skin tone | medium-dark skin tone | mwah | person | romance | together | xoxo | muah
👨🏾‍❤️‍💋‍👨🏾	People & Body	kiss: man, man, medium-dark skin tone	
👨🏾‍❤‍💋‍👨🏾	People & Body	kiss: man, man, medium-dark skin tone	anniversary | babe | bae | couple | date | dating | heart | kiss | love | man | medium-dark skin tone | mwah | person | romance | together | xoxo | muah
👨🏾‍❤️‍💋‍👨🏿	People & Body	kiss: man, man, medium-dark skin tone, dark skin tone	
👨🏾‍❤‍💋‍👨🏿	People & Body	kiss: man, man, medium-dark skin tone, dark skin tone	anniversary | babe | bae | couple | dark skin tone | date | dating | heart | kiss | love | man | medium-dark skin tone | mwah | person | romance | together | xoxo | muah
👨🏿‍❤️‍💋‍👨🏻	People & Body	kiss: man, man, dark skin tone, light skin tone	
👨🏿‍❤‍💋‍👨🏻	People & Body	kiss: man, man, dark skin tone, light skin tone	anniversary | babe | bae | couple | dark skin tone | date | dating | heart | kiss | light skin tone | love | man | mwah | person | romance | together | xoxo | muah
👨🏿‍❤️‍💋‍👨🏼	People & Body	kiss: man, man, dark skin tone, medium-light skin tone	
👨🏿‍❤‍💋‍👨🏼	People & Body	kiss: man, man, dark skin tone, medium-light skin tone	anniversary | babe | bae | couple | dark skin tone | date | dating | heart | kiss | love | man | medium-light skin tone | mwah | person | romance | together | xoxo | muah
👨🏿‍❤️‍💋‍👨🏽	People & Body	kiss: man, man, dark skin tone, medium skin tone	
👨🏿‍❤‍💋‍👨🏽	People & Body	kiss: man, man, dark skin tone, medium skin tone	anniversary | babe | bae | couple | dark skin tone | date | dating | heart | kiss | love | man | medium skin tone | mwah | person | romance | together | xoxo | muah
👨🏿‍❤️‍💋‍👨🏾	People & Body	kiss: man, man, dark skin tone, medium-dark skin tone	
👨🏿‍❤‍💋‍👨🏾	People & Body	kiss: man, man, dark skin tone, medium-dark skin tone	anniversary | babe | bae | couple | dark skin tone | date | dating | heart | kiss | love | man | medium-dark skin tone | mwah | person | romance | together | xoxo | muah
👨🏿‍❤️‍💋‍👨🏿	People & Body	kiss: man, man, dark skin tone	
👨🏿‍❤‍💋‍👨🏿	People & Body	kiss: man, man, dark skin tone	anniversary | babe | bae | couple | dark skin tone | date | dating | heart | kiss | love | man | mwah | person | romance | together | xoxo | muah
👩‍❤️‍💋‍👩	People & Body	kiss: woman, woman	
👩‍❤‍💋‍👩	People & Body	kiss: woman, woman	anniversary | babe | bae | couple | date | dating | heart | kiss | love | mwah | person | romance | together | woman | xoxo | muah
👩🏻‍❤️‍💋‍👩🏻	People & Body	kiss: woman, woman, light skin tone	
👩🏻‍❤‍💋‍👩🏻	People & Body	kiss: woman, woman, light skin tone	anniversary | babe | bae | couple | date | dating | heart | kiss | light skin tone | love | mwah | person | romance | together | woman | xoxo | muah
👩🏻‍❤️‍💋‍👩🏼	People & Body	kiss: woman, woman, light skin tone, medium-light skin tone	
👩🏻‍❤‍💋‍👩🏼	People & Body	kiss: woman, woman, light skin tone, medium-light skin tone	anniversary | babe | bae | couple | date | dating | heart | kiss | light skin tone | love | medium-light skin tone | mwah | person | romance | together | woman | xoxo | muah
👩🏻‍❤️‍💋‍👩🏽	People & Body	kiss: woman, woman, light skin tone, medium skin tone	
👩🏻‍❤‍💋‍👩🏽	People & Body	kiss: woman, woman, light skin tone, medium skin tone	anniversary | babe | bae | couple | date | dating | heart | kiss | light skin tone | love | medium skin tone | mwah | person | romance | together | woman | xoxo | muah
👩🏻‍❤️‍💋‍👩🏾	People & Body	kiss: woman, woman, light skin tone, medium-dark skin tone	
👩🏻‍❤‍💋‍👩🏾	People & Body	kiss: woman, woman, light skin tone, medium-dark skin tone	anniversary | babe | bae | couple | date | dating | heart | kiss | light skin tone | love | medium-dark skin tone | mwah | person | romance | together | woman | xoxo | muah
👩🏻‍❤️‍💋‍👩🏿	People & Body	kiss: woman, woman, light skin tone, dark skin tone	
👩🏻‍❤‍💋‍👩🏿	People & Body	kiss: woman, woman, light skin tone, dark skin tone	anniversary | babe | bae | couple | dark skin tone | date | dating | heart | kiss | light skin tone | love | mwah | person | romance | together | woman | xoxo | muah
👩🏼‍❤️‍💋‍👩🏻	People & Body	kiss: woman, woman, medium-light skin tone, light skin tone	
👩🏼‍❤‍💋‍👩🏻	People & Body	kiss: woman, woman, medium-light skin tone, light skin tone	anniversary | babe | bae | couple | date | dating | heart | kiss | light skin tone | love | medium-light skin tone | mwah | person | romance | together | woman | xoxo | muah
👩🏼‍❤️‍💋‍👩🏼	People & Body	kiss: woman, woman, medium-light skin tone	
👩🏼‍❤‍💋‍👩🏼	People & Body	kiss: woman, woman, medium-light skin tone	anniversary | babe | bae | couple | date | dating | heart | kiss | love | medium-light skin tone | mwah | person | romance | together | woman | xoxo | muah
👩🏼‍❤️‍💋‍👩🏽	People & Body	kiss: woman, woman, medium-light skin tone, medium skin tone	
👩🏼‍❤‍💋‍👩🏽	People & Body	kiss: woman, woman, medium-light skin tone, medium skin tone	anniversary | babe | bae | couple | date | dating | heart | kiss | love | medium skin tone | medium-light skin tone | mwah | person | romance | together | woman | xoxo | muah
👩🏼‍❤️‍💋‍👩🏾	People & Body	kiss: woman, woman, medium-light skin tone, medium-dark skin tone	
👩🏼‍❤‍💋‍👩🏾	People & Body	kiss: woman, woman, medium-light skin tone, medium-dark skin tone	anniversary | babe | bae | couple | date | dating | heart | kiss | love | medium-dark skin tone | medium-light skin tone | mwah | person | romance | together | woman | xoxo | muah
👩🏼‍❤️‍💋‍👩🏿	People & Body	kiss: woman, woman, medium-light skin tone, dark skin tone	
👩🏼‍❤‍💋‍👩🏿	People & Body	kiss: woman, woman, medium-light skin tone, dark skin tone	anniversary | babe | bae | couple | dark skin tone | date | dating | heart | kiss | love | medium-light skin tone | mwah | person | romance | together | woman | xoxo | muah
👩🏽‍❤️‍💋‍👩🏻	People & Body	kiss: woman, woman, medium skin tone, light skin tone	
👩🏽‍❤‍💋‍👩🏻	People & Body	kiss: woman, woman, medium skin tone, light skin tone	anniversary | babe | bae | couple | date | dating | heart | kiss | light skin tone | love | medium skin tone | mwah | person | romance | together | woman | xoxo | muah
👩🏽‍❤️‍💋‍👩🏼	People & Body	kiss: woman, woman, medium skin tone, medium-light skin tone	
👩🏽‍❤‍💋‍👩🏼	People & Body	kiss: woman, woman, medium skin tone, medium-light skin tone	anniversary | babe | bae | couple | date | dating | heart | kiss | love | medium skin tone | medium-light skin tone | mwah | person | romance | together | woman | xoxo | muah
👩🏽‍❤️‍💋‍👩🏽	People & Body	kiss: woman, woman, medium skin tone	
👩🏽‍❤‍💋‍👩🏽	People & Body	kiss: woman, woman, medium skin tone	anniversary | babe | bae | couple | date | dating | heart | kiss | love | medium skin tone | mwah | person | romance | together | woman | xoxo | muah
👩🏽‍❤️‍💋‍👩🏾	People & Body	kiss: woman, woman, medium skin tone, medium-dark skin tone	
👩🏽‍❤‍💋‍👩🏾	People & Body	kiss: woman, woman, medium skin tone, medium-dark skin tone	anniversary | babe | bae | couple | date | dating | heart | kiss | love | medium skin tone | medium-dark skin tone | mwah | person | romance | together | woman | xoxo | muah
👩🏽‍❤️‍💋‍👩🏿	People & Body	kiss: woman, woman, medium skin tone, dark skin tone	
👩🏽‍❤‍💋‍👩🏿	People & Body	kiss: woman, woman, medium skin tone, dark skin tone	anniversary | babe | bae | couple | dark skin tone | date | dating | heart | kiss | love | medium skin tone | mwah | person | romance | together | woman | xoxo | muah
👩🏾‍❤️‍💋‍👩🏻	People & Body	kiss: woman, woman, medium-dark skin tone, light skin tone	
👩🏾‍❤‍💋‍👩🏻	People & Body	kiss: woman, woman, medium-dark skin tone, light skin tone	anniversary | babe | bae | couple | date | dating | heart | kiss | light skin tone | love | medium-dark skin tone | mwah | person | romance | together | woman | xoxo | muah
👩🏾‍❤️‍💋‍👩🏼	People & Body	kiss: woman, woman, medium-dark skin tone, medium-light skin tone	
👩🏾‍❤‍💋‍👩🏼	People & Body	kiss: woman, woman, medium-dark skin tone, medium-light skin tone	anniversary | babe | bae | couple | date | dating | heart | kiss | love | medium-dark skin tone | medium-light skin tone | mwah | person | romance | together | woman | xoxo | muah
👩🏾‍❤️‍💋‍👩🏽	People & Body	kiss: woman, woman, medium-dark skin tone, medium skin tone	
👩🏾‍❤‍💋‍👩🏽	People & Body	kiss: woman, woman, medium-dark skin tone, medium skin tone	anniversary | babe | bae | couple | date | dating | heart | kiss | love | medium skin tone | medium-dark skin tone | mwah | person | romance | together | woman | xoxo | muah
👩🏾‍❤️‍💋‍👩🏾	People & Body	kiss: woman, woman, medium-dark skin tone	
👩🏾‍❤‍💋‍👩🏾	People & Body	kiss: woman, woman, medium-dark skin tone	anniversary | babe | bae | couple | date | dating | heart | kiss | love | medium-dark skin tone | mwah | person | romance | together | woman | xoxo | muah
👩🏾‍❤️‍💋‍👩🏿	People & Body	kiss: woman, woman, medium-dark skin tone, dark skin tone	
👩🏾‍❤‍💋‍👩🏿	People & Body	kiss: woman, woman, medium-dark skin tone, dark skin tone	anniversary | babe | bae | couple | dark skin tone | date | dating | heart | kiss | love | medium-dark skin tone | mwah | person | romance | together | woman | xoxo | muah
👩🏿‍❤️‍💋‍👩🏻	People & Body	kiss: woman, woman, dark skin tone, light skin tone	
👩🏿‍❤‍💋‍👩🏻	People & Body	kiss: woman, woman, dark skin tone, light skin tone	anniversary | babe | bae | couple | dark skin tone | date | dating | heart | kiss | light skin tone | love | mwah | person | romance | together | woman | xoxo | muah
👩🏿‍❤️‍💋‍👩🏼	People & Body	kiss: woman, woman, dark skin tone, medium-light skin tone	
👩🏿‍❤‍💋‍👩🏼	People & Body	kiss: woman, woman, dark skin tone, medium-light skin tone	anniversary | babe | bae | couple | dark skin tone | date | dating | heart | kiss | love | medium-light skin tone | mwah | person | romance | together | woman | xoxo | muah
👩🏿‍❤️‍💋‍👩🏽	People & Body	kiss: woman, woman, dark skin tone, medium skin tone	
👩🏿‍❤‍💋‍👩🏽	People & Body	kiss: woman, woman, dark skin tone, medium skin tone	anniversary | babe | bae | couple | dark skin tone | date | dating | heart | kiss | love | medium skin tone | mwah | person | romance | together | woman | xoxo | muah
👩🏿‍❤️‍💋‍👩🏾	People & Body	kiss: woman, woman, dark skin tone, medium-dark skin tone	
👩🏿‍❤‍💋‍👩🏾	People & Body	kiss: woman, woman, dark skin tone, medium-dark skin tone	anniversary | babe | bae | couple | dark skin tone | date | dating | heart | kiss | love | medium-dark skin tone | mwah | person | romance | together | woman | xoxo | muah
👩🏿‍❤️‍💋‍👩🏿	People & Body	kiss: woman, woman, dark skin tone	
👩🏿‍❤‍💋‍👩🏿	People & Body	kiss: woman, woman, dark skin tone	anniversary | babe | bae | couple | dark skin tone | date | dating | heart | kiss | love | mwah | person | romance | together | woman | xoxo | muah
💑	People & Body	couple with heart	anniversary | babe | bae | couple | dating | heart | kiss | love | person | relationship | romance | together | you
💑🏻	People & Body	couple with heart: light skin tone	anniversary | babe | bae | couple | dating | heart | kiss | light skin tone | love | person | relationship | romance | together | you
💑🏼	People & Body	couple with heart: medium-light skin tone	anniversary | babe | bae | couple | dating | heart | kiss | love | medium-light skin tone | person | relationship | romance | together | you
💑🏽	People & Body	couple with heart: medium skin tone	anniversary | babe | bae | couple | dating | heart | kiss | love | medium skin tone | person | relationship | romance | together | you
💑🏾	People & Body	couple with heart: medium-dark skin tone	anniversary | babe | bae | couple | dating | heart | kiss | love | medium-dark skin tone | person | relationship | romance | together | you
💑🏿	People & Body	couple with heart: dark skin tone	anniversary | babe | bae | couple | dark skin tone | dating | heart | kiss | love | person | relationship | romance | together | you
🧑🏻‍❤️‍🧑🏼	People & Body	couple with heart: person, person, light skin tone, medium-light skin tone	
🧑🏻‍❤‍🧑🏼	People & Body	couple with heart: person, person, light skin tone, medium-light skin tone	anniversary | babe | bae | couple | dating | heart | kiss | light skin tone | love | medium-light skin tone | person | relationship | romance | together | you
🧑🏻‍❤️‍🧑🏽	People & Body	couple with heart: person, person, light skin tone, medium skin tone	
🧑🏻‍❤‍🧑🏽	People & Body	couple with heart: person, person, light skin tone, medium skin tone	anniversary | babe | bae | couple | dating | heart | kiss | light skin tone | love | medium skin tone | person | relationship | romance | together | you
🧑🏻‍❤️‍🧑🏾	People & Body	couple with heart: person, person, light skin tone, medium-dark skin tone	
🧑🏻‍❤‍🧑🏾	People & Body	couple with heart: person, person, light skin tone, medium-dark skin tone	anniversary | babe | bae | couple | dating | heart | kiss | light skin tone | love | medium-dark skin tone | person | relationship | romance | together | you
🧑🏻‍❤️‍🧑🏿	People & Body	couple with heart: person, person, light skin tone, dark skin tone	
🧑🏻‍❤‍🧑🏿	People & Body	couple with heart: person, person, light skin tone, dark skin tone	anniversary | babe | bae | couple | dark skin tone | dating | heart | kiss | light skin tone | love | person | relationship | romance | together | you
🧑🏼‍❤️‍🧑🏻	People & Body	couple with heart: person, person, medium-light skin tone, light skin tone	
🧑🏼‍❤‍🧑🏻	People & Body	couple with heart: person, person, medium-light skin tone, light skin tone	anniversary | babe | bae | couple | dating | heart | kiss | light skin tone | love | medium-light skin tone | person | relationship | romance | together | you
🧑🏼‍❤️‍🧑🏽	People & Body	couple with heart: person, person, medium-light skin tone, medium skin tone	
🧑🏼‍❤‍🧑🏽	People & Body	couple with heart: person, person, medium-light skin tone, medium skin tone	anniversary | babe | bae | couple | dating | heart | kiss | love | medium skin tone | medium-light skin tone | person | relationship | romance | together | you
🧑🏼‍❤️‍🧑🏾	People & Body	couple with heart: person, person, medium-light skin tone, medium-dark skin tone	
🧑🏼‍❤‍🧑🏾	People & Body	couple with heart: person, person, medium-light skin tone, medium-dark skin tone	anniversary | babe | bae | couple | dating | heart | kiss | love | medium-dark skin tone | medium-light skin tone | person | relationship | romance | together | you
🧑🏼‍❤️‍🧑🏿	People & Body	couple with heart: person, person, medium-light skin tone, dark skin tone	
🧑🏼‍❤‍🧑🏿	People & Body	couple with heart: person, person, medium-light skin tone, dark skin tone	anniversary | babe | bae | couple | dark skin tone | dating | heart | kiss | love | medium-light skin tone | person | relationship | romance | together | you
🧑🏽‍❤️‍🧑🏻	People & Body	couple with heart: person, person, medium skin tone, light skin tone	
🧑🏽‍❤‍🧑🏻	People & Body	couple with heart: person, person, medium skin tone, light skin tone	anniversary | babe | bae | couple | dating | heart | kiss | light skin tone | love | medium skin tone | person | relationship | romance | together | you
🧑🏽‍❤️‍🧑🏼	People & Body	couple with heart: person, person, medium skin tone, medium-light skin tone	
🧑🏽‍❤‍🧑🏼	People & Body	couple with heart: person, person, medium skin tone, medium-light skin tone	anniversary | babe | bae | couple | dating | heart | kiss | love | medium skin tone | medium-light skin tone | person | relationship | romance | together | you
🧑🏽‍❤️‍🧑🏾	People & Body	couple with heart: person, person, medium skin tone, medium-dark skin tone	
🧑🏽‍❤‍🧑🏾	People & Body	couple with heart: person, person, medium skin tone, medium-dark skin tone	anniversary | babe | bae | couple | dating | heart | kiss | love | medium skin tone | medium-dark skin tone | person | relationship | romance | together | you
🧑🏽‍❤️‍🧑🏿	People & Body	couple with heart: person, person, medium skin tone, dark skin tone	
🧑🏽‍❤‍🧑🏿	People & Body	couple with heart: person, person, medium skin tone, dark skin tone	anniversary | babe | bae | couple | dark skin tone | dating | heart | kiss | love | medium skin tone | person | relationship | romance | together | you
🧑🏾‍❤️‍🧑🏻	People & Body	couple with heart: person, person, medium-dark skin tone, light skin tone	
🧑🏾‍❤‍🧑🏻	People & Body	couple with heart: person, person, medium-dark skin tone, light skin tone	anniversary | babe | bae | couple | dating | heart | kiss | light skin tone | love | medium-dark skin tone | person | relationship | romance | together | you
🧑🏾‍❤️‍🧑🏼	People & Body	couple with heart: person, person, medium-dark skin tone, medium-light skin tone	
🧑🏾‍❤‍🧑🏼	People & Body	couple with heart: person, person, medium-dark skin tone, medium-light skin tone	anniversary | babe | bae | couple | dating | heart | kiss | love | medium-dark skin tone | medium-light skin tone | person | relationship | romance | together | you
🧑🏾‍❤️‍🧑🏽	People & Body	couple with heart: person, person, medium-dark skin tone, medium skin tone	
🧑🏾‍❤‍🧑🏽	People & Body	couple with heart: person, person, medium-dark skin tone, medium skin tone	anniversary | babe | bae | couple | dating | heart | kiss | love | medium skin tone | medium-dark skin tone | person | relationship | romance | together | you
🧑🏾‍❤️‍🧑🏿	People & Body	couple with heart: person, person, medium-dark skin tone, dark skin tone	
🧑🏾‍❤‍🧑🏿	People & Body	couple with heart: person, person, medium-dark skin tone, dark skin tone	anniversary | babe | bae | couple | dark skin tone | dating | heart | kiss | love | medium-dark skin tone | person | relationship | romance | together | you
🧑🏿‍❤️‍🧑🏻	People & Body	couple with heart: person, person, dark skin tone, light skin tone	
🧑🏿‍❤‍🧑🏻	People & Body	couple with heart: person, person, dark skin tone, light skin tone	anniversary | babe | bae | couple | dark skin tone | dating | heart | kiss | light skin tone | love | person | relationship | romance | together | you
🧑🏿‍❤️‍🧑🏼	People & Body	couple with heart: person, person, dark skin tone, medium-light skin tone	
🧑🏿‍❤‍🧑🏼	People & Body	couple with heart: person, person, dark skin tone, medium-light skin tone	anniversary | babe | bae | couple | dark skin tone | dating | heart | kiss | love | medium-light skin tone | person | relationship | romance | together | you
🧑🏿‍❤️‍🧑🏽	People & Body	couple with heart: person, person, dark skin tone, medium skin tone	
🧑🏿‍❤‍🧑🏽	People & Body	couple with heart: person, person, dark skin tone, medium skin tone	anniversary | babe | bae | couple | dark skin tone | dating | heart | kiss | love | medium skin tone | person | relationship | romance | together | you
🧑🏿‍❤️‍🧑🏾	People & Body	couple with heart: person, person, dark skin tone, medium-dark skin tone	
🧑🏿‍❤‍🧑🏾	People & Body	couple with heart: person, person, dark skin tone, medium-dark skin tone	anniversary | babe | bae | couple | dark skin tone | dating | heart | kiss | love | medium-dark skin tone | person | relationship | romance | together | you
👩‍❤️‍👨	People & Body	couple with heart: woman, man	
👩‍❤‍👨	People & Body	couple with heart: woman, man	anniversary | babe | bae | couple | dating | heart | kiss | love | man | person | relationship | romance | together | woman | you
👩🏻‍❤️‍👨🏻	People & Body	couple with heart: woman, man, light skin tone	
👩🏻‍❤‍👨🏻	People & Body	couple with heart: woman, man, light skin tone	anniversary | babe | bae | couple | dating | heart | kiss | light skin tone | love | man | person | relationship | romance | together | woman | you
👩🏻‍❤️‍👨🏼	People & Body	couple with heart: woman, man, light skin tone, medium-light skin tone	
👩🏻‍❤‍👨🏼	People & Body	couple with heart: woman, man, light skin tone, medium-light skin tone	anniversary | babe | bae | couple | dating | heart | kiss | light skin tone | love | man | medium-light skin tone | person | relationship | romance | together | woman | you
👩🏻‍❤️‍👨🏽	People & Body	couple with heart: woman, man, light skin tone, medium skin tone	
👩🏻‍❤‍👨🏽	People & Body	couple with heart: woman, man, light skin tone, medium skin tone	anniversary | babe | bae | couple | dating | heart | kiss | light skin tone | love | man | medium skin tone | person | relationship | romance | together | woman | you
👩🏻‍❤️‍👨🏾	People & Body	couple with heart: woman, man, light skin tone, medium-dark skin tone	
👩🏻‍❤‍👨🏾	People & Body	couple with heart: woman, man, light skin tone, medium-dark skin tone	anniversary | babe | bae | couple | dating | heart | kiss | light skin tone | love | man | medium-dark skin tone | person | relationship | romance | together | woman | you
👩🏻‍❤️‍👨🏿	People & Body	couple with heart: woman, man, light skin tone, dark skin tone	
👩🏻‍❤‍👨🏿	People & Body	couple with heart: woman, man, light skin tone, dark skin tone	anniversary | babe | bae | couple | dark skin tone | dating | heart | kiss | light skin tone | love | man | person | relationship | romance | together | woman | you
👩🏼‍❤️‍👨🏻	People & Body	couple with heart: woman, man, medium-light skin tone, light skin tone	
👩🏼‍❤‍👨🏻	People & Body	couple with heart: woman, man, medium-light skin tone, light skin tone	anniversary | babe | bae | couple | dating | heart | kiss | light skin tone | love | man | medium-light skin tone | person | relationship | romance | together | woman | you
👩🏼‍❤️‍👨🏼	People & Body	couple with heart: woman, man, medium-light skin tone	
👩🏼‍❤‍👨🏼	People & Body	couple with heart: woman, man, medium-light skin tone	anniversary | babe | bae | couple | dating | heart | kiss | love | man | medium-light skin tone | person | relationship | romance | together | woman | you
👩🏼‍❤️‍👨🏽	People & Body	couple with heart: woman, man, medium-light skin tone, medium skin tone	
👩🏼‍❤‍👨🏽	People & Body	couple with heart: woman, man, medium-light skin tone, medium skin tone	anniversary | babe | bae | couple | dating | heart | kiss | love | man | medium skin tone | medium-light skin tone | person | relationship | romance | together | woman | you
👩🏼‍❤️‍👨🏾	People & Body	couple with heart: woman, man, medium-light skin tone, medium-dark skin tone	
👩🏼‍❤‍👨🏾	People & Body	couple with heart: woman, man, medium-light skin tone, medium-dark skin tone	anniversary | babe | bae | couple | dating | heart | kiss | love | man | medium-dark skin tone | medium-light skin tone | person | relationship | romance | together | woman | you
👩🏼‍❤️‍👨🏿	People & Body	couple with heart: woman, man, medium-light skin tone, dark skin tone	
👩🏼‍❤‍👨🏿	People & Body	couple with heart: woman, man, medium-light skin tone, dark skin tone	anniversary | babe | bae | couple | dark skin tone | dating | heart | kiss | love | man | medium-light skin tone | person | relationship | romance | together | woman | you
👩🏽‍❤️‍👨🏻	People & Body	couple with heart: woman, man, medium skin tone, light skin tone	
👩🏽‍❤‍👨🏻	People & Body	couple with heart: woman, man, medium skin tone, light skin tone	anniversary | babe | bae | couple | dating | heart | kiss | light skin tone | love | man | medium skin tone | person | relationship | romance | together | woman | you
👩🏽‍❤️‍👨🏼	People & Body	couple with heart: woman, man, medium skin tone, medium-light skin tone	
👩🏽‍❤‍👨🏼	People & Body	couple with heart: woman, man, medium skin tone, medium-light skin tone	anniversary | babe | bae | couple | dating | heart | kiss | love | man | medium skin tone | medium-light skin tone | person | relationship | romance | together | woman | you
👩🏽‍❤️‍👨🏽	People & Body	couple with heart: woman, man, medium skin tone	
👩🏽‍❤‍👨🏽	People & Body	couple with heart: woman, man, medium skin tone	anniversary | babe | bae | couple | dating | heart | kiss | love | man | medium skin tone | person | relationship | romance | together | woman | you
👩🏽‍❤️‍👨🏾	People & Body	couple with heart: woman, man, medium skin tone, medium-dark skin tone	
👩🏽‍❤‍👨🏾	People & Body	couple with heart: woman, man, medium skin tone, medium-dark skin tone	anniversary | babe | bae | couple | dating | heart | kiss | love | man | medium skin tone | medium-dark skin tone | person | relationship | romance | together | woman | you
👩🏽‍❤️‍👨🏿	People & Body	couple with heart: woman, man, medium skin tone, dark skin tone	
👩🏽‍❤‍👨🏿	People & Body	couple with heart: woman, man, medium skin tone, dark skin tone	anniversary | babe | bae | couple | dark skin tone | dating | heart | kiss | love | man | medium skin tone | person | relationship | romance | together | woman | you
👩🏾‍❤️‍👨🏻	People & Body	couple with heart: woman, man, medium-dark skin tone, light skin tone	
👩🏾‍❤‍👨🏻	People & Body	couple with heart: woman, man, medium-dark skin tone, light skin tone	anniversary | babe | bae | couple | dating | heart | kiss | light skin tone | love | man | medium-dark skin tone | person | relationship | romance | together | woman | you
👩🏾‍❤️‍👨🏼	People & Body	couple with heart: woman, man, medium-dark skin tone, medium-light skin tone	
👩🏾‍❤‍👨🏼	People & Body	couple with heart: woman, man, medium-dark skin tone, medium-light skin tone	anniversary | babe | bae | couple | dating | heart | kiss | love | man | medium-dark skin tone | medium-light skin tone | person | relationship | romance | together | woman | you
👩🏾‍❤️‍👨🏽	People & Body	couple with heart: woman, man, medium-dark skin tone, medium skin tone	
👩🏾‍❤‍👨🏽	People & Body	couple with heart: woman, man, medium-dark skin tone, medium skin tone	anniversary | babe | bae | couple | dating | heart | kiss | love | man | medium skin tone | medium-dark skin tone | person | relationship | romance | together | woman | you
👩🏾‍❤️‍👨🏾	People & Body	couple with heart: woman, man, medium-dark skin tone	
👩🏾‍❤‍👨🏾	People & Body	couple with heart: woman, man, medium-dark skin tone	anniversary | babe | bae | couple | dating | heart | kiss | love | man | medium-dark skin tone | person | relationship | romance | together | woman | you
👩🏾‍❤️‍👨🏿	People & Body	couple with heart: woman, man, medium-dark skin tone, dark skin tone	
👩🏾‍❤‍👨🏿	People & Body	couple with heart: woman, man, medium-dark skin tone, dark skin tone	anniversary | babe | bae | couple | dark skin tone | dating | heart | kiss | love | man | medium-dark skin tone | person | relationship | romance | together | woman | you
👩🏿‍❤️‍👨🏻	People & Body	couple with heart: woman, man, dark skin tone, light skin tone	
👩🏿‍❤‍👨🏻	People & Body	couple with heart: woman, man, dark skin tone, light skin tone	anniversary | babe | bae | couple | dark skin tone | dating | heart | kiss | light skin tone | love | man | person | relationship | romance | together | woman | you
👩🏿‍❤️‍👨🏼	People & Body	couple with heart: woman, man, dark skin tone, medium-light skin tone	
👩🏿‍❤‍👨🏼	People & Body	couple with heart: woman, man, dark skin tone, medium-light skin tone	anniversary | babe | bae | couple | dark skin tone | dating | heart | kiss | love | man | medium-light skin tone | person | relationship | romance | together | woman | you
👩🏿‍❤️‍👨🏽	People & Body	couple with heart: woman, man, dark skin tone, medium skin tone	
👩🏿‍❤‍👨🏽	People & Body	couple with heart: woman, man, dark skin tone, medium skin tone	anniversary | babe | bae | couple | dark skin tone | dating | heart | kiss | love | man | medium skin tone | person | relationship | romance | together | woman | you
👩🏿‍❤️‍👨🏾	People & Body	couple with heart: woman, man, dark skin tone, medium-dark skin tone	
👩🏿‍❤‍👨🏾	People & Body	couple with heart: woman, man, dark skin tone, medium-dark skin tone	anniversary | babe | bae | couple | dark skin tone | dating | heart | kiss | love | man | medium-dark skin tone | person | relationship | romance | together | woman | you
👩🏿‍❤️‍👨🏿	People & Body	couple with heart: woman, man, dark skin tone	
👩🏿‍❤‍👨🏿	People & Body	couple with heart: woman, man, dark skin tone	anniversary | babe | bae | couple | dark skin tone | dating | heart | kiss | love | man | person | relationship | romance | together | woman | you
👨‍❤️‍👨	People & Body	couple with heart: man, man	
👨‍❤‍👨	People & Body	couple with heart: man, man	anniversary | babe | bae | couple | dating | heart | kiss | love | man | person | relationship | romance | together | you
👨🏻‍❤️‍👨🏻	People & Body	couple with heart: man, man, light skin tone	
👨🏻‍❤‍👨🏻	People & Body	couple with heart: man, man, light skin tone	anniversary | babe | bae | couple | dating | heart | kiss | light skin tone | love | man | person | relationship | romance | together | you
👨🏻‍❤️‍👨🏼	People & Body	couple with heart: man, man, light skin tone, medium-light skin tone	
👨🏻‍❤‍👨🏼	People & Body	couple with heart: man, man, light skin tone, medium-light skin tone	anniversary | babe | bae | couple | dating | heart | kiss | light skin tone | love | man | medium-light skin tone | person | relationship | romance | together | you
👨🏻‍❤️‍👨🏽	People & Body	couple with heart: man, man, light skin tone, medium skin tone	
👨🏻‍❤‍👨🏽	People & Body	couple with heart: man, man, light skin tone, medium skin tone	anniversary | babe | bae | couple | dating | heart | kiss | light skin tone | love | man | medium skin tone | person | relationship | romance | together | you
👨🏻‍❤️‍👨🏾	People & Body	couple with heart: man, man, light skin tone, medium-dark skin tone	
👨🏻‍❤‍👨🏾	People & Body	couple with heart: man, man, light skin tone, medium-dark skin tone	anniversary | babe | bae | couple | dating | heart | kiss | light skin tone | love | man | medium-dark skin tone | person | relationship | romance | together | you
👨🏻‍❤️‍👨🏿	People & Body	couple with heart: man, man, light skin tone, dark skin tone	
👨🏻‍❤‍👨🏿	People & Body	couple with heart: man, man, light skin tone, dark skin tone	anniversary | babe | bae | couple | dark skin tone | dating | heart | kiss | light skin tone | love | man | person | relationship | romance | together | you
👨🏼‍❤️‍👨🏻	People & Body	couple with heart: man, man, medium-light skin tone, light skin tone	
👨🏼‍❤‍👨🏻	People & Body	couple with heart: man, man, medium-light skin tone, light skin tone	anniversary | babe | bae | couple | dating | heart | kiss | light skin tone | love | man | medium-light skin tone | person | relationship | romance | together | you
👨🏼‍❤️‍👨🏼	People & Body	couple with heart: man, man, medium-light skin tone	
👨🏼‍❤‍👨🏼	People & Body	couple with heart: man, man, medium-light skin tone	anniversary | babe | bae | couple | dating | heart | kiss | love | man | medium-light skin tone | person | relationship | romance | together | you
👨🏼‍❤️‍👨🏽	People & Body	couple with heart: man, man, medium-light skin tone, medium skin tone	
👨🏼‍❤‍👨🏽	People & Body	couple with heart: man, man, medium-light skin tone, medium skin tone	anniversary | babe | bae | couple | dating | heart | kiss | love | man | medium skin tone | medium-light skin tone | person | relationship | romance | together | you
👨🏼‍❤️‍👨🏾	People & Body	couple with heart: man, man, medium-light skin tone, medium-dark skin tone	
👨🏼‍❤‍👨🏾	People & Body	couple with heart: man, man, medium-light skin tone, medium-dark skin tone	anniversary | babe | bae | couple | dating | heart | kiss | love | man | medium-dark skin tone | medium-light skin tone | person | relationship | romance | together | you
👨🏼‍❤️‍👨🏿	People & Body	couple with heart: man, man, medium-light skin tone, dark skin tone	
👨🏼‍❤‍👨🏿	People & Body	couple with heart: man, man, medium-light skin tone, dark skin tone	anniversary | babe | bae | couple | dark skin tone | dating | heart | kiss | love | man | medium-light skin tone | person | relationship | romance | together | you
👨🏽‍❤️‍👨🏻	People & Body	couple with heart: man, man, medium skin tone, light skin tone	
👨🏽‍❤‍👨🏻	People & Body	couple with heart: man, man, medium skin tone, light skin tone	anniversary | babe | bae | couple | dating | heart | kiss | light skin tone | love | man | medium skin tone | person | relationship | romance | together | you
👨🏽‍❤️‍👨🏼	People & Body	couple with heart: man, man, medium skin tone, medium-light skin tone	
👨🏽‍❤‍👨🏼	People & Body	couple with heart: man, man, medium skin tone, medium-light skin tone	anniversary | babe | bae | couple | dating | heart | kiss | love | man | medium skin tone | medium-light skin tone | person | relationship | romance | together | you
👨🏽‍❤️‍👨🏽	People & Body	couple with heart: man, man, medium skin tone	
👨🏽‍❤‍👨🏽	People & Body	couple with heart: man, man, medium skin tone	anniversary | babe | bae | couple | dating | heart | kiss | love | man | medium skin tone | person | relationship | romance | together | you
👨🏽‍❤️‍👨🏾	People & Body	couple with heart: man, man, medium skin tone, medium-dark skin tone	
👨🏽‍❤‍👨🏾	People & Body	couple with heart: man, man, medium skin tone, medium-dark skin tone	anniversary | babe | bae | couple | dating | heart | kiss | love | man | medium skin tone | medium-dark skin tone | person | relationship | romance | together | you
👨🏽‍❤️‍👨🏿	People & Body	couple with heart: man, man, medium skin tone, dark skin tone	
👨🏽‍❤‍👨🏿	People & Body	couple with heart: man, man, medium skin tone, dark skin tone	anniversary | babe | bae | couple | dark skin tone | dating | heart | kiss | love | man | medium skin tone | person | relationship | romance | together | you
👨🏾‍❤️‍👨🏻	People & Body	couple with heart: man, man, medium-dark skin tone, light skin tone	
👨🏾‍❤‍👨🏻	People & Body	couple with heart: man, man, medium-dark skin tone, light skin tone	anniversary | babe | bae | couple | dating | heart | kiss | light skin tone | love | man | medium-dark skin tone | person | relationship | romance | together | you
👨🏾‍❤️‍👨🏼	People & Body	couple with heart: man, man, medium-dark skin tone, medium-light skin tone	
👨🏾‍❤‍👨🏼	People & Body	couple with heart: man, man, medium-dark skin tone, medium-light skin tone	anniversary | babe | bae | couple | dating | heart | kiss | love | man | medium-dark skin tone | medium-light skin tone | person | relationship | romance | together | you
👨🏾‍❤️‍👨🏽	People & Body	couple with heart: man, man, medium-dark skin tone, medium skin tone	
👨🏾‍❤‍👨🏽	People & Body	couple with heart: man, man, medium-dark skin tone, medium skin tone	anniversary | babe | bae | couple | dating | heart | kiss | love | man | medium skin tone | medium-dark skin tone | person | relationship | romance | together | you
👨🏾‍❤️‍👨🏾	People & Body	couple with heart: man, man, medium-dark skin tone	
👨🏾‍❤‍👨🏾	People & Body	couple with heart: man, man, medium-dark skin tone	anniversary | babe | bae | couple | dating | heart | kiss | love | man | medium-dark skin tone | person | relationship | romance | together | you
👨🏾‍❤️‍👨🏿	People & Body	couple with heart: man, man, medium-dark skin tone, dark skin tone	
👨🏾‍❤‍👨🏿	People & Body	couple with heart: man, man, medium-dark skin tone, dark skin tone	anniversary | babe | bae | couple | dark skin tone | dating | heart | kiss | love | man | medium-dark skin tone | person | relationship | romance | together | you
👨🏿‍❤️‍👨🏻	People & Body	couple with heart: man, man, dark skin tone, light skin tone	
👨🏿‍❤‍👨🏻	People & Body	couple with heart: man, man, dark skin tone, light skin tone	anniversary | babe | bae | couple | dark skin tone | dating | heart | kiss | light skin tone | love | man | person | relationship | romance | together | you
👨🏿‍❤️‍👨🏼	People & Body	couple with heart: man, man, dark skin tone, medium-light skin tone	
👨🏿‍❤‍👨🏼	People & Body	couple with heart: man, man, dark skin tone, medium-light skin tone	anniversary | babe | bae | couple | dark skin tone | dating | heart | kiss | love | man | medium-light skin tone | person | relationship | romance | together | you
👨🏿‍❤️‍👨🏽	People & Body	couple with heart: man, man, dark skin tone, medium skin tone	
👨🏿‍❤‍👨🏽	People & Body	couple with heart: man, man, dark skin tone, medium skin tone	anniversary | babe | bae | couple | dark skin tone | dating | heart | kiss | love | man | medium skin tone | person | relationship | romance | together | you
👨🏿‍❤️‍👨🏾	People & Body	couple with heart: man, man, dark skin tone, medium-dark skin tone	
👨🏿‍❤‍👨🏾	People & Body	couple with heart: man, man, dark skin tone, medium-dark skin tone	anniversary | babe | bae | couple | dark skin tone | dating | heart | kiss | love | man | medium-dark skin tone | person | relationship | romance | together | you
👨🏿‍❤️‍👨🏿	People & Body	couple with heart: man, man, dark skin tone	
👨🏿‍❤‍👨🏿	People & Body	couple with heart: man, man, dark skin tone	anniversary | babe | bae | couple | dark skin tone | dating | heart | kiss | love | man | person | relationship | romance | together | you
👩‍❤️‍👩	People & Body	couple with heart: woman, woman	
👩‍❤‍👩	People & Body	couple with heart: woman, woman	anniversary | babe | bae | couple | dating | heart | kiss | love | person | relationship | romance | together | woman | you
👩🏻‍❤️‍👩🏻	People & Body	couple with heart: woman, woman, light skin tone	
👩🏻‍❤‍👩🏻	People & Body	couple with heart: woman, woman, light skin tone	anniversary | babe | bae | couple | dating | heart | kiss | light skin tone | love | person | relationship | romance | together | woman | you
👩🏻‍❤️‍👩🏼	People & Body	couple with heart: woman, woman, light skin tone, medium-light skin tone	
👩🏻‍❤‍👩🏼	People & Body	couple with heart: woman, woman, light skin tone, medium-light skin tone	anniversary | babe | bae | couple | dating | heart | kiss | light skin tone | love | medium-light skin tone | person | relationship | romance | together | woman | you
👩🏻‍❤️‍👩🏽	People & Body	couple with heart: woman, woman, light skin tone, medium skin tone	
👩🏻‍❤‍👩🏽	People & Body	couple with heart: woman, woman, light skin tone, medium skin tone	anniversary | babe | bae | couple | dating | heart | kiss | light skin tone | love | medium skin tone | person | relationship | romance | together | woman | you
👩🏻‍❤️‍👩🏾	People & Body	couple with heart: woman, woman, light skin tone, medium-dark skin tone	
👩🏻‍❤‍👩🏾	People & Body	couple with heart: woman, woman, light skin tone, medium-dark skin tone	anniversary | babe | bae | couple | dating | heart | kiss | light skin tone | love | medium-dark skin tone | person | relationship | romance | together | woman | you
👩🏻‍❤️‍👩🏿	People & Body	couple with heart: woman, woman, light skin tone, dark skin tone	
👩🏻‍❤‍👩🏿	People & Body	couple with heart: woman, woman, light skin tone, dark skin tone	anniversary | babe | bae | couple | dark skin tone | dating | heart | kiss | light skin tone | love | person | relationship | romance | together | woman | you
👩🏼‍❤️‍👩🏻	People & Body	couple with heart: woman, woman, medium-light skin tone, light skin tone	
👩🏼‍❤‍👩🏻	People & Body	couple with heart: woman, woman, medium-light skin tone, light skin tone	anniversary | babe | bae | couple | dating | heart | kiss | light skin tone | love | medium-light skin tone | person | relationship | romance | together | woman | you
👩🏼‍❤️‍👩🏼	People & Body	couple with heart: woman, woman, medium-light skin tone	
👩🏼‍❤‍👩🏼	People & Body	couple with heart: woman, woman, medium-light skin tone	anniversary | babe | bae | couple | dating | heart | kiss | love | medium-light skin tone | person | relationship | romance | together | woman | you
👩🏼‍❤️‍👩🏽	People & Body	couple with heart: woman, woman, medium-light skin tone, medium skin tone	
👩🏼‍❤‍👩🏽	People & Body	couple with heart: woman, woman, medium-light skin tone, medium skin tone	anniversary | babe | bae | couple | dating | heart | kiss | love | medium skin tone | medium-light skin tone | person | relationship | romance | together | woman | you
👩🏼‍❤️‍👩🏾	People & Body	couple with heart: woman, woman, medium-light skin tone, medium-dark skin tone	
👩🏼‍❤‍👩🏾	People & Body	couple with heart: woman, woman, medium-light skin tone, medium-dark skin tone	anniversary | babe | bae | couple | dating | heart | kiss | love | medium-dark skin tone | medium-light skin tone | person | relationship | romance | together | woman | you
👩🏼‍❤️‍👩🏿	People & Body	couple with heart: woman, woman, medium-light skin tone, dark skin tone	
👩🏼‍❤‍👩🏿	People & Body	couple with heart: woman, woman, medium-light skin tone, dark skin tone	anniversary | babe | bae | couple | dark skin tone | dating | heart | kiss | love | medium-light skin tone | person | relationship | romance | together | woman | you
👩🏽‍❤️‍👩🏻	People & Body	couple with heart: woman, woman, medium skin tone, light skin tone	
👩🏽‍❤‍👩🏻	People & Body	couple with heart: woman, woman, medium skin tone, light skin tone	anniversary | babe | bae | couple | dating | heart | kiss | light skin tone | love | medium skin tone | person | relationship | romance | together | woman | you
👩🏽‍❤️‍👩🏼	People & Body	couple with heart: woman, woman, medium skin tone, medium-light skin tone	
👩🏽‍❤‍👩🏼	People & Body	couple with heart: woman, woman, medium skin tone, medium-light skin tone	anniversary | babe | bae | couple | dating | heart | kiss | love | medium skin tone | medium-light skin tone | person | relationship | romance | together | woman | you
👩🏽‍❤️‍👩🏽	People & Body	couple with heart: woman, woman, medium skin tone	
👩🏽‍❤‍👩🏽	People & Body	couple with heart: woman, woman, medium skin tone	anniversary | babe | bae | couple | dating | heart | kiss | love | medium skin tone | person | relationship | romance | together | woman | you
👩🏽‍❤️‍👩🏾	People & Body	couple with heart: woman, woman, medium skin tone, medium-dark skin tone	
👩🏽‍❤‍👩🏾	People & Body	couple with heart: woman, woman, medium skin tone, medium-dark skin tone	anniversary | babe | bae | couple | dating | heart | kiss | love | medium skin tone | medium-dark skin tone | person | relationship | romance | together | woman | you
👩🏽‍❤️‍👩🏿	People & Body	couple with heart: woman, woman, medium skin tone, dark skin tone	
👩🏽‍❤‍👩🏿	People & Body	couple with heart: woman, woman, medium skin tone, dark skin tone	anniversary | babe | bae | couple | dark skin tone | dating | heart | kiss | love | medium skin tone | person | relationship | romance | together | woman | you
👩🏾‍❤️‍👩🏻	People & Body	couple with heart: woman, woman, medium-dark skin tone, light skin tone	
👩🏾‍❤‍👩🏻	People & Body	couple with heart: woman, woman, medium-dark skin tone, light skin tone	anniversary | babe | bae | couple | dating | heart | kiss | light skin tone | love | medium-dark skin tone | person | relationship | romance | together | woman | you
👩🏾‍❤️‍👩🏼	People & Body	couple with heart: woman, woman, medium-dark skin tone, medium-light skin tone	
👩🏾‍❤‍👩🏼	People & Body	couple with heart: woman, woman, medium-dark skin tone, medium-light skin tone	anniversary | babe | bae | couple | dating | heart | kiss | love | medium-dark skin tone | medium-light skin tone | person | relationship | romance | together | woman | you
👩🏾‍❤️‍👩🏽	People & Body	couple with heart: woman, woman, medium-dark skin tone, medium skin tone	
👩🏾‍❤‍👩🏽	People & Body	couple with heart: woman, woman, medium-dark skin tone, medium skin tone	anniversary | babe | bae | couple | dating | heart | kiss | love | medium skin tone | medium-dark skin tone | person | relationship | romance | together | woman | you
👩🏾‍❤️‍👩🏾	People & Body	couple with heart: woman, woman, medium-dark skin tone	
👩🏾‍❤‍👩🏾	People & Body	couple with heart: woman, woman, medium-dark skin tone	anniversary | babe | bae | couple | dating | heart | kiss | love | medium-dark skin tone | person | relationship | romance | together | woman | you
👩🏾‍❤️‍👩🏿	People & Body	couple with heart: woman, woman, medium-dark skin tone, dark skin tone	
👩🏾‍❤‍👩🏿	People & Body	couple with heart: woman, woman, medium-dark skin tone, dark skin tone	anniversary | babe | bae | couple | dark skin tone | dating | heart | kiss | love | medium-dark skin tone | person | relationship | romance | together | woman | you
👩🏿‍❤️‍👩🏻	People & Body	couple with heart: woman, woman, dark skin tone, light skin tone	
👩🏿‍❤‍👩🏻	People & Body	couple with heart: woman, woman, dark skin tone, light skin tone	anniversary | babe | bae | couple | dark skin tone | dating | heart | kiss | light skin tone | love | person | relationship | romance | together | woman | you
👩🏿‍❤️‍👩🏼	People & Body	couple with heart: woman, woman, dark skin tone, medium-light skin tone	
👩🏿‍❤‍👩🏼	People & Body	couple with heart: woman, woman, dark skin tone, medium-light skin tone	anniversary | babe | bae | couple | dark skin tone | dating | heart | kiss | love | medium-light skin tone | person | relationship | romance | together | woman | you
👩🏿‍❤️‍👩🏽	People & Body	couple with heart: woman, woman, dark skin tone, medium skin tone	
👩🏿‍❤‍👩🏽	People & Body	couple with heart: woman, woman, dark skin tone, medium skin tone	anniversary | babe | bae | couple | dark skin tone | dating | heart | kiss | love | medium skin tone | person | relationship | romance | together | woman | you
👩🏿‍❤️‍👩🏾	People & Body	couple with heart: woman, woman, dark skin tone, medium-dark skin tone	
👩🏿‍❤‍👩🏾	People & Body	couple with heart: woman, woman, dark skin tone, medium-dark skin tone	anniversary | babe | bae | couple | dark skin tone | dating | heart | kiss | love | medium-dark skin tone | person | relationship | romance | together | woman | you
👩🏿‍❤️‍👩🏿	People & Body	couple with heart: woman, woman, dark skin tone	
👩🏿‍❤‍👩🏿	People & Body	couple with heart: woman, woman, dark skin tone	anniversary | babe | bae | couple | dark skin tone | dating | heart | kiss | love | person | relationship | romance | together | woman | you
👨‍👩‍👦	People & Body	family: man, woman, boy	boy | child | family | man | woman
👨‍👩‍👧	People & Body	family: man, woman, girl	child | family | girl | man | woman
👨‍👩‍👧‍👦	People & Body	family: man, woman, girl, boy	boy | child | family | girl | man | woman
👨‍👩‍👦‍👦	People & Body	family: man, woman, boy, boy	boy | child | family | man | woman
👨‍👩‍👧‍👧	People & Body	family: man, woman, girl, girl	child | family | girl | man | woman
👨‍👨‍👦	People & Body	family: man, man, boy	boy | child | family | man
👨‍👨‍👧	People & Body	family: man, man, girl	child | family | girl | man
👨‍👨‍👧‍👦	People & Body	family: man, man, girl, boy	boy | child | family | girl | man
👨‍👨‍👦‍👦	People & Body	family: man, man, boy, boy	boy | child | family | man
👨‍👨‍👧‍👧	People & Body	family: man, man, girl, girl	child | family | girl | man
👩‍👩‍👦	People & Body	family: woman, woman, boy	boy | child | family | woman
👩‍👩‍👧	People & Body	family: woman, woman, girl	child | family | girl | woman
👩‍👩‍👧‍👦	People & Body	family: woman, woman, girl, boy	boy | child | family | girl | woman
👩‍👩‍👦‍👦	People & Body	family: woman, woman, boy, boy	boy | child | family | woman
👩‍👩‍👧‍👧	People & Body	family: woman, woman, girl, girl	child | family | girl | woman
👨‍👦	People & Body	family: man, boy	boy | child | family | man
👨‍👦‍👦	People & Body	family: man, boy, boy	boy | child | family | man
👨‍👧	People & Body	family: man, girl	child | family | girl | man
👨‍👧‍👦	People & Body	family: man, girl, boy	boy | child | family | girl | man
👨‍👧‍👧	People & Body	family: man, girl, girl	child | family | girl | man
👩‍👦	People & Body	family: woman, boy	boy | child | family | woman
👩‍👦‍👦	People & Body	family: woman, boy, boy	boy | child | family | woman
👩‍👧	People & Body	family: woman, girl	child | family | girl | woman
👩‍👧‍👦	People & Body	family: woman, girl, boy	boy | child | family | girl | woman
👩‍👧‍👧	People & Body	family: woman, girl, girl	child | family | girl | woman
🗣️	People & Body	speaking head	
🗣	People & Body	speaking head	face | head | silhouette | speak | speaking
👤	People & Body	bust in silhouette	bust | mysterious | shadow | silhouette
👥	People & Body	busts in silhouette	bff | bust | busts | everyone | friend | friends | people | silhouette
🫂	People & Body	people hugging	comfort | embrace | farewell | friendship | goodbye | hello | hug | hugging | love | people | thanks
👪	People & Body	family	child | family
🧑‍🧑‍🧒	People & Body	family: adult, adult, child	adult | child | family
🧑‍🧑‍🧒‍🧒	People & Body	family: adult, adult, child, child	adult | child | family
🧑‍🧒	People & Body	family: adult, child	adult | child | family
🧑‍🧒‍🧒	People & Body	family: adult, child, child	adult | child | family
👣	People & Body	footprints	barefoot | clothing | footprint | footprints | omw | print | walk
🫆	People & Body	fingerprint	clue | crime | detective | fingerprint | forensics | identity | mystery | print | safety | trace | security
🏻	Component	light skin tone	1–2 | light | skin | tone | type | light skin tone | skin tone
🏼	Component	medium-light skin tone	3 | medium-light | skin | tone | type | medium-light skin tone | skin tone
🏽	Component	medium skin tone	4 | medium | skin | tone | type | medium skin tone | skin tone
🏾	Component	medium-dark skin tone	5 | medium-dark | skin | tone | type | medium-dark skin tone | skin tone
🏿	Component	dark skin tone	6 | dark | skin | tone | type | dark skin tone | skin tone
🦰	Component	red hair	ginger | hair | red | redhead
🦱	Component	curly hair	afro | curly | hair | ringlets
🦳	Component	white hair	gray | hair | old | white | grey
🦲	Component	bald	bald | chemotherapy | hair | hairless | no | shaven
🐵	Animals & Nature	monkey face	animal | banana | face | monkey
🐒	Animals & Nature	monkey	animal | banana | monkey
🦍	Animals & Nature	gorilla	animal | gorilla
🦧	Animals & Nature	orangutan	animal | ape | monkey | orangutan
🐶	Animals & Nature	dog face	adorbs | animal | dog | face | pet | puppies | puppy
🐕	Animals & Nature	dog	animal | animals | dog | dogs | pet
🦮	Animals & Nature	guide dog	accessibility | animal | blind | dog | guide
🐕‍🦺	Animals & Nature	service dog	accessibility | animal | assistance | dog | service
🐩	Animals & Nature	poodle	animal | dog | fluffy | poodle
🐺	Animals & Nature	wolf	animal | face | wolf
🦊	Animals & Nature	fox	animal | face | fox
🦝	Animals & Nature	raccoon	animal | curious | raccoon | sly
🐱	Animals & Nature	cat face	animal | cat | face | kitten | kitty | pet
🐈	Animals & Nature	cat	animal | animals | cat | cats | kitten | pet
🐈‍⬛	Animals & Nature	black cat	animal | black | cat | feline | halloween | meow | unlucky
🦁	Animals & Nature	lion	alpha | animal | face | leo | lion | mane | order | rawr | roar | safari | strong | zodiac
🐯	Animals & Nature	tiger face	animal | big | cat | face | predator | tiger
🐅	Animals & Nature	tiger	animal | big | cat | predator | tiger | zoo
🐆	Animals & Nature	leopard	animal | big | cat | leopard | predator | zoo
🐴	Animals & Nature	horse face	animal | dressage | equine | face | farm | horse | horses
🫎	Animals & Nature	moose	alces | animal | antlers | elk | mammal | moose
🫏	Animals & Nature	donkey	animal | ass | burro | donkey | hinny | mammal | mule | stubborn
🐎	Animals & Nature	horse	animal | equestrian | farm | horse | racehorse | racing
🦄	Animals & Nature	unicorn	face | unicorn
🦓	Animals & Nature	zebra	animal | stripe | zebra
🦌	Animals & Nature	deer	animal | deer | stag
🦬	Animals & Nature	bison	animal | bison | buffalo | herd | wisent
🐮	Animals & Nature	cow face	animal | cow | face | farm | milk | moo
🐂	Animals & Nature	ox	animal | animals | bull | farm | ox | taurus | zodiac
🐃	Animals & Nature	water buffalo	animal | buffalo | water | zoo
🐄	Animals & Nature	cow	animal | animals | cow | farm | milk | moo
🐷	Animals & Nature	pig face	animal | bacon | face | farm | pig | pork
🐖	Animals & Nature	pig	animal | bacon | farm | pig | pork | sow
🐗	Animals & Nature	boar	animal | boar | pig
🐽	Animals & Nature	pig nose	animal | face | farm | nose | pig | smell | snout
🐏	Animals & Nature	ram	animal | aries | horns | male | ram | sheep | zodiac | zoo
🐑	Animals & Nature	ewe	animal | baa | ewe | farm | female | fluffy | lamb | sheep | wool
🐐	Animals & Nature	goat	animal | capricorn | farm | goat | milk | zodiac
🐪	Animals & Nature	camel	animal | camel | desert | dromedary | hump | one
🐫	Animals & Nature	two-hump camel	animal | bactrian | camel | desert | hump | two | two-hump | bactrian | two-hump camel
🦙	Animals & Nature	llama	alpaca | animal | guanaco | llama | vicuña | wool
🦒	Animals & Nature	giraffe	animal | giraffe | spots
🐘	Animals & Nature	elephant	animal | elephant
🦣	Animals & Nature	mammoth	animal | extinction | large | mammoth | tusk | wooly | woolly | extinct
🦏	Animals & Nature	rhinoceros	animal | rhinoceros | rhino
🦛	Animals & Nature	hippopotamus	animal | hippo | hippopotamus
🐭	Animals & Nature	mouse face	animal | face | mouse | pet
🐁	Animals & Nature	mouse	animal | animals | mouse | pet | rodent
🐀	Animals & Nature	rat	animal | rat | pet | rodent
🐹	Animals & Nature	hamster	animal | face | hamster | pet
🐰	Animals & Nature	rabbit face	animal | bunny | face | pet | rabbit
🐇	Animals & Nature	rabbit	animal | bunny | pet | rabbit
🐿️	Animals & Nature	chipmunk	
🐿	Animals & Nature	chipmunk	animal | chipmunk | squirrel
🦫	Animals & Nature	beaver	animal | beaver | dam | teeth
🦔	Animals & Nature	hedgehog	animal | hedgehog | spiny
🦇	Animals & Nature	bat	animal | bat | vampire
🐻	Animals & Nature	bear	animal | bear | face | grizzly | growl | honey
🐻‍❄️	Animals & Nature	polar bear	
🐻‍❄	Animals & Nature	polar bear	animal | arctic | bear | polar | white
🐨	Animals & Nature	koala	animal | australia | bear | down | face | koala | marsupial | under
🐼	Animals & Nature	panda	animal | bamboo | face | panda
🦥	Animals & Nature	sloth	lazy | sloth | slow
🦦	Animals & Nature	otter	animal | fishing | otter | playful
🦨	Animals & Nature	skunk	animal | skunk | stink
🦘	Animals & Nature	kangaroo	animal | joey | jump | kangaroo | marsupial
🦡	Animals & Nature	badger	animal | badger | honey | pester
🐾	Animals & Nature	paw prints	feet | paw | paws | print | prints
🦃	Animals & Nature	turkey	bird | gobble | thanksgiving | turkey | poultry
🐔	Animals & Nature	chicken	animal | bird | chicken | ornithology | poultry
🐓	Animals & Nature	rooster	animal | bird | ornithology | rooster
🐣	Animals & Nature	hatching chick	animal | baby | bird | chick | egg | hatching
🐤	Animals & Nature	baby chick	animal | baby | bird | chick | ornithology
🐥	Animals & Nature	front-facing baby chick	animal | baby | bird | chick | front-facing | newborn | ornithology
🐦	Animals & Nature	bird	animal | bird | ornithology
🐧	Animals & Nature	penguin	animal | antarctica | bird | ornithology | penguin
🕊️	Animals & Nature	dove	
🕊	Animals & Nature	dove	bird | dove | fly | ornithology | peace
🦅	Animals & Nature	eagle	animal | bird | eagle | ornithology | bird of prey
🦆	Animals & Nature	duck	animal | bird | duck | ornithology
🦢	Animals & Nature	swan	animal | bird | cygnet | duckling | ornithology | swan | ugly
🦉	Animals & Nature	owl	animal | bird | ornithology | owl | wise | bird of prey
🦤	Animals & Nature	dodo	animal | bird | dodo | extinction | large | ornithology
🪶	Animals & Nature	feather	bird | feather | flight | light | plumage
🦩	Animals & Nature	flamingo	animal | bird | flamboyant | flamingo | ornithology | tropical
🦚	Animals & Nature	peacock	animal | bird | colorful | ornithology | ostentatious | peacock | peahen | pretty | proud | colourful
🦜	Animals & Nature	parrot	animal | bird | ornithology | parrot | pirate | talk
🪽	Animals & Nature	wing	angelic | ascend | aviation | bird | fly | flying | heavenly | mythology | soar | wing
🐦‍⬛	Animals & Nature	black bird	animal | beak | bird | black | caw | corvid | crow | ornithology | raven | rook
🪿	Animals & Nature	goose	animal | bird | duck | flock | fowl | gaggle | gander | geese | goose | honk | ornithology | silly
🐦‍🔥	Animals & Nature	phoenix	ascend | ascension | emerge | fantasy | firebird | glory | immortal | phoenix | rebirth | reincarnation | reinvent | renewal | revival | revive | rise | transform
🐸	Animals & Nature	frog	animal | face | frog
🐊	Animals & Nature	crocodile	animal | crocodile | zoo
🐢	Animals & Nature	turtle	animal | terrapin | tortoise | turtle
🦎	Animals & Nature	lizard	animal | lizard | reptile
🐍	Animals & Nature	snake	animal | bearer | ophiuchus | serpent | snake | zodiac
🐲	Animals & Nature	dragon face	animal | dragon | face | fairy | fairytale | tale
🐉	Animals & Nature	dragon	animal | dragon | fairy | fairytale | knights | tale
🦕	Animals & Nature	sauropod	brachiosaurus | brontosaurus | dinosaur | diplodocus | sauropod
🦖	Animals & Nature	T-Rex	dinosaur | rex | t | t-rex | tyrannosaurus
🐳	Animals & Nature	spouting whale	animal | beach | face | ocean | spouting | whale
🐋	Animals & Nature	whale	animal | beach | ocean | whale
🐬	Animals & Nature	dolphin	animal | beach | dolphin | flipper | ocean | porpoise
🦭	Animals & Nature	seal	animal | lion | ocean | sea | seal
🐟	Animals & Nature	fish	animal | dinner | fish | fishes | fishing | pisces | zodiac
🐠	Animals & Nature	tropical fish	animal | fish | fishes | tropical | reef fish
🐡	Animals & Nature	blowfish	animal | blowfish | fish
🦈	Animals & Nature	shark	animal | fish | shark
🐙	Animals & Nature	octopus	animal | creature | ocean | octopus
🐚	Animals & Nature	spiral shell	animal | beach | conch | sea | shell | spiral
🪸	Animals & Nature	coral	change | climate | coral | ocean | reef | sea
🪼	Animals & Nature	jellyfish	animal | aquarium | burn | invertebrate | jelly | jellyfish | life | marine | ocean | ouch | plankton | sea | sting | stinger | tentacles
🦀	Animals & Nature	crab	cancer | crab | zodiac | crustacean | seafood | shellfish
🦞	Animals & Nature	lobster	animal | bisque | claws | lobster | seafood | shellfish
🦐	Animals & Nature	shrimp	food | shellfish | shrimp | small | prawn | seafood
🦑	Animals & Nature	squid	animal | food | mollusk | squid | mollusc | decapod | seafood
🦪	Animals & Nature	oyster	diving | oyster | pearl
🐌	Animals & Nature	snail	animal | escargot | garden | nature | slug | snail | mollusc
🦋	Animals & Nature	butterfly	butterfly | insect | pretty | moth
🐛	Animals & Nature	bug	animal | bug | garden | insect | caterpillar | worm
🐜	Animals & Nature	ant	animal | ant | garden | insect
🐝	Animals & Nature	honeybee	animal | bee | bumblebee | honey | honeybee | insect | nature | spring
🪲	Animals & Nature	beetle	animal | beetle | bug | insect
🐞	Animals & Nature	lady beetle	animal | beetle | garden | insect | lady | ladybird | ladybug | nature
🦗	Animals & Nature	cricket	animal | bug | cricket | grasshopper | insect | orthoptera
🪳	Animals & Nature	cockroach	animal | cockroach | insect | pest | roach
🕷️	Animals & Nature	spider	
🕷	Animals & Nature	spider	animal | insect | spider | arachnid
🕸️	Animals & Nature	spider web	
🕸	Animals & Nature	spider web	spider | web
🦂	Animals & Nature	scorpion	scorpio | scorpion | scorpius | zodiac
🦟	Animals & Nature	mosquito	bite | disease | fever | insect | malaria | mosquito | pest | virus | dengue | mozzie
🪰	Animals & Nature	fly	animal | disease | fly | insect | maggot | pest | rotting
🪱	Animals & Nature	worm	animal | annelid | earthworm | parasite | worm
🦠	Animals & Nature	microbe	amoeba | bacteria | microbe | science | virus
💐	Animals & Nature	bouquet	anniversary | birthday | bouquet | date | flower | love | plant | romance
🌸	Animals & Nature	cherry blossom	blossom | cherry | flower | plant | spring | springtime
💮	Animals & Nature	white flower	flower | white
🪷	Animals & Nature	lotus	beauty | buddhism | calm | flower | hinduism | lotus | peace | purity | serenity
🏵️	Animals & Nature	rosette	
🏵	Animals & Nature	rosette	plant | rosette
🌹	Animals & Nature	rose	beauty | elegant | flower | love | plant | red | rose | valentine
🥀	Animals & Nature	wilted flower	dying | flower | wilted
🌺	Animals & Nature	hibiscus	flower | hibiscus | plant
🌻	Animals & Nature	sunflower	flower | outdoors | plant | sun | sunflower
🌼	Animals & Nature	blossom	blossom | buttercup | dandelion | flower | plant
🌷	Animals & Nature	tulip	blossom | flower | growth | plant | tulip
🪻	Animals & Nature	hyacinth	bloom | bluebonnet | flower | hyacinth | indigo | lavender | lilac | lupine | plant | purple | shrub | snapdragon | spring | violet
🌱	Animals & Nature	seedling	plant | sapling | seedling | sprout | young
🪴	Animals & Nature	potted plant	decor | grow | house | nurturing | plant | pot | potted | potted plant | pot plant | boring | useless
🌲	Animals & Nature	evergreen tree	christmas | evergreen | forest | pine | tree
🌳	Animals & Nature	deciduous tree	deciduous | forest | green | habitat | shedding | tree
🌴	Animals & Nature	palm tree	beach | palm | plant | tree | tropical
🌵	Animals & Nature	cactus	cactus | desert | drought | nature | plant
🌾	Animals & Nature	sheaf of rice	ear | grain | grains | plant | rice | sheaf | sheaf of rice
🌿	Animals & Nature	herb	herb | leaf | plant
☘️	Animals & Nature	shamrock	
☘	Animals & Nature	shamrock	irish | plant | shamrock
🍀	Animals & Nature	four leaf clover	4 | clover | four | four-leaf | irish | leaf | lucky | plant
🍁	Animals & Nature	maple leaf	falling | leaf | maple
🍂	Animals & Nature	fallen leaf	autumn | fall | fallen | falling | leaf
🍃	Animals & Nature	leaf fluttering in wind	blow | flutter | fluttering | leaf | wind
🪹	Animals & Nature	empty nest	branch | empty | home | nest | nesting
🪺	Animals & Nature	nest with eggs	bird | branch | egg | eggs | nest | nesting
🍄	Animals & Nature	mushroom	fungus | mushroom | toadstool
🪾	Animals & Nature	leafless tree	bare | barren | branches | dead | drought | leafless | tree | trunk | winter | wood
🍇	Food & Drink	grapes	dionysus | fruit | grape | grapes
🍈	Food & Drink	melon	cantaloupe | fruit | melon
🍉	Food & Drink	watermelon	fruit | watermelon
🍊	Food & Drink	tangerine	c | citrus | fruit | nectarine | orange | tangerine | vitamin | mandarin
🍋	Food & Drink	lemon	citrus | fruit | lemon | sour
🍋‍🟩	Food & Drink	lime	acidity | citrus | cocktail | fruit | garnish | key | lime | margarita | mojito | refreshing | salsa | sour | tangy | tequila | tropical | zest
🍌	Food & Drink	banana	banana | fruit | potassium
🍍	Food & Drink	pineapple	colada | fruit | pina | pineapple | tropical
🥭	Food & Drink	mango	food | fruit | mango | tropical
🍎	Food & Drink	red apple	apple | diet | food | fruit | health | red | ripe
🍏	Food & Drink	green apple	apple | fruit | green
🍐	Food & Drink	pear	fruit | pear
🍑	Food & Drink	peach	fruit | peach
🍒	Food & Drink	cherries	berries | cherries | cherry | fruit | red
🍓	Food & Drink	strawberry	berry | fruit | strawberry
🫐	Food & Drink	blueberries	berries | berry | bilberry | blue | blueberries | blueberry | food | fruit
🥝	Food & Drink	kiwi fruit	food | fruit | kiwi | kiwi fruit
🍅	Food & Drink	tomato	food | fruit | tomato | vegetable
🫒	Food & Drink	olive	food | olive
🥥	Food & Drink	coconut	coconut | colada | palm | piña
🥑	Food & Drink	avocado	avocado | food | fruit
🍆	Food & Drink	eggplant	aubergine | eggplant | vegetable
🥔	Food & Drink	potato	food | potato | vegetable
🥕	Food & Drink	carrot	carrot | food | vegetable
🌽	Food & Drink	ear of corn	corn | crops | ear | farm | maize | maze | corn on the cob | sweetcorn
🌶️	Food & Drink	hot pepper	
🌶	Food & Drink	hot pepper	hot | pepper | chilli | hot pepper
🫑	Food & Drink	bell pepper	bell | capsicum | food | pepper | vegetable | bell pepper | sweet pepper
🥒	Food & Drink	cucumber	cucumber | food | pickle | vegetable
🥬	Food & Drink	leafy green	bok | burgers | cabbage | choy | green | kale | leafy | lettuce | salad | bok choy | leafy green | pak choi
🥦	Food & Drink	broccoli	broccoli | cabbage | wild
🧄	Food & Drink	garlic	flavoring | garlic | flavouring
🧅	Food & Drink	onion	flavoring | onion | flavouring
🥜	Food & Drink	peanuts	food | nut | peanut | peanuts | vegetable | nuts
🫘	Food & Drink	beans	beans | food | kidney | legume | small | kidney bean | kidney beans
🌰	Food & Drink	chestnut	almond | chestnut | plant | nut
🫚	Food & Drink	ginger root	beer | ginger | health | herb | natural | root | spice | ginger root | root ginger
🫛	Food & Drink	pea pod	beans | beanstalk | edamame | legume | pea | pod | soybean | vegetable | veggie
🍄‍🟫	Food & Drink	brown mushroom	food | fungi | fungus | mushroom | nature | pizza | portobello | shiitake | shroom | spore | sprout | toppings | truffle | vegetable | vegetarian | veggie
🫜	Food & Drink	root vegetable	beet | food | garden | radish | root | salad | turnip | vegetable | vegetarian | beetroot
🍞	Food & Drink	bread	bread | carbs | food | grain | loaf | restaurant | toast | wheat
🥐	Food & Drink	croissant	bread | breakfast | crescent | croissant | food | french | roll | french
🥖	Food & Drink	baguette bread	baguette | bread | food | french | french stick | french
🫓	Food & Drink	flatbread	arepa | bread | flatbread | food | gordita | lavash | naan | pita
🥨	Food & Drink	pretzel	convoluted | pretzel | twisted
🥯	Food & Drink	bagel	bagel | bakery | bread | breakfast | schmear
🥞	Food & Drink	pancakes	breakfast | crêpe | food | hotcake | pancake | pancakes | crepe
🧇	Food & Drink	waffle	breakfast | indecisive | iron | waffle | unclear | vague | waffle with butter
🧀	Food & Drink	cheese wedge	cheese | wedge
🍖	Food & Drink	meat on bone	bone | meat
🍗	Food & Drink	poultry leg	bone | chicken | drumstick | hungry | leg | poultry | turkey
🥩	Food & Drink	cut of meat	chop | cut | lambchop | meat | porkchop | red | steak | cut of meat | lamb chop | pork chop
🥓	Food & Drink	bacon	bacon | breakfast | food | meat
🍔	Food & Drink	hamburger	burger | eat | fast | food | hamburger | hungry | beefburger
🍟	Food & Drink	french fries	fast | food | french | fries | chips | french fries | french
🍕	Food & Drink	pizza	cheese | food | hungry | pepperoni | pizza | slice
🌭	Food & Drink	hot dog	dog | frankfurter | hot | hotdog | sausage | frank | hot dog
🥪	Food & Drink	sandwich	bread | sandwich
🌮	Food & Drink	taco	mexican | taco | mexican
🌯	Food & Drink	burrito	burrito | mexican | wrap | mexican
🫔	Food & Drink	tamale	food | mexican | pamonha | tamale | wrapped | mexican
🥙	Food & Drink	stuffed flatbread	falafel | flatbread | food | gyro | kebab | stuffed | pita roll
🧆	Food & Drink	falafel	chickpea | falafel | meatball | chick pea
🥚	Food & Drink	egg	breakfast | egg | food
🍳	Food & Drink	cooking	breakfast | cooking | easy | egg | fry | frying | over | pan | restaurant | side | sunny | up
🥘	Food & Drink	shallow pan of food	casserole | food | paella | pan | shallow
🍲	Food & Drink	pot of food	food | pot | soup | stew
🫕	Food & Drink	fondue	cheese | chocolate | fondue | food | melted | pot | ski
🥣	Food & Drink	bowl with spoon	bowl | breakfast | cereal | congee | oatmeal | porridge | spoon
🥗	Food & Drink	green salad	food | green | salad | garden
🍿	Food & Drink	popcorn	corn | movie | pop | popcorn
🧈	Food & Drink	butter	butter | dairy
🧂	Food & Drink	salt	condiment | flavor | mad | salt | salty | shaker | taste | upset | flavour
🥫	Food & Drink	canned food	can | canned | food
🍱	Food & Drink	bento box	bento | box | food
🍘	Food & Drink	rice cracker	cracker | food | rice
🍙	Food & Drink	rice ball	ball | food | japanese | rice
🍚	Food & Drink	cooked rice	cooked | food | rice
🍛	Food & Drink	curry rice	curry | food | rice
🍜	Food & Drink	steaming bowl	bowl | chopsticks | food | noodle | pho | ramen | soup | steaming
🍝	Food & Drink	spaghetti	food | meatballs | pasta | restaurant | spaghetti
🍠	Food & Drink	roasted sweet potato	food | potato | roasted | sweet
🍢	Food & Drink	oden	food | kebab | oden | restaurant | seafood | skewer | stick
🍣	Food & Drink	sushi	food | sushi
🍤	Food & Drink	fried shrimp	fried | prawn | shrimp | tempura | battered
🍥	Food & Drink	fish cake with swirl	cake | fish | food | pastry | restaurant | swirl | fish cake with swirl | narutomaki
🥮	Food & Drink	moon cake	autumn | cake | festival | moon | yuèbǐng
🍡	Food & Drink	dango	dango | dessert | japanese | skewer | stick | sweet
🥟	Food & Drink	dumpling	dumpling | empanada | gyōza | jiaozi | pierogi | potsticker | pastie | samosa
🥠	Food & Drink	fortune cookie	cookie | fortune | prophecy
🥡	Food & Drink	takeout box	box | chopsticks | delivery | food | oyster | pail | takeout | oyster pail | takeaway box | takeout box | takeaway container
🍦	Food & Drink	soft ice cream	cream | dessert | food | ice | icecream | restaurant | serve | soft | sweet | ice cream | soft serve | soft-serve ice cream
🍧	Food & Drink	shaved ice	dessert | ice | restaurant | shaved | sweet | granita
🍨	Food & Drink	ice cream	cream | dessert | food | ice | restaurant | sweet | ice cream
🍩	Food & Drink	doughnut	breakfast | dessert | donut | doughnut | food | sweet
🍪	Food & Drink	cookie	chip | chocolate | cookie | dessert | sweet | biscuit
🎂	Food & Drink	birthday cake	bday | birthday | cake | celebration | dessert | happy | pastry | sweet
🍰	Food & Drink	shortcake	cake | dessert | pastry | shortcake | slice | sweet
🧁	Food & Drink	cupcake	bakery | cupcake | dessert | sprinkles | sugar | sweet | treat
🥧	Food & Drink	pie	apple | filling | fruit | meat | pastry | pie | pumpkin | slice
🍫	Food & Drink	chocolate bar	bar | candy | chocolate | dessert | halloween | sweet | tooth
🍬	Food & Drink	candy	candy | cavities | dessert | halloween | restaurant | sweet | tooth | wrapper | sweets
🍭	Food & Drink	lollipop	candy | dessert | food | lollipop | restaurant | sweet
🍮	Food & Drink	custard	custard | dessert | pudding | sweet | baked custard
🍯	Food & Drink	honey pot	barrel | bear | food | honey | honeypot | jar | pot | sweet
🍼	Food & Drink	baby bottle	babies | baby | birth | born | bottle | drink | infant | milk | newborn
🥛	Food & Drink	glass of milk	drink | glass | milk
☕	Food & Drink	hot beverage	beverage | cafe | caffeine | chai | coffee | drink | hot | morning | steaming | tea
🫖	Food & Drink	teapot	brew | drink | food | pot | tea | teapot
🍵	Food & Drink	teacup without handle	beverage | cup | drink | handle | oolong | tea | teacup
🍶	Food & Drink	sake	bar | beverage | bottle | cup | drink | restaurant | sake | saké
🍾	Food & Drink	bottle with popping cork	bar | bottle | cork | drink | popping | bottle with popping cork | bubbly
🍷	Food & Drink	wine glass	alcohol | bar | beverage | booze | club | drink | drinking | drinks | glass | restaurant | wine
🍸	Food & Drink	cocktail glass	alcohol | bar | booze | club | cocktail | drink | drinking | drinks | glass | mad | martini | men
🍹	Food & Drink	tropical drink	alcohol | bar | booze | club | cocktail | drink | drinking | drinks | drunk | mai | party | tai | tropical | tropics
🍺	Food & Drink	beer mug	alcohol | ale | bar | beer | booze | drink | drinking | drinks | mug | octoberfest | oktoberfest | pint | stein | summer
🍻	Food & Drink	clinking beer mugs	alcohol | bar | beer | booze | bottoms | cheers | clink | clinking | drinking | drinks | mugs | clinking beer mugs | drink | mug
🥂	Food & Drink	clinking glasses	celebrate | clink | clinking | drink | glass | glasses | cheers | clinking glasses
🥃	Food & Drink	tumbler glass	glass | liquor | scotch | shot | tumbler | whiskey | whisky
🫗	Food & Drink	pouring liquid	accident | drink | empty | glass | liquid | oops | pour | pouring | spill | water
🥤	Food & Drink	cup with straw	cup | drink | juice | malt | soda | soft | straw | water
🧋	Food & Drink	bubble tea	boba | bubble | food | milk | pearl | tea
🧃	Food & Drink	beverage box	beverage | box | juice | straw | sweet | drink carton | juice box | popper
🧉	Food & Drink	mate	drink | mate | maté
🧊	Food & Drink	ice	cold | cube | ice | iceberg
🥢	Food & Drink	chopsticks	chopsticks | hashi | jeotgarak | kuaizi | pair of chopsticks
🍽️	Food & Drink	fork and knife with plate	
🍽	Food & Drink	fork and knife with plate	cooking | dinner | eat | fork | knife | plate
🍴	Food & Drink	fork and knife	breakfast | breaky | cooking | cutlery | delicious | dinner | eat | feed | food | fork | hungry | knife | lunch | restaurant | yum | yummy | brekkie | meal | fork and knife | knife and fork
🥄	Food & Drink	spoon	eat | spoon | tableware
🔪	Food & Drink	kitchen knife	chef | cooking | hocho | kitchen | knife | tool | weapon
🫙	Food & Drink	jar	condiment | container | empty | jar | nothing | sauce | store
🏺	Food & Drink	amphora	amphora | aquarius | cooking | drink | jug | tool | weapon | zodiac | jar
🌍	Travel & Places	globe showing Europe-Africa	africa | earth | europe | europe-africa | globe | showing | world
🌎	Travel & Places	globe showing Americas	americas | earth | globe | showing | world
🌏	Travel & Places	globe showing Asia-Australia	asia | asia-australia | australia | earth | globe | showing | world
🌐	Travel & Places	globe with meridians	earth | globe | internet | meridians | web | world | worldwide
🗺️	Travel & Places	world map	
🗺	Travel & Places	world map	map | world
🗾	Travel & Places	map of Japan	japan | map
🧭	Travel & Places	compass	compass | direction | magnetic | navigation | orienteering
🏔️	Travel & Places	snow-capped mountain	
🏔	Travel & Places	snow-capped mountain	cold | mountain | snow | snow-capped
⛰️	Travel & Places	mountain	
⛰	Travel & Places	mountain	mountain
🌋	Travel & Places	volcano	eruption | mountain | nature | volcano
🗻	Travel & Places	mount fuji	fuji | mount | mountain | nature | fuji | mount fuji | mount fuji
🏕️	Travel & Places	camping	
🏕	Travel & Places	camping	camping
🏖️	Travel & Places	beach with umbrella	
🏖	Travel & Places	beach with umbrella	beach | umbrella
🏜️	Travel & Places	desert	
🏜	Travel & Places	desert	desert
🏝️	Travel & Places	desert island	
🏝	Travel & Places	desert island	desert | island
🏞️	Travel & Places	national park	
🏞	Travel & Places	national park	national | park
🏟️	Travel & Places	stadium	
🏟	Travel & Places	stadium	stadium | arena
🏛️	Travel & Places	classical building	
🏛	Travel & Places	classical building	building | classical | classical building | column
🏗️	Travel & Places	building construction	
🏗	Travel & Places	building construction	building | construction | crane
🧱	Travel & Places	brick	brick | bricks | clay | mortar | wall
🪨	Travel & Places	rock	boulder | heavy | rock | solid | stone | tough
🪵	Travel & Places	wood	log | lumber | timber | wood
🛖	Travel & Places	hut	home | house | hut | roundhouse | shelter | yurt
🏘️	Travel & Places	houses	
🏘	Travel & Places	houses	house | houses
🏚️	Travel & Places	derelict house	
🏚	Travel & Places	derelict house	derelict | home | house
🏠	Travel & Places	house	building | country | heart | home | house | ranch | settle | simple | suburban | suburbia | where
🏡	Travel & Places	house with garden	building | country | garden | heart | home | house | ranch | settle | simple | suburban | suburbia | where
🏢	Travel & Places	office building	building | city | cubical | job | office
🏣	Travel & Places	Japanese post office	building | japanese | office | post
🏤	Travel & Places	post office	building | european | office | post
🏥	Travel & Places	hospital	building | doctor | hospital | medicine
🏦	Travel & Places	bank	bank | building
🏨	Travel & Places	hotel	building | hotel
🏩	Travel & Places	love hotel	building | hotel | love
🏪	Travel & Places	convenience store	24 | building | convenience | hours | store | dépanneur
🏫	Travel & Places	school	building | school
🏬	Travel & Places	department store	building | department | store
🏭	Travel & Places	factory	building | factory
🏯	Travel & Places	Japanese castle	building | castle | japanese
🏰	Travel & Places	castle	building | castle | european
💒	Travel & Places	wedding	chapel | hitched | nuptials | romance | wedding
🗼	Travel & Places	Tokyo tower	tokyo | tower | tower
🗽	Travel & Places	Statue of Liberty	liberty | liberty | new | ny | nyc | statue | statue | york | statue of liberty
⛪	Travel & Places	church	bless | chapel | christian | church | cross | religion
🕌	Travel & Places	mosque	islam | masjid | mosque | muslim | religion | islam
🛕	Travel & Places	hindu temple	hindu | temple | hindu
🕍	Travel & Places	synagogue	jew | jewish | judaism | religion | synagogue | temple | shul
⛩️	Travel & Places	shinto shrine	
⛩	Travel & Places	shinto shrine	religion | shinto | shrine | shinto
🕋	Travel & Places	kaaba	hajj | islam | kaaba | muslim | religion | umrah | islam | kaaba
⛲	Travel & Places	fountain	fountain
⛺	Travel & Places	tent	camping | tent
🌁	Travel & Places	foggy	fog | foggy
🌃	Travel & Places	night with stars	night | star | stars | night with stars | starry night
🏙️	Travel & Places	cityscape	
🏙	Travel & Places	cityscape	city | cityscape | skyline
🌄	Travel & Places	sunrise over mountains	morning | mountains | over | sun | sunrise
🌅	Travel & Places	sunrise	morning | nature | sun | sunrise
🌆	Travel & Places	cityscape at dusk	at | building | city | cityscape | dusk | evening | landscape | sun | sunset | cityscape at dusk | skyline at dusk
🌇	Travel & Places	sunset	building | dusk | sun | sunset
🌉	Travel & Places	bridge at night	at | bridge | night
♨️	Travel & Places	hot springs	
♨	Travel & Places	hot springs	hot | hotsprings | springs | steaming
🎠	Travel & Places	carousel horse	carousel | entertainment | horse | merry-go-round
🛝	Travel & Places	playground slide	amusement | park | play | playground | playing | slide | sliding | theme | amusement park | playground slide | theme park
🎡	Travel & Places	ferris wheel	amusement | ferris | park | theme | wheel | amusement park | theme park | ferris
🎢	Travel & Places	roller coaster	amusement | coaster | park | roller | theme | amusement park | theme park
💈	Travel & Places	barber pole	barber | cut | fresh | haircut | pole | shave
🎪	Travel & Places	circus tent	circus | tent | big top
🚂	Travel & Places	locomotive	caboose | engine | locomotive | railway | steam | train | trains | travel
🚃	Travel & Places	railway car	car | electric | railway | train | tram | travel | trolleybus | railway carriage | train carriage | trolley bus
🚄	Travel & Places	high-speed train	high-speed | railway | shinkansen | speed | train | high-speed train | shinkansen
🚅	Travel & Places	bullet train	bullet | high-speed | nose | railway | shinkansen | speed | train | travel | shinkansen
🚆	Travel & Places	train	arrived | choo | railway | train
🚇	Travel & Places	metro	metro | subway | travel | tube | underground
🚈	Travel & Places	light rail	arrived | light | monorail | rail | railway
🚉	Travel & Places	station	railway | station | train
🚊	Travel & Places	tram	tram | trolleybus | light rail | oncoming | oncoming light rail | car | streetcar | tramcar | trolley | trolley bus
🚝	Travel & Places	monorail	monorail | vehicle
🚞	Travel & Places	mountain railway	car | mountain | railway | trip
🚋	Travel & Places	tram car	bus | car | tram | trolley | trolleybus | trolley bus | streetcar | tramcar
🚌	Travel & Places	bus	bus | school | vehicle
🚍	Travel & Places	oncoming bus	bus | cars | oncoming
🚎	Travel & Places	trolleybus	bus | tram | trolley | trolleybus | streetcar
🚐	Travel & Places	minibus	bus | drive | minibus | van | vehicle
🚑	Travel & Places	ambulance	ambulance | emergency | vehicle
🚒	Travel & Places	fire engine	engine | fire | truck
🚓	Travel & Places	police car	5–0 | car | cops | patrol | police
🚔	Travel & Places	oncoming police car	car | oncoming | police
🚕	Travel & Places	taxi	cab | cabbie | car | drive | taxi | vehicle | yellow
🚖	Travel & Places	oncoming taxi	cab | cabbie | cars | drove | hail | oncoming | taxi | yellow
🚗	Travel & Places	automobile	automobile | car | driving | vehicle
🚘	Travel & Places	oncoming automobile	automobile | car | cars | drove | oncoming | vehicle
🚙	Travel & Places	sport utility vehicle	car | drive | recreational | sport | sportutility | utility | vehicle | 4x4 | off-road | suv | 4wd | four-wheel drive | sport utility | sport utility vehicle | suv
🛻	Travel & Places	pickup truck	automobile | car | flatbed | pick-up | pickup | transportation | truck | ute
🚚	Travel & Places	delivery truck	car | delivery | drive | truck | vehicle
🚛	Travel & Places	articulated lorry	articulated | car | drive | lorry | move | semi | truck | vehicle | articulated truck
🚜	Travel & Places	tractor	tractor | vehicle
🏎️	Travel & Places	racing car	
🏎	Travel & Places	racing car	car | racing | zoom
🏍️	Travel & Places	motorcycle	
🏍	Travel & Places	motorcycle	motorcycle | racing
🛵	Travel & Places	motor scooter	motor | scooter
🦽	Travel & Places	manual wheelchair	accessibility | manual | wheelchair
🦼	Travel & Places	motorized wheelchair	accessibility | motorized | wheelchair | powered wheelchair | mobility scooter
🛺	Travel & Places	auto rickshaw	auto | rickshaw | tuk | auto rickshaw | tuk tuk | tuk-tuk | tuktuk
🚲	Travel & Places	bicycle	bicycle | bike | class | cycle | cycling | cyclist | gang | ride | spin | spinning
🛴	Travel & Places	kick scooter	kick | scooter
🛹	Travel & Places	skateboard	board | skate | skateboard | skater | wheels
🛼	Travel & Places	roller skate	blades | roller | skate | skates | sport | rollerskate
🚏	Travel & Places	bus stop	bus | busstop | stop
🛣️	Travel & Places	motorway	
🛣	Travel & Places	motorway	highway | motorway | road | freeway
🛤️	Travel & Places	railway track	
🛤	Travel & Places	railway track	railway | track | train
🛢️	Travel & Places	oil drum	
🛢	Travel & Places	oil drum	drum | oil
⛽	Travel & Places	fuel pump	diesel | fuel | fuelpump | gas | gasoline | pump | station | petrol pump
🛞	Travel & Places	wheel	car | circle | tire | turn | vehicle | wheel | tyre
🚨	Travel & Places	police car light	alarm | alert | beacon | car | emergency | light | police | revolving | siren
🚥	Travel & Places	horizontal traffic light	horizontal | intersection | light | signal | stop | stoplight | traffic | horizontal traffic lights | lights
🚦	Travel & Places	vertical traffic light	drove | intersection | light | signal | stop | stoplight | traffic | vertical | lights | vertical traffic lights
🛑	Travel & Places	stop sign	octagonal | sign | stop
🚧	Travel & Places	construction	barrier | construction
⚓	Travel & Places	anchor	anchor | ship | tool
🛟	Travel & Places	ring buoy	buoy | float | life | lifesaver | preserver | rescue | ring | safety | save | saver | swim | life preserver | life saver | lifebuoy | ring buoy
⛵	Travel & Places	sailboat	boat | resort | sailboat | sailing | sea | yacht
🛶	Travel & Places	canoe	boat | canoe
🚤	Travel & Places	speedboat	billionaire | boat | lake | luxury | millionaire | speedboat | summer | travel
🛳️	Travel & Places	passenger ship	
🛳	Travel & Places	passenger ship	passenger | ship
⛴️	Travel & Places	ferry	
⛴	Travel & Places	ferry	boat | ferry | passenger
🛥️	Travel & Places	motor boat	
🛥	Travel & Places	motor boat	boat | motor | motorboat
🚢	Travel & Places	ship	boat | passenger | ship | travel
✈️	Travel & Places	airplane	
✈	Travel & Places	airplane	aeroplane | airplane | fly | flying | jet | plane | travel | flight
🛩️	Travel & Places	small airplane	
🛩	Travel & Places	small airplane	aeroplane | airplane | plane | small | small airplane | small plane
🛫	Travel & Places	airplane departure	aeroplane | airplane | check-in | departure | departures | plane | take-off | flight departure | plane departure
🛬	Travel & Places	airplane arrival	aeroplane | airplane | arrival | arrivals | arriving | landing | plane
🪂	Travel & Places	parachute	hang-glide | parachute | parasail | skydive | parascend
💺	Travel & Places	seat	chair | seat
🚁	Travel & Places	helicopter	copter | helicopter | roflcopter | travel | vehicle
🚟	Travel & Places	suspension railway	railway | suspension | cable
🚠	Travel & Places	mountain cableway	cable | cableway | gondola | lift | mountain | ski
🚡	Travel & Places	aerial tramway	aerial | cable | car | gondola | ropeway | tramway
🛰️	Travel & Places	satellite	
🛰	Travel & Places	satellite	satellite | space
🚀	Travel & Places	rocket	launch | rocket | rockets | space | travel
🛸	Travel & Places	flying saucer	aliens | extra | flying | saucer | terrestrial | ufo | flying saucer | spaceship
🛎️	Travel & Places	bellhop bell	
🛎	Travel & Places	bellhop bell	bell | bellhop | hotel | porter
🧳	Travel & Places	luggage	bag | luggage | packing | roller | suitcase | travel
⌛	Travel & Places	hourglass done	done | hourglass | sand | time | timer | hourglass done
⏳	Travel & Places	hourglass not done	done | flowing | hourglass | hours | not | sand | timer | waiting | yolo
⌚	Travel & Places	watch	clock | time | watch
⏰	Travel & Places	alarm clock	alarm | clock | hours | hrs | late | time | waiting
⏱️	Travel & Places	stopwatch	
⏱	Travel & Places	stopwatch	clock | stopwatch | time
⏲️	Travel & Places	timer clock	
⏲	Travel & Places	timer clock	clock | timer
🕰️	Travel & Places	mantelpiece clock	
🕰	Travel & Places	mantelpiece clock	clock | mantelpiece | time
🕛	Travel & Places	twelve o’clock	12 | 12:00 | clock | o’clock | time | twelve
🕧	Travel & Places	twelve-thirty	12 | 12:30 | 30 | clock | thirty | time | twelve | twelve-thirty | 12.30 | half past twelve
🕐	Travel & Places	one o’clock	1 | 1:00 | clock | o’clock | one | time
🕜	Travel & Places	one-thirty	1 | 1:30 | 30 | clock | one | one-thirty | thirty | time | 1.30 | half past one
🕑	Travel & Places	two o’clock	2 | 2:00 | clock | o’clock | time | two
🕝	Travel & Places	two-thirty	2 | 2:30 | 30 | clock | thirty | time | two | two-thirty | 2.30 | half past two
🕒	Travel & Places	three o’clock	3 | 3:00 | clock | o’clock | three | time
🕞	Travel & Places	three-thirty	3 | 3:30 | 30 | clock | thirty | three | three-thirty | time | 3.30 | half past three
🕓	Travel & Places	four o’clock	4 | 4:00 | clock | four | o’clock | time
🕟	Travel & Places	four-thirty	30 | 4 | 4:30 | clock | four | four-thirty | thirty | time | 4.30 | half past four
🕔	Travel & Places	five o’clock	5 | 5:00 | clock | five | o’clock | time
🕠	Travel & Places	five-thirty	30 | 5 | 5:30 | clock | five | five-thirty | thirty | time | 5.30 | half past five
🕕	Travel & Places	six o’clock	6 | 6:00 | clock | o’clock | six | time
🕡	Travel & Places	six-thirty	30 | 6 | 6:30 | clock | six | six-thirty | thirty | 6.30 | half past six
🕖	Travel & Places	seven o’clock	0 | 7 | 7:00 | clock | o’clock | seven
🕢	Travel & Places	seven-thirty	30 | 7 | 7:30 | clock | seven | seven-thirty | thirty | 7.30 | half past seven
🕗	Travel & Places	eight o’clock	8 | 8:00 | clock | eight | o’clock | time
🕣	Travel & Places	eight-thirty	30 | 8 | 8:30 | clock | eight | eight-thirty | thirty | time | 8.30 | half past eight
🕘	Travel & Places	nine o’clock	9 | 9:00 | clock | nine | o’clock | time
🕤	Travel & Places	nine-thirty	30 | 9 | 9:30 | clock | nine | nine-thirty | thirty | time | 9.30 | half past nine
🕙	Travel & Places	ten o’clock	0 | 10 | 10:00 | clock | o’clock | ten
🕥	Travel & Places	ten-thirty	10 | 10:30 | 30 | clock | ten | ten-thirty | thirty | time | 10.30 | half past ten
🕚	Travel & Places	eleven o’clock	11 | 11:00 | clock | eleven | o’clock | time
🕦	Travel & Places	eleven-thirty	11 | 11:30 | 30 | clock | eleven | eleven-thirty | thirty | time | 11.30 | half past eleven
🌑	Travel & Places	new moon	dark | moon | new | space
🌒	Travel & Places	waxing crescent moon	crescent | dreams | moon | space | waxing
🌓	Travel & Places	first quarter moon	first | moon | quarter | space
🌔	Travel & Places	waxing gibbous moon	gibbous | moon | space | waxing
🌕	Travel & Places	full moon	full | moon | space
🌖	Travel & Places	waning gibbous moon	gibbous | moon | space | waning
🌗	Travel & Places	last quarter moon	last | moon | quarter | space
🌘	Travel & Places	waning crescent moon	crescent | moon | space | waning
🌙	Travel & Places	crescent moon	crescent | moon | ramadan | space
🌚	Travel & Places	new moon face	face | moon | new | space
🌛	Travel & Places	first quarter moon face	face | first | moon | quarter | space
🌜	Travel & Places	last quarter moon face	dreams | face | last | moon | quarter
🌡️	Travel & Places	thermometer	
🌡	Travel & Places	thermometer	thermometer | weather
☀️	Travel & Places	sun	
☀	Travel & Places	sun	bright | rays | space | sun | sunny | weather
🌝	Travel & Places	full moon face	bright | face | full | moon | full-moon face
🌞	Travel & Places	sun with face	beach | bright | day | face | heat | shine | sun | sunny | sunshine | weather
🪐	Travel & Places	ringed planet	planet | ringed | saturn | saturnine
⭐	Travel & Places	star	astronomy | medium | star | stars | white
🌟	Travel & Places	glowing star	glittery | glow | glowing | night | shining | sparkle | star | win
🌠	Travel & Places	shooting star	falling | night | shooting | space | star
🌌	Travel & Places	milky way	milky | space | way | milky way | milky | way
☁️	Travel & Places	cloud	
☁	Travel & Places	cloud	cloud | weather
⛅	Travel & Places	sun behind cloud	behind | cloud | cloudy | sun | weather
⛈️	Travel & Places	cloud with lightning and rain	
⛈	Travel & Places	cloud with lightning and rain	cloud | lightning | rain | thunder | thunderstorm
🌤️	Travel & Places	sun behind small cloud	
🌤	Travel & Places	sun behind small cloud	behind | cloud | sun | weather
🌥️	Travel & Places	sun behind large cloud	
🌥	Travel & Places	sun behind large cloud	behind | cloud | sun | weather
🌦️	Travel & Places	sun behind rain cloud	
🌦	Travel & Places	sun behind rain cloud	behind | cloud | rain | sun | weather
🌧️	Travel & Places	cloud with rain	
🌧	Travel & Places	cloud with rain	cloud | rain | weather
🌨️	Travel & Places	cloud with snow	
🌨	Travel & Places	cloud with snow	cloud | cold | snow | weather
🌩️	Travel & Places	cloud with lightning	
🌩	Travel & Places	cloud with lightning	cloud | lightning | weather
🌪️	Travel & Places	tornado	
🌪	Travel & Places	tornado	cloud | tornado | weather | whirlwind
🌫️	Travel & Places	fog	
🌫	Travel & Places	fog	cloud | fog | weather
🌬️	Travel & Places	wind face	
🌬	Travel & Places	wind face	blow | cloud | face | wind
🌀	Travel & Places	cyclone	cyclone | dizzy | hurricane | twister | typhoon | weather
🌈	Travel & Places	rainbow	gay | genderqueer | glbt | glbtq | lesbian | lgbt | lgbtq | lgbtqia | nature | pride | queer | rain | rainbow | trans | transgender | weather
🌂	Travel & Places	closed umbrella	closed | clothing | rain | umbrella
☂️	Travel & Places	umbrella	
☂	Travel & Places	umbrella	clothing | rain | umbrella
☔	Travel & Places	umbrella with rain drops	clothing | drop | drops | rain | umbrella | weather
⛱️	Travel & Places	umbrella on ground	
⛱	Travel & Places	umbrella on ground	ground | rain | sun | umbrella | beach | sand
⚡	Travel & Places	high voltage	danger | electric | electricity | high | lightning | nature | thunder | thunderbolt | voltage | zap
❄️	Travel & Places	snowflake	
❄	Travel & Places	snowflake	cold | snow | snowflake | weather
☃️	Travel & Places	snowman	
☃	Travel & Places	snowman	cold | man | snow | snowman
⛄	Travel & Places	snowman without snow	cold | man | snow | snowman
☄️	Travel & Places	comet	
☄	Travel & Places	comet	comet | space
🔥	Travel & Places	fire	af | burn | fire | flame | hot | lit | litaf | tool
💧	Travel & Places	droplet	cold | comic | drop | droplet | nature | sad | sweat | tear | water | weather
🌊	Travel & Places	water wave	nature | ocean | surf | surfer | surfing | water | wave
🎃	Activities	jack-o-lantern	celebration | halloween | jack | jack-o-lantern | lantern | pumpkin | halloween | jack-o’-lantern
🎄	Activities	Christmas tree	celebration | christmas | tree
🎆	Activities	fireworks	boom | celebration | entertainment | fireworks | yolo
🎇	Activities	sparkler	boom | celebration | fireworks | sparkle | sparkler
🧨	Activities	firecracker	dynamite | explosive | fire | firecracker | fireworks | light | pop | popping | spark
✨	Activities	sparkles	* | magic | sparkle | sparkles | star
🎈	Activities	balloon	balloon | birthday | celebrate | celebration
🎉	Activities	party popper	awesome | birthday | celebrate | celebration | excited | hooray | party | popper | tada | woohoo | ta-da
🎊	Activities	confetti ball	ball | celebrate | celebration | confetti | party | woohoo
🎋	Activities	tanabata tree	banner | celebration | japanese | tanabata | tree | tanabata tree
🎍	Activities	pine decoration	bamboo | celebration | decoration | japanese | pine | plant
🎎	Activities	Japanese dolls	celebration | doll | dolls | festival | japanese
🎏	Activities	carp streamer	carp | celebration | streamer | carp wind sock | japanese wind socks | koinobori
🎐	Activities	wind chime	bell | celebration | chime | wind
🎑	Activities	moon viewing ceremony	celebration | ceremony | moon | viewing | moon viewing ceremony | moon-viewing ceremony
🧧	Activities	red envelope	envelope | gift | good | hóngbāo | lai | luck | money | red | see
🎀	Activities	ribbon	celebration | ribbon
🎁	Activities	wrapped gift	birthday | bow | box | celebration | christmas | gift | present | surprise | wrapped
🎗️	Activities	reminder ribbon	
🎗	Activities	reminder ribbon	celebration | reminder | ribbon
🎟️	Activities	admission tickets	
🎟	Activities	admission tickets	admission | ticket | tickets | admission tickets | entry
🎫	Activities	ticket	admission | stub | ticket
🎖️	Activities	military medal	
🎖	Activities	military medal	award | celebration | medal | military
🏆	Activities	trophy	champion | champs | prize | slay | sport | trophy | victory | win | winning | celebration
🏅	Activities	sports medal	award | gold | medal | sports | winner | celebration
🥇	Activities	1st place medal	1st | first | gold | medal | place
🥈	Activities	2nd place medal	2nd | medal | place | second | silver
🥉	Activities	3rd place medal	3rd | bronze | medal | place | third
⚽	Activities	soccer ball	ball | football | futbol | soccer | sport
⚾	Activities	baseball	ball | baseball | sport
🥎	Activities	softball	ball | glove | softball | sports | underarm
🏀	Activities	basketball	ball | basketball | hoop | sport
🏐	Activities	volleyball	ball | game | volleyball
🏈	Activities	american football	american | ball | bowl | football | sport | super
🏉	Activities	rugby football	ball | football | rugby | sport | australian football | rugby ball | rugby league | rugby union
🎾	Activities	tennis	ball | racquet | sport | tennis
🥏	Activities	flying disc	disc | flying | ultimate | flying disc | frisbee | frisbee
🎳	Activities	bowling	ball | bowling | game | sport | strike | tenpin bowling
🏏	Activities	cricket game	ball | bat | cricket | game | cricket match
🏑	Activities	field hockey	ball | field | game | hockey | stick
🏒	Activities	ice hockey	game | hockey | ice | puck | stick
🥍	Activities	lacrosse	ball | goal | lacrosse | sports | stick
🏓	Activities	ping pong	ball | bat | game | paddle | ping | pingpong | pong | table | tennis | ping pong | ping-pong | table tennis
🏸	Activities	badminton	badminton | birdie | game | racquet | shuttlecock
🥊	Activities	boxing glove	boxing | glove
🥋	Activities	martial arts uniform	arts | judo | karate | martial | taekwondo | uniform | martial arts | martial arts uniform | mma
🥅	Activities	goal net	goal | net | goal cage
⛳	Activities	flag in hole	flag | golf | hole | sport | flag in hole
⛸️	Activities	ice skate	
⛸	Activities	ice skate	ice | skate | skating | ice skating
🎣	Activities	fishing pole	entertainment | fish | fishing | pole | sport | rod | fishing pole | fishing rod
🤿	Activities	diving mask	diving | mask | scuba | snorkeling | snorkelling | diving mask
🎽	Activities	running shirt	athletics | running | sash | shirt
🎿	Activities	skis	ski | skis | snow | sport | skiing
🛷	Activities	sled	luge | sled | sledge | sleigh | snow | toboggan
🥌	Activities	curling stone	curling | game | rock | stone | curling rock | curling stone
🎯	Activities	bullseye	bull | bullseye | dart | direct | entertainment | game | hit | target | bull’s-eye | direct hit
🪀	Activities	yo-yo	fluctuate | toy | yo-yo
🪁	Activities	kite	fly | kite | soar
🔫	Activities	water pistol	gun | handgun | pistol | revolver | tool | water | weapon | toy | water pistol
🎱	Activities	pool 8 ball	8 | 8ball | ball | billiard | eight | game | pool | magic 8 ball | pool 8 ball
🔮	Activities	crystal ball	ball | crystal | fairy | fairytale | fantasy | fortune | future | magic | tale | tool
🪄	Activities	magic wand	magic | magician | wand | witch | wizard
🎮	Activities	video game	controller | entertainment | game | video
🕹️	Activities	joystick	
🕹	Activities	joystick	game | joystick | video | videogame
🎰	Activities	slot machine	casino | gamble | gambling | game | machine | slot | slots | pokie | pokies
🎲	Activities	game die	dice | die | entertainment | game
🧩	Activities	puzzle piece	clue | interlocking | jigsaw | piece | puzzle
🧸	Activities	teddy bear	bear | plaything | plush | stuffed | teddy | toy
🪅	Activities	piñata	candy | celebrate | celebration | cinco | de | festive | mayo | party | pinada | pinata | piñata
🪩	Activities	mirror ball	ball | dance | disco | glitter | mirror | party
🪆	Activities	nesting dolls	babooshka | baboushka | babushka | doll | dolls | matryoshka | nesting | russia | nesting dolls | russian dolls | russia
♠️	Activities	spade suit	
♠	Activities	spade suit	card | game | spade | suit
♥️	Activities	heart suit	
♥	Activities	heart suit	card | emotion | game | heart | hearts | suit
♦️	Activities	diamond suit	
♦	Activities	diamond suit	card | diamond | game | suit | diamond suit | diamonds
♣️	Activities	club suit	
♣	Activities	club suit	card | club | clubs | game | suit | club suit
♟️	Activities	chess pawn	
♟	Activities	chess pawn	chess | dupe | expendable | pawn
🃏	Activities	joker	card | game | joker | wildcard
🀄	Activities	mahjong red dragon	dragon | game | mahjong | red | mahjong | mahjong red dragon
🎴	Activities	flower playing cards	card | cards | flower | game | japanese | playing
🎭	Activities	performing arts	actor | actress | art | arts | entertainment | mask | performing | theater | theatre | thespian
🖼️	Activities	framed picture	
🖼	Activities	framed picture	art | frame | framed | museum | painting | picture
🎨	Activities	artist palette	art | artist | artsy | arty | colorful | creative | entertainment | museum | painter | painting | palette | colourful
🧵	Activities	thread	needle | sewing | spool | string | thread
🪡	Activities	sewing needle	embroidery | needle | sew | sewing | stitches | sutures | tailoring | thread | needle and thread
🧶	Activities	yarn	ball | crochet | knit | yarn
🪢	Activities	knot	cord | knot | rope | tangled | tie | twine | twist
👓	Objects	glasses	clothing | eye | eyeglasses | eyewear | glasses
🕶️	Objects	sunglasses	
🕶	Objects	sunglasses	dark | eye | eyewear | glasses | sunglasses | shades | sun | sunnies
🥽	Objects	goggles	dive | eye | goggles | protection | scuba | swimming | welding
🥼	Objects	lab coat	clothes | coat | doctor | dr | experiment | jacket | lab | scientist | white
🦺	Objects	safety vest	emergency | safety | vest | hi-vis | high-vis | jacket | life jacket
👔	Objects	necktie	clothing | employed | necktie | serious | shirt | tie
👕	Objects	t-shirt	blue | casual | clothes | clothing | collar | dressed | shirt | shopping | t-shirt | tshirt | weekend | green | t shirt | t-shirt | tee | tee-shirt
👖	Objects	jeans	blue | casual | clothes | clothing | denim | dressed | jeans | pants | shopping | trousers | weekend
🧣	Objects	scarf	bundle | cold | neck | scarf | up
🧤	Objects	gloves	gloves | hand
🧥	Objects	coat	brr | bundle | coat | cold | jacket | up
🧦	Objects	socks	socks | stocking
👗	Objects	dress	clothes | clothing | dress | dressed | fancy | shopping | woman’s clothes
👘	Objects	kimono	clothing | comfortable | kimono
🥻	Objects	sari	clothing | dress | sari
🩱	Objects	one-piece swimsuit	bathing | one-piece | suit | swimsuit | bathing suit | one-piece swimsuit | swimming costume | bathers | costume | swim | swimmers | togs
🩲	Objects	briefs	bathing | briefs | one-piece | suit | swimsuit | underwear | bathing suit | pants | bathers | speedos
🩳	Objects	shorts	bathing | pants | shorts | suit | swimsuit | underwear | bathing suit | boardshorts | swim shorts | boardies
👙	Objects	bikini	bathing | beach | bikini | clothing | pool | suit | swim | swim suit | two-piece
👚	Objects	woman’s clothes	blouse | clothes | clothing | collar | dress | dressed | lady | shirt | shopping | woman | woman’s | top | woman’s clothes
🪭	Objects	folding hand fan	clack | clap | cool | cooling | dance | fan | flirt | flutter | folding | hand | hot | shy | accessory | folding fan | hand fan | japanese | summer
👛	Objects	purse	clothes | clothing | coin | dress | fancy | handbag | purse | shopping | accessories
👜	Objects	handbag	bag | clothes | clothing | dress | handbag | lady | purse | shopping | accessories | tote
👝	Objects	clutch bag	bag | clothes | clothing | clutch | dress | handbag | pouch | purse | accessories | clutch bag
🛍️	Objects	shopping bags	
🛍	Objects	shopping bags	bag | bags | hotel | shopping
🎒	Objects	backpack	backpack | backpacking | bag | bookbag | education | rucksack | satchel | school
🩴	Objects	thong sandal	beach | flip | flop | sandal | sandals | shoe | thong | thongs | zōri | beach sandals | flip-flop | flipflop | thong sandals | zori | flip flop | jandal | beach sandal | thong sandal
👞	Objects	man’s shoe	brown | clothes | clothing | feet | foot | kick | man | man’s | shoe | shoes | shopping
👟	Objects	running shoe	athletic | clothes | clothing | fast | kick | running | shoe | shoes | shopping | sneaker | tennis | trainers | runners | running shoe | trainer
🥾	Objects	hiking boot	backpacking | boot | brown | camping | hiking | outdoors | shoe
🥿	Objects	flat shoe	ballet | comfy | flat | flats | shoe | slip-on | slipper | ballet flat | flat shoe | pump
👠	Objects	high-heeled shoe	clothes | clothing | dress | fashion | heel | heels | high-heeled | shoe | shoes | shopping | stiletto | woman | high-heeled shoe
👡	Objects	woman’s sandal	clothing | sandal | shoe | woman | woman’s
🩰	Objects	ballet shoes	ballet | dance | shoes
👢	Objects	woman’s boot	boot | clothes | clothing | dress | shoe | shoes | shopping | woman | woman’s
🪮	Objects	hair pick	afro | comb | groom | hair | pick
👑	Objects	crown	clothing | crown | family | king | medieval | queen | royal | royalty | win
👒	Objects	woman’s hat	clothes | clothing | garden | hat | hats | party | woman | woman’s
🎩	Objects	top hat	clothes | clothing | fancy | formal | hat | magic | top | tophat
🎓	Objects	graduation cap	cap | celebration | clothing | education | graduation | hat | scholar
🧢	Objects	billed cap	baseball | bent | billed | cap | dad | hat
🪖	Objects	military helmet	army | helmet | military | soldier | war | warrior
⛑️	Objects	rescue worker’s helmet	
⛑	Objects	rescue worker’s helmet	aid | cross | face | hat | helmet | rescue | worker’s
📿	Objects	prayer beads	beads | clothing | necklace | prayer | religion
💄	Objects	lipstick	cosmetics | date | lipstick | makeup | make-up
💍	Objects	ring	diamond | engaged | engagement | married | ring | romance | shiny | sparkling | wedding
💎	Objects	gem stone	diamond | engagement | gem | jewel | money | romance | stone | wedding | gem stone | gemstone
🔇	Objects	muted speaker	mute | muted | quiet | silent | sound | speaker
🔈	Objects	speaker low volume	low | soft | sound | speaker | volume | quiet
🔉	Objects	speaker medium volume	medium | sound | speaker | volume
🔊	Objects	speaker high volume	high | loud | music | sound | speaker | volume
📢	Objects	loudspeaker	address | communication | loud | loudspeaker | public | sound
📣	Objects	megaphone	cheering | megaphone | sound
📯	Objects	postal horn	horn | post | postal
🔔	Objects	bell	bell | break | church | sound
🔕	Objects	bell with slash	bell | forbidden | mute | no | not | prohibited | quiet | silent | slash | sound
🎼	Objects	musical score	music | musical | note | score
🎵	Objects	musical note	music | musical | note | sound
🎶	Objects	musical notes	music | musical | note | notes | sound
🎙️	Objects	studio microphone	
🎙	Objects	studio microphone	mic | microphone | music | studio
🎚️	Objects	level slider	
🎚	Objects	level slider	level | music | slider
🎛️	Objects	control knobs	
🎛	Objects	control knobs	control | knobs | music
🎤	Objects	microphone	karaoke | mic | microphone | music | sing | sound
🎧	Objects	headphone	earbud | headphone | sound
📻	Objects	radio	entertainment | radio | tbt | video | am | fm | wireless
🎷	Objects	saxophone	instrument | music | sax | saxophone
🪗	Objects	accordion	accordion | box | concertina | instrument | music | squeeze | squeezebox
🎸	Objects	guitar	guitar | instrument | music | strat
🎹	Objects	musical keyboard	instrument | keyboard | music | musical | piano | musical keyboard | organ
🎺	Objects	trumpet	instrument | music | trumpet
🎻	Objects	violin	instrument | music | violin
🪕	Objects	banjo	banjo | music | stringed
🥁	Objects	drum	drum | drumsticks | music | percussions
🪘	Objects	long drum	beat | conga | drum | instrument | long | rhythm
🪇	Objects	maracas	cha | dance | instrument | maracas | music | party | percussion | rattle | shake | shaker
🪈	Objects	flute	band | fife | flautist | flute | instrument | marching | music | orchestra | piccolo | pipe | recorder | woodwind
🪉	Objects	harp	cupid | harp | instrument | love | music | orchestra
📱	Objects	mobile phone	cell | communication | mobile | phone | telephone
📲	Objects	mobile phone with arrow	arrow | build | call | cell | communication | mobile | phone | receive | telephone
☎️	Objects	telephone	
☎	Objects	telephone	phone | telephone | landline
📞	Objects	telephone receiver	communication | phone | receiver | telephone | voip
📟	Objects	pager	communication | pager
📠	Objects	fax machine	communication | fax | machine
🔋	Objects	battery	battery
🪫	Objects	low battery	battery | drained | electronic | energy | low | power
🔌	Objects	electric plug	electric | electricity | plug
💻	Objects	laptop	computer | laptop | office | pc | personal | pc
🖥️	Objects	desktop computer	
🖥	Objects	desktop computer	computer | desktop | monitor
🖨️	Objects	printer	
🖨	Objects	printer	computer | printer
⌨️	Objects	keyboard	
⌨	Objects	keyboard	computer | keyboard
🖱️	Objects	computer mouse	
🖱	Objects	computer mouse	computer | mouse
🖲️	Objects	trackball	
🖲	Objects	trackball	computer | trackball
💽	Objects	computer disk	computer | disk | minidisk | optical
💾	Objects	floppy disk	computer | disk | floppy | diskette
💿	Objects	optical disk	blu-ray | cd | computer | disk | dvd | optical
📀	Objects	dvd	blu-ray | cd | computer | disk | dvd | optical | blu-ray | dvd
🧮	Objects	abacus	abacus | calculation | calculator
🎥	Objects	movie camera	bollywood | camera | cinema | film | hollywood | movie | record
🎞️	Objects	film frames	
🎞	Objects	film frames	cinema | film | frames | movie
📽️	Objects	film projector	
📽	Objects	film projector	cinema | film | movie | projector | video
🎬	Objects	clapper board	action | board | clapper | movie | clapper board | clapperboard | film
📺	Objects	television	television | tv | video | tv
📷	Objects	camera	camera | photo | selfie | snap | tbt | trip | video
📸	Objects	camera with flash	camera | flash | video
📹	Objects	video camera	camcorder | camera | tbt | video
📼	Objects	videocassette	old | school | tape | vcr | vhs | video | videocassette | vhs | videotape
🔍	Objects	magnifying glass tilted left	glass | lab | left | left-pointing | magnifying | science | search | tilted | tool
🔎	Objects	magnifying glass tilted right	contact | glass | lab | magnifying | right | right-pointing | science | search | tilted | tool
🕯️	Objects	candle	
🕯	Objects	candle	candle | light
💡	Objects	light bulb	bulb | comic | electric | idea | light | globe
🔦	Objects	flashlight	electric | flashlight | light | tool | torch
🏮	Objects	red paper lantern	bar | lantern | light | paper | red | restaurant
🪔	Objects	diya lamp	diya | lamp | light | oil
📔	Objects	notebook with decorative cover	book | cover | decorated | decorative | education | notebook | school | writing
📕	Objects	closed book	book | closed | education
📖	Objects	open book	book | education | fantasy | knowledge | library | novels | open | reading
📗	Objects	green book	book | education | fantasy | green | library | reading
📘	Objects	blue book	blue | book | education | fantasy | library | reading
📙	Objects	orange book	book | education | fantasy | library | orange | reading
📚	Objects	books	book | books | education | fantasy | knowledge | library | novels | reading | school | study
📓	Objects	notebook	notebook
📒	Objects	ledger	ledger | notebook
📃	Objects	page with curl	curl | document | page | paper
📜	Objects	scroll	paper | scroll
📄	Objects	page facing up	document | facing | page | paper | up
📰	Objects	newspaper	communication | news | newspaper | paper
🗞️	Objects	rolled-up newspaper	
🗞	Objects	rolled-up newspaper	news | newspaper | paper | rolled | rolled-up
📑	Objects	bookmark tabs	bookmark | mark | marker | tabs
🔖	Objects	bookmark	bookmark | mark
🏷️	Objects	label	
🏷	Objects	label	label | tag
💰	Objects	money bag	bag | bank | bet | billion | cash | cost | dollar | gold | million | money | moneybag | paid | paying | pot | rich | win
🪙	Objects	coin	coin | dollar | euro | gold | metal | money | rich | silver | treasure
💴	Objects	yen banknote	bank | banknote | bill | currency | money | note | yen
💵	Objects	dollar banknote	bank | banknote | bill | currency | dollar | money | note
💶	Objects	euro banknote	100 | bank | banknote | bill | currency | euro | money | note | rich
💷	Objects	pound banknote	bank | banknote | bill | billion | cash | currency | money | note | pound | pounds | sterling
💸	Objects	money with wings	bank | banknote | bill | billion | cash | dollar | fly | million | money | note | pay | wings
💳	Objects	credit card	bank | card | cash | charge | credit | money | pay
🧾	Objects	receipt	accounting | bookkeeping | evidence | invoice | proof | receipt
💹	Objects	chart increasing with yen	bank | chart | currency | graph | growth | increasing | market | money | rise | trend | upward | yen | chart increasing with yen | graph increasing with yen
✉️	Objects	envelope	
✉	Objects	envelope	e-mail | email | envelope | letter
📧	Objects	e-mail	e-mail | email | letter | mail
📨	Objects	incoming envelope	delivering | e-mail | email | envelope | incoming | letter | mail | receive | sent
📩	Objects	envelope with arrow	arrow | communication | down | e-mail | email | envelope | letter | mail | outgoing | send | sent
📤	Objects	outbox tray	box | email | letter | mail | outbox | sent | tray | out tray
📥	Objects	inbox tray	box | email | inbox | letter | mail | receive | tray | zero | in tray
📦	Objects	package	box | communication | delivery | package | parcel | shipping
📫	Objects	closed mailbox with raised flag	closed | communication | flag | mail | mailbox | postbox | raised | closed postbox with raised flag | letterbox | post | post box | closed letterbox with raised flag
📪	Objects	closed mailbox with lowered flag	closed | flag | lowered | mail | mailbox | postbox | closed postbox with lowered flag | letterbox | post box | closed letterbox with lowered flag
📬	Objects	open mailbox with raised flag	flag | mail | mailbox | open | postbox | raised | open postbox with raised flag | post | post box | open letterbox with raised flag
📭	Objects	open mailbox with lowered flag	flag | lowered | mail | mailbox | open | postbox | open postbox with lowered flag | post | post box | open letterbox with lowered flag
📮	Objects	postbox	mail | mailbox | postbox | post | post box
🗳️	Objects	ballot box with ballot	
🗳	Objects	ballot box with ballot	ballot | box
✏️	Objects	pencil	
✏	Objects	pencil	pencil
✒️	Objects	black nib	
✒	Objects	black nib	black | nib | pen
🖋️	Objects	fountain pen	
🖋	Objects	fountain pen	fountain | pen
🖊️	Objects	pen	
🖊	Objects	pen	ballpoint | pen
🖌️	Objects	paintbrush	
🖌	Objects	paintbrush	paintbrush | painting
🖍️	Objects	crayon	
🖍	Objects	crayon	crayon
📝	Objects	memo	communication | media | memo | notes | pencil
💼	Objects	briefcase	briefcase | office
📁	Objects	file folder	file | folder
📂	Objects	open file folder	file | folder | open
🗂️	Objects	card index dividers	
🗂	Objects	card index dividers	card | dividers | index
📅	Objects	calendar	calendar | date
📆	Objects	tear-off calendar	calendar | tear-off
🗒️	Objects	spiral notepad	
🗒	Objects	spiral notepad	note | notepad | pad | spiral
🗓️	Objects	spiral calendar	
🗓	Objects	spiral calendar	calendar | pad | spiral
📇	Objects	card index	card | index | old | rolodex | school
📈	Objects	chart increasing	chart | data | graph | growth | increasing | right | trend | up | upward | chart increasing | graph increasing
📉	Objects	chart decreasing	chart | data | decreasing | down | downward | graph | negative | trend | chart decreasing | graph decreasing
📊	Objects	bar chart	bar | chart | data | graph
📋	Objects	clipboard	clipboard | do | list | notes
📌	Objects	pushpin	collage | pin | pushpin | drawing-pin
📍	Objects	round pushpin	location | map | pin | pushpin | round | round drawing-pin
📎	Objects	paperclip	paperclip
🖇️	Objects	linked paperclips	
🖇	Objects	linked paperclips	link | linked | paperclip | paperclips
📏	Objects	straight ruler	angle | edge | math | ruler | straight | straightedge
📐	Objects	triangular ruler	angle | math | rule | ruler | set | slide | triangle | triangular | set square | triangular ruler
✂️	Objects	scissors	
✂	Objects	scissors	cut | cutting | paper | scissors | tool
🗃️	Objects	card file box	
🗃	Objects	card file box	box | card | file
🗄️	Objects	file cabinet	
🗄	Objects	file cabinet	cabinet | file | filing | paper
🗑️	Objects	wastebasket	
🗑	Objects	wastebasket	can | garbage | trash | waste | wastebasket | rubbish bin | waste paper basket
🔒	Objects	locked	closed | lock | locked | private | padlock
🔓	Objects	unlocked	cracked | lock | open | unlock | unlocked | padlock
🔏	Objects	locked with pen	ink | lock | locked | nib | pen | privacy
🔐	Objects	locked with key	bike | closed | key | lock | locked | secure
🔑	Objects	key	key | keys | lock | major | password | unlock
🗝️	Objects	old key	
🗝	Objects	old key	clue | key | lock | old
🔨	Objects	hammer	hammer | home | improvement | repairs | tool
🪓	Objects	axe	ax | axe | chop | hatchet | split | wood
⛏️	Objects	pick	
⛏	Objects	pick	hammer | mining | pick | tool
⚒️	Objects	hammer and pick	
⚒	Objects	hammer and pick	hammer | pick | tool
🛠️	Objects	hammer and wrench	
🛠	Objects	hammer and wrench	hammer | spanner | tool | wrench | hammer and spanner | hammer and wrench
🗡️	Objects	dagger	
🗡	Objects	dagger	dagger | knife | weapon
⚔️	Objects	crossed swords	
⚔	Objects	crossed swords	crossed | swords | weapon
💣	Objects	bomb	bomb | boom | comic | dangerous | explosion | hot
🪃	Objects	boomerang	boomerang | rebound | repercussion | weapon
🏹	Objects	bow and arrow	archer | archery | arrow | bow | sagittarius | tool | weapon | zodiac
🛡️	Objects	shield	
🛡	Objects	shield	shield | weapon
🪚	Objects	carpentry saw	carpenter | carpentry | cut | lumber | saw | tool | trim
🔧	Objects	wrench	home | improvement | spanner | tool | wrench
🪛	Objects	screwdriver	flathead | handy | screw | screwdriver | tool
🔩	Objects	nut and bolt	bolt | home | improvement | nut | tool
⚙️	Objects	gear	
⚙	Objects	gear	cog | cogwheel | gear | tool
🗜️	Objects	clamp	
🗜	Objects	clamp	clamp | compress | tool | vice
⚖️	Objects	balance scale	
⚖	Objects	balance scale	balance | justice | libra | scale | scales | tool | weight | zodiac
🦯	Objects	white cane	accessibility | blind | cane | probing | white | guide cane | long mobility cane | white cane
🔗	Objects	link	link | links
⛓️‍💥	Objects	broken chain	
⛓‍💥	Objects	broken chain	break | breaking | broken | chain | cuffs | freedom
⛓️	Objects	chains	
⛓	Objects	chains	chain | chains
🪝	Objects	hook	catch | crook | curve | ensnare | hook | point | selling | fishing | selling point
🧰	Objects	toolbox	box | chest | mechanic | red | tool | toolbox
🧲	Objects	magnet	attraction | horseshoe | magnet | magnetic | negative | positive | shape | u
🪜	Objects	ladder	climb | ladder | rung | step
🪏	Objects	shovel	bury | dig | garden | hole | plant | scoop | shovel | snow | spade
⚗️	Objects	alembic	
⚗	Objects	alembic	alembic | chemistry | tool
🧪	Objects	test tube	chemist | chemistry | experiment | lab | science | test | tube
🧫	Objects	petri dish	bacteria | biologist | biology | culture | dish | lab | petri
🧬	Objects	dna	biologist | dna | evolution | gene | genetics | life | dna
🔬	Objects	microscope	experiment | lab | microscope | science | tool
🔭	Objects	telescope	contact | extraterrestrial | science | telescope | tool
📡	Objects	satellite antenna	aliens | antenna | contact | dish | satellite | science
💉	Objects	syringe	doctor | flu | medicine | needle | shot | sick | syringe | tool | vaccination | ill | injection
🩸	Objects	drop of blood	bleed | blood | donation | drop | injury | medicine | menstruation
💊	Objects	pill	doctor | drugs | medicated | medicine | pill | pills | sick | vitamin | capsule
🩹	Objects	adhesive bandage	adhesive | bandage | injury | plaster | sticking plaster | adhesive bandage | bandaid | dressing
🩼	Objects	crutch	aid | cane | crutch | disability | help | hurt | injured | mobility | stick
🩺	Objects	stethoscope	doctor | heart | medicine | stethoscope
🩻	Objects	x-ray	bones | doctor | medical | skeleton | skull | x-ray | xray | x-ray
🚪	Objects	door	back | closet | door | front
🛗	Objects	elevator	accessibility | elevator | hoist | lift
🪞	Objects	mirror	makeup | mirror | reflection | reflector | speculum | looking glass
🪟	Objects	window	air | frame | fresh | opening | transparent | view | window
🛏️	Objects	bed	
🛏	Objects	bed	bed | hotel | sleep
🛋️	Objects	couch and lamp	
🛋	Objects	couch and lamp	couch | hotel | lamp | couch and lamp | sofa | sofa and lamp
🪑	Objects	chair	chair | seat | sit
🚽	Objects	toilet	bathroom | toilet | facilities | loo | wc | lavatory
🪠	Objects	plunger	cup | force | plumber | plunger | poop | suction | toilet
🚿	Objects	shower	shower | water
🛁	Objects	bathtub	bath | bathtub
🪤	Objects	mouse trap	bait | cheese | lure | mouse | mousetrap | snare | trap
🪒	Objects	razor	razor | sharp | shave | cut-throat
🧴	Objects	lotion bottle	bottle | lotion | moisturizer | shampoo | sunscreen | lotion bottle | moisturiser
🧷	Objects	safety pin	diaper | pin | punk | rock | safety | nappy | punk rock | safety pin
🧹	Objects	broom	broom | cleaning | sweeping | witch
🧺	Objects	basket	basket | farming | laundry | picnic
🧻	Objects	roll of paper	paper | roll | toilet | towels | paper towels | roll of paper | toilet paper | toilet roll
🪣	Objects	bucket	bucket | cask | pail | vat
🧼	Objects	soap	bar | bathing | clean | cleaning | lather | soap | soapdish | soap dish
🫧	Objects	bubbles	bubble | bubbles | burp | clean | floating | pearl | soap | underwater
🪥	Objects	toothbrush	bathroom | brush | clean | dental | hygiene | teeth | toiletry | toothbrush
🧽	Objects	sponge	absorbing | cleaning | porous | soak | sponge
🧯	Objects	fire extinguisher	extinguish | extinguisher | fire | quench
🛒	Objects	shopping cart	cart | shopping | trolley | basket
🚬	Objects	cigarette	cigarette | smoking
⚰️	Objects	coffin	
⚰	Objects	coffin	coffin | dead | death | vampire | casket
🪦	Objects	headstone	cemetery | dead | grave | graveyard | headstone | memorial | rip | tomb | tombstone
⚱️	Objects	funeral urn	
⚱	Objects	funeral urn	ashes | death | funeral | urn
🧿	Objects	nazar amulet	amulet | bead | blue | charm | evil-eye | nazar | talisman | evil eye | nazar amulet
🪬	Objects	hamsa	amulet | fatima | fortune | guide | hamsa | hand | mary | miriam | palm | protect | protection
🗿	Objects	moai	face | moai | moyai | statue | stoneface | travel
🪧	Objects	placard	card | demonstration | notice | picket | placard | plaque | protest | sign
🪪	Objects	identification card	card | credentials | document | id | identification | license | security | driving | identification card | licence
🏧	Symbols	ATM sign	atm | automated | bank | cash | money | sign | teller | cashpoint
🚮	Symbols	litter in bin sign	bin | litter | litterbin | sign | garbage | litter bin | litter in bin sign | trash
🚰	Symbols	potable water	drinking | potable | water
♿	Symbols	wheelchair symbol	access | handicap | symbol | wheelchair | disabled access | wheelchair symbol
🚹	Symbols	men’s room	bathroom | lavatory | man | men’s | restroom | room | toilet | wc | loo | men’s room | washroom | wc
🚺	Symbols	women’s room	bathroom | lavatory | restroom | room | toilet | wc | woman | women’s | loo | ladies room | wc | women’s room | women’s toilet | ladies’ room
🚻	Symbols	restroom	bathroom | lavatory | restroom | toilet | wc | washroom
🚼	Symbols	baby symbol	baby | changing | symbol | baby symbol | change room
🚾	Symbols	water closet	bathroom | closet | lavatory | restroom | toilet | water | wc | wc | amenities | water closet
🛂	Symbols	passport control	control | passport | border | security
🛃	Symbols	customs	customs | packing
🛄	Symbols	baggage claim	arrived | baggage | bags | case | checked | claim | journey | packing | plane | ready | travel | trip
🛅	Symbols	left luggage	baggage | case | left | locker | luggage
⚠️	Symbols	warning	
⚠	Symbols	warning	caution | warning
🚸	Symbols	children crossing	child | children | crossing | pedestrian | traffic
⛔	Symbols	no entry	do | entry | fail | forbidden | no | not | pass | prohibited | traffic | denied
🚫	Symbols	prohibited	entry | forbidden | no | not | prohibited | smoke | denied
🚳	Symbols	no bicycles	bicycle | bicycles | bike | forbidden | no | not | prohibited
🚭	Symbols	no smoking	forbidden | no | not | prohibited | smoke | smoking | denied
🚯	Symbols	no littering	forbidden | litter | littering | no | not | prohibited | denied | no littering
🚱	Symbols	non-potable water	dry | non-drinking | non-potable | prohibited | water | non-drinkable water
🚷	Symbols	no pedestrians	forbidden | no | not | pedestrian | pedestrians | prohibited | denied | no pedestrians
📵	Symbols	no mobile phones	cell | forbidden | mobile | no | not | phone | phones | prohibited | telephone
🔞	Symbols	no one under eighteen	18 | age | eighteen | forbidden | no | not | one | prohibited | restriction | underage
☢️	Symbols	radioactive	
☢	Symbols	radioactive	radioactive | sign
☣️	Symbols	biohazard	
☣	Symbols	biohazard	biohazard | sign
⬆️	Symbols	up arrow	
⬆	Symbols	up arrow	arrow | cardinal | direction | north | up
↗️	Symbols	up-right arrow	
↗	Symbols	up-right arrow	arrow | direction | intercardinal | northeast | up-right
➡️	Symbols	right arrow	
➡	Symbols	right arrow	arrow | cardinal | direction | east | right
↘️	Symbols	down-right arrow	
↘	Symbols	down-right arrow	arrow | direction | down-right | intercardinal | southeast
⬇️	Symbols	down arrow	
⬇	Symbols	down arrow	arrow | cardinal | direction | down | south
↙️	Symbols	down-left arrow	
↙	Symbols	down-left arrow	arrow | direction | down-left | intercardinal | southwest
⬅️	Symbols	left arrow	
⬅	Symbols	left arrow	arrow | cardinal | direction | left | west
↖️	Symbols	up-left arrow	
↖	Symbols	up-left arrow	arrow | direction | intercardinal | northwest | up-left
↕️	Symbols	up-down arrow	
↕	Symbols	up-down arrow	arrow | up-down
↔️	Symbols	left-right arrow	
↔	Symbols	left-right arrow	arrow | left-right
↩️	Symbols	right arrow curving left	
↩	Symbols	right arrow curving left	arrow | curving | left | right
↪️	Symbols	left arrow curving right	
↪	Symbols	left arrow curving right	arrow | curving | left | right
⤴️	Symbols	right arrow curving up	
⤴	Symbols	right arrow curving up	arrow | curving | right | up
⤵️	Symbols	right arrow curving down	
⤵	Symbols	right arrow curving down	arrow | curving | down | right
🔃	Symbols	clockwise vertical arrows	arrow | arrows | clockwise | refresh | reload | vertical
🔄	Symbols	counterclockwise arrows button	again | anticlockwise | arrow | arrows | button | counterclockwise | deja | refresh | rewindershins | vu | rewind
🔙	Symbols	BACK arrow	arrow | back
🔚	Symbols	END arrow	arrow | end
🔛	Symbols	ON! arrow	arrow | mark | on!
🔜	Symbols	SOON arrow	arrow | brb | omw | soon
🔝	Symbols	TOP arrow	arrow | homie | top | up
🛐	Symbols	place of worship	place | pray | religion | worship
⚛️	Symbols	atom symbol	
⚛	Symbols	atom symbol	atheist | atom | symbol
🕉️	Symbols	om	
🕉	Symbols	om	hindu | om | religion
✡️	Symbols	star of David	
✡	Symbols	star of David	david | jew | jewish | judaism | religion | star | judaism | star of david
☸️	Symbols	wheel of dharma	
☸	Symbols	wheel of dharma	buddhist | dharma | religion | wheel
☯️	Symbols	yin yang	
☯	Symbols	yin yang	difficult | lives | religion | tao | taoist | total | yang | yin | yinyang | tao | taoist
✝️	Symbols	latin cross	
✝	Symbols	latin cross	christ | christian | cross | latin | religion | latin cross
☦️	Symbols	orthodox cross	
☦	Symbols	orthodox cross	christian | cross | orthodox | religion | orthodox cross
☪️	Symbols	star and crescent	
☪	Symbols	star and crescent	crescent | islam | muslim | ramadan | religion | star | islam | star and crescent
☮️	Symbols	peace symbol	
☮	Symbols	peace symbol	healing | peace | peaceful | symbol
🕎	Symbols	menorah	candelabrum | candlestick | hanukkah | jewish | judaism | menorah | religion
🔯	Symbols	dotted six-pointed star	dotted | fortune | jewish | judaism | six-pointed | star
🪯	Symbols	khanda	deg | fateh | khalsa | khanda | religion | sikh | sikhism | tegh
♈	Symbols	Aries	aries | horoscope | ram | zodiac
♉	Symbols	Taurus	bull | horoscope | ox | taurus | zodiac
♊	Symbols	Gemini	gemini | horoscope | twins | zodiac
♋	Symbols	Cancer	cancer | crab | horoscope | zodiac
♌	Symbols	Leo	horoscope | leo | lion | zodiac
♍	Symbols	Virgo	horoscope | virgo | zodiac | virgin
♎	Symbols	Libra	balance | horoscope | justice | libra | scales | zodiac
♏	Symbols	Scorpio	horoscope | scorpio | scorpion | scorpius | zodiac
♐	Symbols	Sagittarius	archer | horoscope | sagittarius | zodiac | centaur
♑	Symbols	Capricorn	capricorn | goat | horoscope | zodiac
♒	Symbols	Aquarius	aquarius | bearer | horoscope | water | zodiac | water bearer
♓	Symbols	Pisces	fish | horoscope | pisces | zodiac
⛎	Symbols	Ophiuchus	bearer | ophiuchus | serpent | snake | zodiac
🔀	Symbols	shuffle tracks button	arrow | button | crossed | shuffle | tracks
🔁	Symbols	repeat button	arrow | button | clockwise | repeat
🔂	Symbols	repeat single button	arrow | button | clockwise | once | repeat | single
▶️	Symbols	play button	
▶	Symbols	play button	arrow | button | play | right | triangle
⏩	Symbols	fast-forward button	arrow | button | double | fast | fast-forward | forward | fast forward button
⏭️	Symbols	next track button	
⏭	Symbols	next track button	arrow | button | next | scene | track | triangle
⏯️	Symbols	play or pause button	
⏯	Symbols	play or pause button	arrow | button | pause | play | right | triangle
◀️	Symbols	reverse button	
◀	Symbols	reverse button	arrow | button | left | reverse | triangle
⏪	Symbols	fast reverse button	arrow | button | double | fast | reverse | rewind
⏮️	Symbols	last track button	
⏮	Symbols	last track button	arrow | button | last | previous | scene | track | triangle
🔼	Symbols	upwards button	arrow | button | red | up | upwards | upward button | upwards button
⏫	Symbols	fast up button	arrow | button | double | fast | up
🔽	Symbols	downwards button	arrow | button | down | downwards | red | downward button | downwards button
⏬	Symbols	fast down button	arrow | button | double | down | fast
⏸️	Symbols	pause button	
⏸	Symbols	pause button	bar | button | double | pause | vertical
⏹️	Symbols	stop button	
⏹	Symbols	stop button	button | square | stop
⏺️	Symbols	record button	
⏺	Symbols	record button	button | circle | record
⏏️	Symbols	eject button	
⏏	Symbols	eject button	button | eject
🎦	Symbols	cinema	camera | cinema | film | movie
🔅	Symbols	dim button	brightness | button | dim | low
🔆	Symbols	bright button	bright | brightness | button | light | bright button | brightness button
📶	Symbols	antenna bars	antenna | bar | bars | cell | communication | mobile | phone | signal | telephone
🛜	Symbols	wireless	broadband | computer | connectivity | hotspot | internet | network | router | smartphone | wi-fi | wifi | wireless | wlan | wi-fi
📳	Symbols	vibration mode	cell | communication | mobile | mode | phone | telephone | vibration | vibrate
📴	Symbols	mobile phone off	cell | mobile | off | phone | telephone
♀️	Symbols	female sign	
♀	Symbols	female sign	female | sign | woman
♂️	Symbols	male sign	
♂	Symbols	male sign	male | man | sign
⚧️	Symbols	transgender symbol	
⚧	Symbols	transgender symbol	symbol | transgender | trans | transgender symbol
✖️	Symbols	multiply	
✖	Symbols	multiply	× | cancel | multiplication | multiply | sign | x | heavy multiplication sign
➕	Symbols	plus	+ | plus | math | maths | sign | add | addition
➖	Symbols	minus	- | − | heavy | math | minus | sign | heavy minus sign | maths | – | subtraction
➗	Symbols	divide	÷ | divide | division | heavy | math | sign
🟰	Symbols	heavy equals sign	answer | equal | equality | equals | heavy | math | sign | heavy equals sign | maths
♾️	Symbols	infinity	
♾	Symbols	infinity	forever | infinity | unbounded | universal | eternal | unbound
‼️	Symbols	double exclamation mark	
‼	Symbols	double exclamation mark	! | !! | bangbang | double | exclamation | mark | punctuation | double exclamation mark
⁉️	Symbols	exclamation question mark	
⁉	Symbols	exclamation question mark	! | !? | ? | exclamation | interrobang | mark | punctuation | question | exclamation question mark
❓	Symbols	red question mark	? | mark | punctuation | question | red
❔	Symbols	white question mark	? | mark | outlined | punctuation | question | white
❕	Symbols	white exclamation mark	! | exclamation | mark | outlined | punctuation | white
❗	Symbols	red exclamation mark	! | exclamation | mark | punctuation | red
〰️	Symbols	wavy dash	
〰	Symbols	wavy dash	dash | punctuation | wavy
💱	Symbols	currency exchange	bank | currency | exchange | money
💲	Symbols	heavy dollar sign	billion | cash | charge | currency | dollar | heavy | million | money | pay | sign
⚕️	Symbols	medical symbol	
⚕	Symbols	medical symbol	aesculapius | medical | medicine | staff | symbol
♻️	Symbols	recycling symbol	
♻	Symbols	recycling symbol	recycle | recycling | symbol
⚜️	Symbols	fleur-de-lis	
⚜	Symbols	fleur-de-lis	fleur-de-lis | knights
🔱	Symbols	trident emblem	anchor | emblem | poseidon | ship | tool | trident
📛	Symbols	name badge	badge | name
🔰	Symbols	Japanese symbol for beginner	beginner | chevron | green | japanese | leaf | symbol | tool | yellow
⭕	Symbols	hollow red circle	circle | heavy | hollow | large | o | red
✅	Symbols	check mark button	✓ | button | check | checked | checkmark | complete | completed | done | fixed | mark | tick
☑️	Symbols	check box with check	
☑	Symbols	check box with check	✓ | ballot | box | check | checked | done | off | tick | tick box with tick | check box with check
✔️	Symbols	check mark	
✔	Symbols	check mark	✓ | check | checked | checkmark | done | heavy | mark | tick | check mark | heavy tick mark
❌	Symbols	cross mark	× | cancel | cross | mark | multiplication | multiply | x
❎	Symbols	cross mark button	× | button | cross | mark | multiplication | multiply | square | x
➰	Symbols	curly loop	curl | curly | loop
➿	Symbols	double curly loop	curl | curly | double | loop
〽️	Symbols	part alternation mark	
〽	Symbols	part alternation mark	alternation | mark | part
✳️	Symbols	eight-spoked asterisk	
✳	Symbols	eight-spoked asterisk	* | asterisk | eight-spoked
✴️	Symbols	eight-pointed star	
✴	Symbols	eight-pointed star	* | eight-pointed | star
❇️	Symbols	sparkle	
❇	Symbols	sparkle	* | sparkle
©️	Symbols	copyright	
©	Symbols	copyright	c | copyright
®️	Symbols	registered	
®	Symbols	registered	r | registered | r | trademark
™️	Symbols	trade mark	
™	Symbols	trade mark	mark | tm | trade | trademark
🫟	Symbols	splatter	drip | holi | ink | liquid | mess | paint | spill | splatter | stain
#️⃣	Symbols	keycap: #	
#⃣	Symbols	keycap: #	keycap
*️⃣	Symbols	keycap: *	
*⃣	Symbols	keycap: *	keycap
0️⃣	Symbols	keycap: 0	
0⃣	Symbols	keycap: 0	keycap
1️⃣	Symbols	keycap: 1	
1⃣	Symbols	keycap: 1	keycap
2️⃣	Symbols	keycap: 2	
2⃣	Symbols	keycap: 2	keycap
3️⃣	Symbols	keycap: 3	
3⃣	Symbols	keycap: 3	keycap
4️⃣	Symbols	keycap: 4	
4⃣	Symbols	keycap: 4	keycap
5️⃣	Symbols	keycap: 5	
5⃣	Symbols	keycap: 5	keycap
6️⃣	Symbols	keycap: 6	
6⃣	Symbols	keycap: 6	keycap
7️⃣	Symbols	keycap: 7	
7⃣	Symbols	keycap: 7	keycap
8️⃣	Symbols	keycap: 8	
8⃣	Symbols	keycap: 8	keycap
9️⃣	Symbols	keycap: 9	
9⃣	Symbols	keycap: 9	keycap
🔟	Symbols	keycap: 10	keycap
🔠	Symbols	input latin uppercase	abcd | input | latin | letters | uppercase | input latin uppercase | latin
🔡	Symbols	input latin lowercase	abcd | input | latin | letters | lowercase | input latin lowercase | latin
🔢	Symbols	input numbers	1234 | input | numbers
🔣	Symbols	input symbols	& | % | ♪ | 〒 | input | symbols
🔤	Symbols	input latin letters	abc | alphabet | input | latin | letters | input latin letters | latin
🅰️	Symbols	A button (blood type)	
🅰	Symbols	A button (blood type)	blood | button | type
🆎	Symbols	AB button (blood type)	ab | blood | button | type
🅱️	Symbols	B button (blood type)	
🅱	Symbols	B button (blood type)	b | blood | button | type
🆑	Symbols	CL button	button | cl
🆒	Symbols	COOL button	button | cool
🆓	Symbols	FREE button	button | free
ℹ️	Symbols	information	
ℹ	Symbols	information	i | information
🆔	Symbols	ID button	button | id | identity
Ⓜ️	Symbols	circled M	
Ⓜ	Symbols	circled M	circle | circled | m
🆕	Symbols	NEW button	button | new
🆖	Symbols	NG button	button | ng
🅾️	Symbols	O button (blood type)	
🅾	Symbols	O button (blood type)	blood | button | o | type
🆗	Symbols	OK button	button | ok | okay
🅿️	Symbols	P button	
🅿	Symbols	P button	button | p | parking | car park | carpark | p button
🆘	Symbols	SOS button	button | help | sos
🆙	Symbols	UP! button	button | mark | up | up!
🆚	Symbols	VS button	button | versus | vs
🈁	Symbols	Japanese “here” button	button | here | japanese | katakana
🈂️	Symbols	Japanese “service charge” button	
🈂	Symbols	Japanese “service charge” button	button | charge | japanese | katakana | service
🈷️	Symbols	Japanese “monthly amount” button	
🈷	Symbols	Japanese “monthly amount” button	amount | button | ideograph | japanese | monthly
🈶	Symbols	Japanese “not free of charge” button	button | charge | free | ideograph | japanese | not
🈯	Symbols	Japanese “reserved” button	button | ideograph | japanese | reserved
🉐	Symbols	Japanese “bargain” button	bargain | button | ideograph | japanese
🈹	Symbols	Japanese “discount” button	button | discount | ideograph | japanese
🈚	Symbols	Japanese “free of charge” button	button | charge | free | ideograph | japanese
🈲	Symbols	Japanese “prohibited” button	button | ideograph | japanese | prohibited
🉑	Symbols	Japanese “acceptable” button	acceptable | button | ideograph | japanese
🈸	Symbols	Japanese “application” button	application | button | ideograph | japanese
🈴	Symbols	Japanese “passing grade” button	button | grade | ideograph | japanese | passing
🈳	Symbols	Japanese “vacancy” button	button | ideograph | japanese | vacancy
㊗️	Symbols	Japanese “congratulations” button	
㊗	Symbols	Japanese “congratulations” button	button | congratulations | ideograph | japanese
㊙️	Symbols	Japanese “secret” button	
㊙	Symbols	Japanese “secret” button	button | ideograph | japanese | secret
🈺	Symbols	Japanese “open for business” button	business | button | ideograph | japanese | open
🈵	Symbols	Japanese “no vacancy” button	button | ideograph | japanese | no | vacancy
🔴	Symbols	red circle	circle | geometric | red
🟠	Symbols	orange circle	circle | orange
🟡	Symbols	yellow circle	circle | yellow
🟢	Symbols	green circle	circle | green
🔵	Symbols	blue circle	blue | circle | geometric
🟣	Symbols	purple circle	circle | purple
🟤	Symbols	brown circle	brown | circle
⚫	Symbols	black circle	black | circle | geometric
⚪	Symbols	white circle	circle | geometric | white
🟥	Symbols	red square	card | penalty | red | square
🟧	Symbols	orange square	orange | square
🟨	Symbols	yellow square	card | penalty | square | yellow
🟩	Symbols	green square	green | square
🟦	Symbols	blue square	blue | square
🟪	Symbols	purple square	purple | square
🟫	Symbols	brown square	brown | square
⬛	Symbols	black large square	black | geometric | large | square
⬜	Symbols	white large square	geometric | large | square | white
◼️	Symbols	black medium square	
◼	Symbols	black medium square	black | geometric | medium | square
◻️	Symbols	white medium square	
◻	Symbols	white medium square	geometric | medium | square | white
◾	Symbols	black medium-small square	black | geometric | medium-small | square
◽	Symbols	white medium-small square	geometric | medium-small | square | white
▪️	Symbols	black small square	
▪	Symbols	black small square	black | geometric | small | square
▫️	Symbols	white small square	
▫	Symbols	white small square	geometric | small | square | white
🔶	Symbols	large orange diamond	diamond | geometric | large | orange
🔷	Symbols	large blue diamond	blue | diamond | geometric | large
🔸	Symbols	small orange diamond	diamond | geometric | orange | small
🔹	Symbols	small blue diamond	blue | diamond | geometric | small
🔺	Symbols	red triangle pointed up	geometric | pointed | red | triangle | up
🔻	Symbols	red triangle pointed down	down | geometric | pointed | red | triangle
💠	Symbols	diamond with a dot	comic | diamond | dot | geometric
🔘	Symbols	radio button	button | geometric | radio
🔳	Symbols	white square button	button | geometric | outlined | square | white
🔲	Symbols	black square button	black | button | geometric | square
🏁	Flags	chequered flag	checkered | chequered | finish | flag | flags | game | race | racing | sport | win | checkered flag | chequered flag
🚩	Flags	triangular flag	construction | flag | golf | post | triangular | red flag | triangular flag
🎌	Flags	crossed flags	celebration | cross | crossed | flags | japanese
🏴	Flags	black flag	black | flag | waving
🏳️	Flags	white flag	
🏳	Flags	white flag	flag | waving | white | surrender | white flag
🏳️‍🌈	Flags	rainbow flag	
🏳‍🌈	Flags	rainbow flag	bisexual | flag | gay | genderqueer | glbt | glbtq | lesbian | lgbt | lgbtq | lgbtqia | pride | queer | rainbow | trans | transgender | lgbtq+
🏳️‍⚧️	Flags	transgender flag	
🏳‍⚧️	Flags	transgender flag	
🏳️‍⚧	Flags	transgender flag	
🏳‍⚧	Flags	transgender flag	blue | flag | light | pink | transgender | white | light blue | trans
🏴‍☠️	Flags	pirate flag	
🏴‍☠	Flags	pirate flag	flag | jolly | pirate | plunder | roger | treasure
🇦🇨	Flags	flag: Ascension Island	flag
🇦🇩	Flags	flag: Andorra	flag
🇦🇪	Flags	flag: United Arab Emirates	flag
🇦🇫	Flags	flag: Afghanistan	flag
🇦🇬	Flags	flag: Antigua & Barbuda	flag
🇦🇮	Flags	flag: Anguilla	flag
🇦🇱	Flags	flag: Albania	flag
🇦🇲	Flags	flag: Armenia	flag
🇦🇴	Flags	flag: Angola	flag
🇦🇶	Flags	flag: Antarctica	flag
🇦🇷	Flags	flag: Argentina	flag
🇦🇸	Flags	flag: American Samoa	flag
🇦🇹	Flags	flag: Austria	flag
🇦🇺	Flags	flag: Australia	flag
🇦🇼	Flags	flag: Aruba	flag
🇦🇽	Flags	flag: Åland Islands	flag
🇦🇿	Flags	flag: Azerbaijan	flag
🇧🇦	Flags	flag: Bosnia & Herzegovina	flag
🇧🇧	Flags	flag: Barbados	flag
🇧🇩	Flags	flag: Bangladesh	flag
🇧🇪	Flags	flag: Belgium	flag
🇧🇫	Flags	flag: Burkina Faso	flag
🇧🇬	Flags	flag: Bulgaria	flag
🇧🇭	Flags	flag: Bahrain	flag
🇧🇮	Flags	flag: Burundi	flag
🇧🇯	Flags	flag: Benin	flag
🇧🇱	Flags	flag: St. Barthélemy	flag
🇧🇲	Flags	flag: Bermuda	flag
🇧🇳	Flags	flag: Brunei	flag
🇧🇴	Flags	flag: Bolivia	flag
🇧🇶	Flags	flag: Caribbean Netherlands	flag
🇧🇷	Flags	flag: Brazil	flag
🇧🇸	Flags	flag: Bahamas	flag
🇧🇹	Flags	flag: Bhutan	flag
🇧🇻	Flags	flag: Bouvet Island	flag
🇧🇼	Flags	flag: Botswana	flag
🇧🇾	Flags	flag: Belarus	flag
🇧🇿	Flags	flag: Belize	flag
🇨🇦	Flags	flag: Canada	flag
🇨🇨	Flags	flag: Cocos (Keeling) Islands	flag
🇨🇩	Flags	flag: Congo - Kinshasa	flag
🇨🇫	Flags	flag: Central African Republic	flag
🇨🇬	Flags	flag: Congo - Brazzaville	flag
🇨🇭	Flags	flag: Switzerland	flag
🇨🇮	Flags	flag: Côte d’Ivoire	flag
🇨🇰	Flags	flag: Cook Islands	flag
🇨🇱	Flags	flag: Chile	flag
🇨🇲	Flags	flag: Cameroon	flag
🇨🇳	Flags	flag: China	flag
🇨🇴	Flags	flag: Colombia	flag
🇨🇵	Flags	flag: Clipperton Island	flag
🇨🇶	Flags	flag: Sark	flag
🇨🇷	Flags	flag: Costa Rica	flag
🇨🇺	Flags	flag: Cuba	flag
🇨🇻	Flags	flag: Cape Verde	flag
🇨🇼	Flags	flag: Curaçao	flag
🇨🇽	Flags	flag: Christmas Island	flag
🇨🇾	Flags	flag: Cyprus	flag
🇨🇿	Flags	flag: Czechia	flag
🇩🇪	Flags	flag: Germany	flag
🇩🇬	Flags	flag: Diego Garcia	flag
🇩🇯	Flags	flag: Djibouti	flag
🇩🇰	Flags	flag: Denmark	flag
🇩🇲	Flags	flag: Dominica	flag
🇩🇴	Flags	flag: Dominican Republic	flag
🇩🇿	Flags	flag: Algeria	flag
🇪🇦	Flags	flag: Ceuta & Melilla	flag
🇪🇨	Flags	flag: Ecuador	flag
🇪🇪	Flags	flag: Estonia	flag
🇪🇬	Flags	flag: Egypt	flag
🇪🇭	Flags	flag: Western Sahara	flag
🇪🇷	Flags	flag: Eritrea	flag
🇪🇸	Flags	flag: Spain	flag
🇪🇹	Flags	flag: Ethiopia	flag
🇪🇺	Flags	flag: European Union	flag
🇫🇮	Flags	flag: Finland	flag
🇫🇯	Flags	flag: Fiji	flag
🇫🇰	Flags	flag: Falkland Islands	flag
🇫🇲	Flags	flag: Micronesia	flag
🇫🇴	Flags	flag: Faroe Islands	flag
🇫🇷	Flags	flag: France	flag
🇬🇦	Flags	flag: Gabon	flag
🇬🇧	Flags	flag: United Kingdom	flag
🇬🇩	Flags	flag: Grenada	flag
🇬🇪	Flags	flag: Georgia	flag
🇬🇫	Flags	flag: French Guiana	flag
🇬🇬	Flags	flag: Guernsey	flag
🇬🇭	Flags	flag: Ghana	flag
🇬🇮	Flags	flag: Gibraltar	flag
🇬🇱	Flags	flag: Greenland	flag
🇬🇲	Flags	flag: Gambia	flag
🇬🇳	Flags	flag: Guinea	flag
🇬🇵	Flags	flag: Guadeloupe	flag
🇬🇶	Flags	flag: Equatorial Guinea	flag
🇬🇷	Flags	flag: Greece	flag
🇬🇸	Flags	flag: South Georgia & South Sandwich Islands	flag
🇬🇹	Flags	flag: Guatemala	flag
🇬🇺	Flags	flag: Guam	flag
🇬🇼	Flags	flag: Guinea-Bissau	flag
🇬🇾	Flags	flag: Guyana	flag
🇭🇰	Flags	flag: Hong Kong SAR China	flag
🇭🇲	Flags	flag: Heard & McDonald Islands	flag
🇭🇳	Flags	flag: Honduras	flag
🇭🇷	Flags	flag: Croatia	flag
🇭🇹	Flags	flag: Haiti	flag
🇭🇺	Flags	flag: Hungary	flag
🇮🇨	Flags	flag: Canary Islands	flag
🇮🇩	Flags	flag: Indonesia	flag
🇮🇪	Flags	flag: Ireland	flag
🇮🇱	Flags	flag: Israel	flag
🇮🇲	Flags	flag: Isle of Man	flag
🇮🇳	Flags	flag: India	flag
🇮🇴	Flags	flag: British Indian Ocean Territory	flag
🇮🇶	Flags	flag: Iraq	flag
🇮🇷	Flags	flag: Iran	flag
🇮🇸	Flags	flag: Iceland	flag
🇮🇹	Flags	flag: Italy	flag
🇯🇪	Flags	flag: Jersey	flag
🇯🇲	Flags	flag: Jamaica	flag
🇯🇴	Flags	flag: Jordan	flag
🇯🇵	Flags	flag: Japan	flag
🇰🇪	Flags	flag: Kenya	flag
🇰🇬	Flags	flag: Kyrgyzstan	flag
🇰🇭	Flags	flag: Cambodia	flag
🇰🇮	Flags	flag: Kiribati	flag
🇰🇲	Flags	flag: Comoros	flag
🇰🇳	Flags	flag: St. Kitts & Nevis	flag
🇰🇵	Flags	flag: North Korea	flag
🇰🇷	Flags	flag: South Korea	flag
🇰🇼	Flags	flag: Kuwait	flag
🇰🇾	Flags	flag: Cayman Islands	flag
🇰🇿	Flags	flag: Kazakhstan	flag
🇱🇦	Flags	flag: Laos	flag
🇱🇧	Flags	flag: Lebanon	flag
🇱🇨	Flags	flag: St. Lucia	flag
🇱🇮	Flags	flag: Liechtenstein	flag
🇱🇰	Flags	flag: Sri Lanka	flag
🇱🇷	Flags	flag: Liberia	flag
🇱🇸	Flags	flag: Lesotho	flag
🇱🇹	Flags	flag: Lithuania	flag
🇱🇺	Flags	flag: Luxembourg	flag
🇱🇻	Flags	flag: Latvia	flag
🇱🇾	Flags	flag: Libya	flag
🇲🇦	Flags	flag: Morocco	flag
🇲🇨	Flags	flag: Monaco	flag
🇲🇩	Flags	flag: Moldova	flag
🇲🇪	Flags	flag: Montenegro	flag
🇲🇫	Flags	flag: St. Martin	flag
🇲🇬	Flags	flag: Madagascar	flag
🇲🇭	Flags	flag: Marshall Islands	flag
🇲🇰	Flags	flag: North Macedonia	flag
🇲🇱	Flags	flag: Mali	flag
🇲🇲	Flags	flag: Myanmar (Burma)	flag
🇲🇳	Flags	flag: Mongolia	flag
🇲🇴	Flags	flag: Macao SAR China	flag
🇲🇵	Flags	flag: Northern Mariana Islands	flag
🇲🇶	Flags	flag: Martinique	flag
🇲🇷	Flags	flag: Mauritania	flag
🇲🇸	Flags	flag: Montserrat	flag
🇲🇹	Flags	flag: Malta	flag
🇲🇺	Flags	flag: Mauritius	flag
🇲🇻	Flags	flag: Maldives	flag
🇲🇼	Flags	flag: Malawi	flag
🇲🇽	Flags	flag: Mexico	flag
🇲🇾	Flags	flag: Malaysia	flag
🇲🇿	Flags	flag: Mozambique	flag
🇳🇦	Flags	flag: Namibia	flag
🇳🇨	Flags	flag: New Caledonia	flag
🇳🇪	Flags	flag: Niger	flag
🇳🇫	Flags	flag: Norfolk Island	flag
🇳🇬	Flags	flag: Nigeria	flag
🇳🇮	Flags	flag: Nicaragua	flag
🇳🇱	Flags	flag: Netherlands	flag
🇳🇴	Flags	flag: Norway	flag
🇳🇵	Flags	flag: Nepal	flag
🇳🇷	Flags	flag: Nauru	flag
🇳🇺	Flags	flag: Niue	flag
🇳🇿	Flags	flag: New Zealand	flag
🇴🇲	Flags	flag: Oman	flag
🇵🇦	Flags	flag: Panama	flag
🇵🇪	Flags	flag: Peru	flag
🇵🇫	Flags	flag: French Polynesia	flag
🇵🇬	Flags	flag: Papua New Guinea	flag
🇵🇭	Flags	flag: Philippines	flag
🇵🇰	Flags	flag: Pakistan	flag
🇵🇱	Flags	flag: Poland	flag
🇵🇲	Flags	flag: St. Pierre & Miquelon	flag
🇵🇳	Flags	flag: Pitcairn Islands	flag
🇵🇷	Flags	flag: Puerto Rico	flag
🇵🇸	Flags	flag: Palestinian Territories	flag
🇵🇹	Flags	flag: Portugal	flag
🇵🇼	Flags	flag: Palau	flag
🇵🇾	Flags	flag: Paraguay	flag
🇶🇦	Flags	flag: Qatar	flag
🇷🇪	Flags	flag: Réunion	flag
🇷🇴	Flags	flag: Romania	flag
🇷🇸	Flags	flag: Serbia	flag
🇷🇺	Flags	flag: Russia	flag
🇷🇼	Flags	flag: Rwanda	flag
🇸🇦	Flags	flag: Saudi Arabia	flag
🇸🇧	Flags	flag: Solomon Islands	flag
🇸🇨	Flags	flag: Seychelles	flag
🇸🇩	Flags	flag: Sudan	flag
🇸🇪	Flags	flag: Sweden	flag
🇸🇬	Flags	flag: Singapore	flag
🇸🇭	Flags	flag: St. Helena	flag
🇸🇮	Flags	flag: Slovenia	flag
🇸🇯	Flags	flag: Svalbard & Jan Mayen	flag
🇸🇰	Flags	flag: Slovakia	flag
🇸🇱	Flags	flag: Sierra Leone	flag
🇸🇲	Flags	flag: San Marino	flag
🇸🇳	Flags	flag: Senegal	flag
🇸🇴	Flags	flag: Somalia	flag
🇸🇷	Flags	flag: Suriname	flag
🇸🇸	Flags	flag: South Sudan	flag
🇸🇹	Flags	flag: São Tomé & Príncipe	flag
🇸🇻	Flags	flag: El Salvador	flag
🇸🇽	Flags	flag: Sint Maarten	flag
🇸🇾	Flags	flag: Syria	flag
🇸🇿	Flags	flag: Eswatini	flag
🇹🇦	Flags	flag: Tristan da Cunha	flag
🇹🇨	Flags	flag: Turks & Caicos Islands	flag
🇹🇩	Flags	flag: Chad	flag
🇹🇫	Flags	flag: French Southern Territories	flag
🇹🇬	Flags	flag: Togo	flag
🇹🇭	Flags	flag: Thailand	flag
🇹🇯	Flags	flag: Tajikistan	flag
🇹🇰	Flags	flag: Tokelau	flag
🇹🇱	Flags	flag: Timor-Leste	flag
🇹🇲	Flags	flag: Turkmenistan	flag
🇹🇳	Flags	flag: Tunisia	flag
🇹🇴	Flags	flag: Tonga	flag
🇹🇷	Flags	flag: Türkiye	flag
🇹🇹	Flags	flag: Trinidad & Tobago	flag
🇹🇻	Flags	flag: Tuvalu	flag
🇹🇼	Flags	flag: Taiwan	flag
🇹🇿	Flags	flag: Tanzania	flag
🇺🇦	Flags	flag: Ukraine	flag
🇺🇬	Flags	flag: Uganda	flag
🇺🇲	Flags	flag: U.S. Outlying Islands	flag
🇺🇳	Flags	flag: United Nations	flag
🇺🇸	Flags	flag: United States	flag
🇺🇾	Flags	flag: Uruguay	flag
🇺🇿	Flags	flag: Uzbekistan	flag
🇻🇦	Flags	flag: Vatican City	flag
🇻🇨	Flags	flag: St. Vincent & Grenadines	flag
🇻🇪	Flags	flag: Venezuela	flag
🇻🇬	Flags	flag: British Virgin Islands	flag
🇻🇮	Flags	flag: U.S. Virgin Islands	flag
🇻🇳	Flags	flag: Vietnam	flag
🇻🇺	Flags	flag: Vanuatu	flag
🇼🇫	Flags	flag: Wallis & Futuna	flag
🇼🇸	Flags	flag: Samoa	flag
🇽🇰	Flags	flag: Kosovo	flag
🇾🇪	Flags	flag: Yemen	flag
🇾🇹	Flags	flag: Mayotte	flag
🇿🇦	Flags	flag: South Africa	flag
🇿🇲	Flags	flag: Zambia	flag
🇿🇼	Flags	flag: Zimbabwe	flag
🏴󠁧󠁢󠁥󠁮󠁧󠁿	Flags	flag: England	flag
🏴󠁧󠁢󠁳󠁣󠁴󠁿	Flags	flag: Scotland	flag
🏴󠁧󠁢󠁷󠁬󠁳󠁿	Flags	flag: Wales	flag
